host,url,score,http_status,raisons,tech
connect-partenaires-externes-qua.natixis.com,https://connect-partenaires-externes-qua.natixis.com/my.policy,13,200,fingerprint_produit(+8) | flux_auth,"F5 BigIP,HSTS"
connect-rt.natixis.com,https://connect-rt.natixis.com/my.policy,13,200,fingerprint_produit(+8) | flux_auth,"F5 BigIP,HSTS"
copernicsms.natixis.com,https://copernicsms.natixis.com/my.policy,13,200,fingerprint_produit(+8) | flux_auth,"F5 BigIP,HSTS"
litiges.pama.natixis.com,https://litiges.pama.natixis.com/vdesk/hangup.php3,13,200,fingerprint_produit(+8) | flux_auth,"F5 BigIP,HSTS"
payment-online-services.qua.natixis.com,https://payment-online-services.qua.natixis.com/my.policy,13,200,fingerprint_produit(+8) | flux_auth,HSTS
www.payplug.com,https://www.payplug.com/activate/instore-payment,12,200,flux_auth | mouvement_argent | verbe_state_changing_en_GET,"AddToAny,Bootstrap,Cloudflare,EWWW Image Optimizer,Google PageSpeed:1.13.35.2,Google Tag Manager,HSTS,HubSpot,MySQL,PHP,Popper:2,Redux Framework:4.4.5,Site Kit:1.183.0,Tippy.js:6,Unpkg,WordPress,jQuery"
www.payplug.com,https://www.payplug.com/activate/secure-payment,12,200,flux_auth | mouvement_argent | verbe_state_changing_en_GET,"AddToAny,Bootstrap,Cloudflare,EWWW Image Optimizer,Google PageSpeed:1.13.35.2,Google Tag Manager,HSTS,HubSpot,MySQL,PHP,Popper:2,Redux Framework:4.4.5,Site Kit:1.183.0,Tippy.js:6,Unpkg,WordPress,jQuery"
www.payplug.com,https://www.payplug.com/fr/activate/paiement-securise,12,429,flux_auth | mouvement_argent | verbe_state_changing_en_GET,"Cloudflare,HSTS"
www.payplug.com,https://www.payplug.com/fr/activate/paiement-en-ligne,12,200,flux_auth | mouvement_argent | verbe_state_changing_en_GET,"AddToAny,Bootstrap,Cloudflare,EWWW Image Optimizer,Google PageSpeed:1.13.35.2,Google Tag Manager,HSTS,HubSpot,MySQL,PHP,Popper:2,Redux Framework:4.4.5,Site Kit:1.183.0,Tippy.js:6,Unpkg,WordPress,jQuery"
www.payplug.com,https://www.payplug.com/fr/activate/paiement-omnicanal,12,200,flux_auth | mouvement_argent | verbe_state_changing_en_GET,"AddToAny,Bootstrap,Cloudflare,EWWW Image Optimizer,Google PageSpeed:1.13.35.2,Google Tag Manager,HSTS,HubSpot,MySQL,PHP,Redux Framework:4.4.5,Site Kit:1.183.0,WordPress,jQuery"
www.payplug.com,https://www.payplug.com/fr/activate/paiement-en-magasin,12,200,flux_auth | mouvement_argent | verbe_state_changing_en_GET,"AddToAny,Bootstrap,Cloudflare,EWWW Image Optimizer,Google PageSpeed:1.13.35.2,Google Tag Manager,HSTS,HubSpot,MySQL,PHP,Popper:2,Redux Framework:4.4.5,Site Kit:1.183.0,Tippy.js:6,Unpkg,WordPress,jQuery"
www.payplug.com,https://www.payplug.com/activate/online-payment,12,200,flux_auth | mouvement_argent | verbe_state_changing_en_GET,"AddToAny,Bootstrap,Cloudflare,EWWW Image Optimizer,Google PageSpeed:1.13.35.2,Google Tag Manager,HSTS,HubSpot,MySQL,PHP,Popper:2,Redux Framework:4.4.5,Site Kit:1.183.0,Tippy.js:6,Unpkg,WordPress,jQuery"
www.payplug.com,https://www.payplug.com/activate/omnichannel-payment,12,200,flux_auth | mouvement_argent | verbe_state_changing_en_GET,"AddToAny,Bootstrap,Cloudflare,EWWW Image Optimizer,Google PageSpeed:1.13.35.2,Google Tag Manager,HSTS,HubSpot,MySQL,PHP,Popper:2,Redux Framework:4.4.5,Site Kit:1.183.0,Tippy.js:6,Unpkg,WordPress,jQuery"
www.bred.vu,https://www.bred.vu/feed?attachment_id=1916,11,200,id_non_derive_session(+6) | flux_auth | hors_cible_de_lancement:vega-is.com | sonde: 0 reponse 200 exploitable sur 3 id -> indetermine,"Cloudflare,Cloudflare Bot Management,HSTS,HTTP/3,Kinsta,MySQL,PHP,Polylang,WordPress"
www.bred.vu,https://www.bred.vu/feed?attachment_id=1893,11,200,id_non_derive_session(+6) | flux_auth | hors_cible_de_lancement:vega-is.com | sonde: 0 reponse 200 exploitable sur 3 id -> indetermine,"Cloudflare,Cloudflare Bot Management,HSTS,HTTP/3,Kinsta,MySQL,PHP,Polylang,WordPress"
www.lepouvoirdenousengager.fr,https://www.lepouvoirdenousengager.fr/visualiser/partage/2018/associations/handicap-international,11,200,id_non_derive_session(+6) | flux_auth | hors_cible_de_lancement:vega-is.com | sonde: 0 reponse 200 exploitable sur 4 id -> indetermine,"Apache HTTP Server,Node.js,Nuxt.js,Varnish,Vue.js"
www.lepouvoirdenousengager.fr,https://www.lepouvoirdenousengager.fr/visualiser/partage/2019/associations/institut-pasteur,11,200,id_non_derive_session(+6) | flux_auth | hors_cible_de_lancement:vega-is.com,"Apache HTTP Server,Node.js,Nuxt.js,Varnish:6.0,Vue.js"
www.lepouvoirdenousengager.fr,https://www.lepouvoirdenousengager.fr/visualiser/partage/2018/associations/solidarites-nouvelles-pour-le-logement,11,200,id_non_derive_session(+6) | flux_auth | hors_cible_de_lancement:vega-is.com,"Apache HTTP Server,Node.js,Nuxt.js,Varnish:6.0,Vue.js"
www.lepouvoirdenousengager.fr,https://www.lepouvoirdenousengager.fr/visualiser/partage/2019/associations/fondation-saint-matthieu,11,200,id_non_derive_session(+6) | flux_auth | hors_cible_de_lancement:vega-is.com,"Apache HTTP Server,Node.js,Nuxt.js,Varnish:6.0,Vue.js"
www.lepouvoirdenousengager.fr,https://www.lepouvoirdenousengager.fr/visualiser/partage/2019/associations/france-active,11,200,id_non_derive_session(+6) | flux_auth | hors_cible_de_lancement:vega-is.com,"Apache HTTP Server,Node.js,Nuxt.js,Varnish:6.0,Vue.js"
www.lepouvoirdenousengager.fr,https://www.lepouvoirdenousengager.fr/visualiser/partage/2019/associations/france-active-aquitaine,11,200,id_non_derive_session(+6) | flux_auth | hors_cible_de_lancement:vega-is.com,"Apache HTTP Server,Node.js,Nuxt.js,Varnish:6.0,Vue.js"
www.lepouvoirdenousengager.fr,https://www.lepouvoirdenousengager.fr/visualiser/partage/2019/associations/energies-pour-le-monde,11,200,id_non_derive_session(+6) | flux_auth | hors_cible_de_lancement:vega-is.com,"Apache HTTP Server,Node.js,Nuxt.js,Varnish:6.0,Vue.js"
www.lepouvoirdenousengager.fr,https://www.lepouvoirdenousengager.fr/visualiser/partage/2019/associations/ccfd-terre-solidaire,11,200,id_non_derive_session(+6) | flux_auth | hors_cible_de_lancement:vega-is.com,"Apache HTTP Server,Node.js,Nuxt.js,Varnish:6.0,Vue.js"
www.lepouvoirdenousengager.fr,https://www.lepouvoirdenousengager.fr/visualiser/partage/2020/produits/livret-agir,11,200,id_non_derive_session(+6) | flux_auth | hors_cible_de_lancement:vega-is.com,"Apache HTTP Server,Node.js,Nuxt.js,Varnish:6.0,Vue.js"
www.lepouvoirdenousengager.fr,https://www.lepouvoirdenousengager.fr/visualiser/partage/2018/produits/carte-agir,11,200,id_non_derive_session(+6) | flux_auth | hors_cible_de_lancement:vega-is.com,"Apache HTTP Server,Node.js,Nuxt.js,Varnish:6.0,Vue.js"
www.lepouvoirdenousengager.fr,https://www.lepouvoirdenousengager.fr/visualiser/partage/2018/produits/livret-a-comme-agir,11,200,id_non_derive_session(+6) | flux_auth | hors_cible_de_lancement:vega-is.com,"Apache HTTP Server,Node.js,Nuxt.js,Varnish:6.0,Vue.js"
www.lepouvoirdenousengager.fr,https://www.lepouvoirdenousengager.fr/visualiser/partage/2019/associations/association-franc-comtoise-du-chemin-de-compostelle,11,200,id_non_derive_session(+6) | flux_auth | hors_cible_de_lancement:vega-is.com,"Apache HTTP Server,Node.js,Nuxt.js,Varnish:6.0,Vue.js"
www.lepouvoirdenousengager.fr,https://www.lepouvoirdenousengager.fr/visualiser/tracabilite/2020/produits/livret-rev3/montant,11,200,id_non_derive_session(+6) | mouvement_argent | hors_cible_de_lancement:vega-is.com,"Apache HTTP Server,Node.js,Nuxt.js,Varnish,Vue.js"
www.lepouvoirdenousengager.fr,https://www.lepouvoirdenousengager.fr/visualiser/partage/2020/associations/ligue-des-droits-de-l-homme,11,200,id_non_derive_session(+6) | flux_auth | hors_cible_de_lancement:vega-is.com | sonde: 0 reponse 200 exploitable sur 4 id -> indetermine,"Apache HTTP Server,Node.js,Nuxt.js,Varnish:6.0,Vue.js"
www.lepouvoirdenousengager.fr,https://www.lepouvoirdenousengager.fr/visualiser/partage/2020/associations/association-franc-comtoise-du-chemin-de-compostelle,11,200,id_non_derive_session(+6) | flux_auth | hors_cible_de_lancement:vega-is.com,"Apache HTTP Server,Node.js,Nuxt.js,Varnish:6.0,Vue.js"
www.lepouvoirdenousengager.fr,https://www.lepouvoirdenousengager.fr/visualiser/partage/2019/associations/medecins-du-monde,11,200,id_non_derive_session(+6) | flux_auth | hors_cible_de_lancement:vega-is.com,"Apache HTTP Server,Node.js,Nuxt.js,Varnish:6.0,Vue.js"
www.lepouvoirdenousengager.fr,https://www.lepouvoirdenousengager.fr/visualiser/tracabilite/2019/produits/livret-agir-fondations/montant,11,200,id_non_derive_session(+6) | mouvement_argent | hors_cible_de_lancement:vega-is.com,"Apache HTTP Server,Node.js,Nuxt.js,Varnish:6.0,Vue.js"
www.lepouvoirdenousengager.fr,https://www.lepouvoirdenousengager.fr/visualiser/partage/2021/associations/handicap-international,11,200,id_non_derive_session(+6) | flux_auth | hors_cible_de_lancement:vega-is.com | sonde: 0 reponse 200 exploitable sur 4 id -> indetermine,"Apache HTTP Server,Node.js,Nuxt.js,Varnish:6.0,Vue.js"
www.lepouvoirdenousengager.fr,https://www.lepouvoirdenousengager.fr/visualiser/tracabilite/2020/produits/livret-agir-fondations/montant,11,200,id_non_derive_session(+6) | mouvement_argent | hors_cible_de_lancement:vega-is.com,"Apache HTTP Server,Node.js,Nuxt.js,Varnish:6.0,Vue.js"
www.lepouvoirdenousengager.fr,https://www.lepouvoirdenousengager.fr/visualiser/partage/2018/associations/medecins-sans-frontieres,11,200,id_non_derive_session(+6) | flux_auth | hors_cible_de_lancement:vega-is.com,"Apache HTTP Server,Node.js,Nuxt.js,Varnish:6.0,Vue.js"
www.lepouvoirdenousengager.fr,https://www.lepouvoirdenousengager.fr/visualiser/partage/2021/associations/premiere-urgence-internationale,11,200,id_non_derive_session(+6) | flux_auth | hors_cible_de_lancement:vega-is.com,"Apache HTTP Server,Node.js,Nuxt.js,Varnish:6.0,Vue.js"
www.lepouvoirdenousengager.fr,https://www.lepouvoirdenousengager.fr/visualiser/tracabilite/2021/produits/compte-agir/projets,11,200,id_non_derive_session(+6) | flux_auth | hors_cible_de_lancement:vega-is.com,"Apache HTTP Server,Node.js,Nuxt.js,Varnish,Vue.js"
www.lepouvoirdenousengager.fr,https://www.lepouvoirdenousengager.fr/visualiser/tracabilite/2021/produits/livret-cooperation-pour-ma-region/montant,11,200,id_non_derive_session(+6) | mouvement_argent | hors_cible_de_lancement:vega-is.com,"Apache HTTP Server,Node.js,Nuxt.js,Varnish:6.0,Vue.js"
www.lepouvoirdenousengager.fr,https://www.lepouvoirdenousengager.fr/visualiser/partage/2020/associations/aide-et-action,11,200,id_non_derive_session(+6) | flux_auth | hors_cible_de_lancement:vega-is.com,"Apache HTTP Server,Node.js,Nuxt.js,Varnish:6.0,Vue.js"
www.lepouvoirdenousengager.fr,https://www.lepouvoirdenousengager.fr/visualiser/partage/2021/produits/livret-solidaire-associations,11,200,id_non_derive_session(+6) | flux_auth | hors_cible_de_lancement:vega-is.com,"Apache HTTP Server,Node.js,Nuxt.js,Varnish:6.0,Vue.js"
www.lepouvoirdenousengager.fr,https://www.lepouvoirdenousengager.fr/visualiser/partage/2020/associations/fondation-abbe-pierre,11,200,id_non_derive_session(+6) | flux_auth | hors_cible_de_lancement:vega-is.com,"Apache HTTP Server,Node.js,Nuxt.js,Varnish:6.0,Vue.js"
www.lepouvoirdenousengager.fr,https://www.lepouvoirdenousengager.fr/visualiser/partage/2021/associations/ccfd-terre-solidaire,11,200,id_non_derive_session(+6) | flux_auth | hors_cible_de_lancement:vega-is.com,"Apache HTTP Server,Node.js,Nuxt.js,Varnish:6.0,Vue.js"
www.lepouvoirdenousengager.fr,https://www.lepouvoirdenousengager.fr/visualiser/partage/2020/associations/handicap-international,11,200,id_non_derive_session(+6) | flux_auth | hors_cible_de_lancement:vega-is.com | sonde: 0 reponse 200 exploitable sur 4 id -> indetermine,"Apache HTTP Server,Node.js,Nuxt.js,Varnish:6.0,Vue.js"
www.lepouvoirdenousengager.fr,https://www.lepouvoirdenousengager.fr/visualiser/partage/2021/produits/livret-a-comme-agir,11,200,id_non_derive_session(+6) | flux_auth | hors_cible_de_lancement:vega-is.com,"Apache HTTP Server,Node.js,Nuxt.js,Varnish:6.0,Vue.js"
www.lepouvoirdenousengager.fr,https://www.lepouvoirdenousengager.fr/visualiser/partage/2018/associations/unicef,11,200,id_non_derive_session(+6) | flux_auth | hors_cible_de_lancement:vega-is.com,"Apache HTTP Server,Node.js,Nuxt.js,Varnish:6.0,Vue.js"
www.lepouvoirdenousengager.fr,https://www.lepouvoirdenousengager.fr/visualiser/partage/2019/associations/sos-villages-d-enfants,11,200,id_non_derive_session(+6) | flux_auth | hors_cible_de_lancement:vega-is.com,"Apache HTTP Server,Node.js,Nuxt.js,Varnish,Vue.js"
www.lepouvoirdenousengager.fr,https://www.lepouvoirdenousengager.fr/visualiser/partage/2018/associations/france-active,11,200,id_non_derive_session(+6) | flux_auth | hors_cible_de_lancement:vega-is.com,"Apache HTTP Server,Node.js,Nuxt.js,Varnish:6.0,Vue.js"
www.lepouvoirdenousengager.fr,https://www.lepouvoirdenousengager.fr/visualiser/partage/2021/associations/france-active,11,200,id_non_derive_session(+6) | flux_auth | hors_cible_de_lancement:vega-is.com,"Apache HTTP Server,Node.js,Nuxt.js,Varnish:6.0,Vue.js"
www.lepouvoirdenousengager.fr,https://www.lepouvoirdenousengager.fr/visualiser/partage/2019/associations/apf-france-handicap,11,200,id_non_derive_session(+6) | flux_auth | hors_cible_de_lancement:vega-is.com,"Apache HTTP Server,Node.js,Nuxt.js,Varnish:6.0,Vue.js"
www.lepouvoirdenousengager.fr,https://www.lepouvoirdenousengager.fr/visualiser/partage/2020/associations/unicef,11,200,id_non_derive_session(+6) | flux_auth | hors_cible_de_lancement:vega-is.com,"Apache HTTP Server,Node.js,Nuxt.js,Varnish:6.0,Vue.js"
www.lepouvoirdenousengager.fr,https://www.lepouvoirdenousengager.fr/visualiser/partage/2018/associations/electriciens-sans-frontieres,11,200,id_non_derive_session(+6) | flux_auth | hors_cible_de_lancement:vega-is.com,"Apache HTTP Server,Node.js,Nuxt.js,Varnish:6.0,Vue.js"
www.lepouvoirdenousengager.fr,https://www.lepouvoirdenousengager.fr/visualiser/partage/2018/associations/solidarites-international,11,200,id_non_derive_session(+6) | flux_auth | hors_cible_de_lancement:vega-is.com,"Apache HTTP Server,Node.js,Nuxt.js,Varnish:6.0,Vue.js"
www.lepouvoirdenousengager.fr,https://www.lepouvoirdenousengager.fr/visualiser/partage/2018/produits/livret-solidaire-associations,11,200,id_non_derive_session(+6) | flux_auth | hors_cible_de_lancement:vega-is.com,"Apache HTTP Server,Node.js,Nuxt.js,Varnish:6.0,Vue.js"
www.lepouvoirdenousengager.fr,https://www.lepouvoirdenousengager.fr/visualiser/partage/2018/associations/aides,11,200,id_non_derive_session(+6) | flux_auth | hors_cible_de_lancement:vega-is.com,"Apache HTTP Server,Node.js,Nuxt.js,Varnish:6.0,Vue.js"
www.lepouvoirdenousengager.fr,https://www.lepouvoirdenousengager.fr/visualiser/tracabilite/2018/produits/livret-rev3/montant,11,200,id_non_derive_session(+6) | mouvement_argent | hors_cible_de_lancement:vega-is.com,"Apache HTTP Server,Node.js,Nuxt.js,Varnish:6.0,Vue.js"
www.lepouvoirdenousengager.fr,https://www.lepouvoirdenousengager.fr/visualiser/partage/2019/associations/presol,11,200,id_non_derive_session(+6) | flux_auth | hors_cible_de_lancement:vega-is.com,"Apache HTTP Server,Node.js,Nuxt.js,Varnish:6.0,Vue.js"
www.lepouvoirdenousengager.fr,https://www.lepouvoirdenousengager.fr/visualiser/partage/2019/associations/france-terre-d-asile,11,200,id_non_derive_session(+6) | flux_auth | hors_cible_de_lancement:vega-is.com,"Apache HTTP Server,Node.js,Nuxt.js,Varnish,Vue.js"
www.lepouvoirdenousengager.fr,https://www.lepouvoirdenousengager.fr/visualiser/partage/2019/associations/unicef,11,200,id_non_derive_session(+6) | flux_auth | hors_cible_de_lancement:vega-is.com,"Apache HTTP Server,Node.js,Nuxt.js,Varnish:6.0,Vue.js"
www.lepouvoirdenousengager.fr,https://www.lepouvoirdenousengager.fr/visualiser/partage/2019/produits/livret-a-comme-agir,11,200,id_non_derive_session(+6) | flux_auth | hors_cible_de_lancement:vega-is.com,"Apache HTTP Server,Node.js,Nuxt.js,Varnish:6.0,Vue.js"
www.lepouvoirdenousengager.fr,https://www.lepouvoirdenousengager.fr/visualiser/partage/2019/produits/livret-solidaire-associations,11,200,id_non_derive_session(+6) | flux_auth | hors_cible_de_lancement:vega-is.com,"Apache HTTP Server,Node.js,Nuxt.js,Varnish,Vue.js"
www.lepouvoirdenousengager.fr,https://www.lepouvoirdenousengager.fr/visualiser/partage/2020/associations/ccfd-terre-solidaire,11,200,id_non_derive_session(+6) | flux_auth | hors_cible_de_lancement:vega-is.com,"Apache HTTP Server,Node.js,Nuxt.js,Varnish:6.0,Vue.js"
www.lepouvoirdenousengager.fr,https://www.lepouvoirdenousengager.fr/visualiser/partage/2020/associations/france-active,11,200,id_non_derive_session(+6) | flux_auth | hors_cible_de_lancement:vega-is.com,"Apache HTTP Server,Node.js,Nuxt.js,Varnish:6.0,Vue.js"
www.lepouvoirdenousengager.fr,https://www.lepouvoirdenousengager.fr/visualiser/partage/2018/associations/atd-quart-monde,11,200,id_non_derive_session(+6) | flux_auth | hors_cible_de_lancement:vega-is.com,"Apache HTTP Server,Node.js,Nuxt.js,Varnish:6.0,Vue.js"
www.lepouvoirdenousengager.fr,https://www.lepouvoirdenousengager.fr/visualiser/partage/2020/associations/premiere-urgence-internationale,11,200,id_non_derive_session(+6) | flux_auth | hors_cible_de_lancement:vega-is.com,"Apache HTTP Server,Node.js,Nuxt.js,Varnish:6.0,Vue.js"
www.lepouvoirdenousengager.fr,https://www.lepouvoirdenousengager.fr/visualiser/partage/2020/produits/livret-solidaire-associations,11,200,id_non_derive_session(+6) | flux_auth | hors_cible_de_lancement:vega-is.com,"Apache HTTP Server,Node.js,Nuxt.js,Varnish:6.0,Vue.js"
www.lepouvoirdenousengager.fr,https://www.lepouvoirdenousengager.fr/visualiser/partage/2021/associations/aide-et-action,11,200,id_non_derive_session(+6) | flux_auth | hors_cible_de_lancement:vega-is.com,"Apache HTTP Server,Node.js,Nuxt.js,Varnish:6.0,Vue.js"
www.lepouvoirdenousengager.fr,https://www.lepouvoirdenousengager.fr/visualiser/partage/2020/produits/livret-a-comme-agir,11,200,id_non_derive_session(+6) | flux_auth | hors_cible_de_lancement:vega-is.com,"Apache HTTP Server,Node.js,Nuxt.js,Varnish:6.0,Vue.js"
www.lepouvoirdenousengager.fr,https://www.lepouvoirdenousengager.fr/visualiser/partage/2021/associations/association-franc-comtoise-du-chemin-de-compostelle,11,200,id_non_derive_session(+6) | flux_auth | hors_cible_de_lancement:vega-is.com,"Apache HTTP Server,Node.js,Nuxt.js,Varnish:6.0,Vue.js"
www.lepouvoirdenousengager.fr,https://www.lepouvoirdenousengager.fr/visualiser/partage/2019/associations/aide-et-action,11,200,id_non_derive_session(+6) | flux_auth | hors_cible_de_lancement:vega-is.com,"Apache HTTP Server,Node.js,Nuxt.js,Varnish:6.0,Vue.js"
www.lepouvoirdenousengager.fr,https://www.lepouvoirdenousengager.fr/visualiser/partage/2021/associations/fondation-abbe-pierre,11,200,id_non_derive_session(+6) | flux_auth | hors_cible_de_lancement:vega-is.com,"Apache HTTP Server,Node.js,Nuxt.js,Varnish:6.0,Vue.js"
www.lepouvoirdenousengager.fr,https://www.lepouvoirdenousengager.fr/visualiser/partage/2021/associations/ligue-des-droits-de-l-homme,11,200,id_non_derive_session(+6) | flux_auth | hors_cible_de_lancement:vega-is.com | sonde: 0 reponse 200 exploitable sur 4 id -> indetermine,"Apache HTTP Server,Node.js,Nuxt.js,Varnish:6.0,Vue.js"
www.lepouvoirdenousengager.fr,https://www.lepouvoirdenousengager.fr/visualiser/partage/2021/associations/solidarites-nouvelles-pour-le-logement,11,200,id_non_derive_session(+6) | flux_auth | hors_cible_de_lancement:vega-is.com,"Apache HTTP Server,Node.js,Nuxt.js,Varnish:6.0,Vue.js"
www.lepouvoirdenousengager.fr,https://www.lepouvoirdenousengager.fr/visualiser/partage/2021/associations/unicef,11,200,id_non_derive_session(+6) | flux_auth | hors_cible_de_lancement:vega-is.com,"Apache HTTP Server,Node.js,Nuxt.js,Varnish:6.0,Vue.js"
www.lepouvoirdenousengager.fr,https://www.lepouvoirdenousengager.fr/visualiser/tracabilite/2018/produits/livret-de-developpement-durable-et-solidaire/montant,11,200,id_non_derive_session(+6) | mouvement_argent | hors_cible_de_lancement:vega-is.com,"Apache HTTP Server,Node.js,Nuxt.js,Varnish:6.0,Vue.js"
www.lepouvoirdenousengager.fr,https://www.lepouvoirdenousengager.fr/visualiser/partage/2020/associations/solidarites-nouvelles-pour-le-logement,11,200,id_non_derive_session(+6) | flux_auth | hors_cible_de_lancement:vega-is.com,"Apache HTTP Server,Node.js,Nuxt.js,Varnish:6.0,Vue.js"
www.nosaweb-qpa.banquebcp.fr,https://www.nosaweb-qpa.banquebcp.fr/Pages/login.aspx?ReturnUrl=%2F,11,200,flux_auth | open_redirect_possible,Microsoft ASP.NET
www.payplug.com,https://www.payplug.com/blog/category/payments/page/3,11,200,id_non_derive_session(+6) | mouvement_argent | hors_cible_de_lancement:vega-is.com,"AddToAny,Bootstrap,Cloudflare,EWWW Image Optimizer,Google PageSpeed:1.13.35.2,Google Tag Manager,HSTS,HubSpot,MySQL,PHP,Redux Framework:4.4.5,Site Kit:1.183.0,WordPress,jQuery"
www.payplug.com,https://www.payplug.com/blog/category/payments/page/2,11,200,id_non_derive_session(+6) | mouvement_argent | hors_cible_de_lancement:vega-is.com,"AddToAny,Bootstrap,Cloudflare,EWWW Image Optimizer,Google PageSpeed:1.13.35.2,Google Tag Manager,HSTS,HubSpot,MySQL,PHP,Redux Framework:4.4.5,Site Kit:1.183.0,WordPress,jQuery"
www.seventure.fr,https://www.seventure.fr/en/partner/transfergo?cat=107,11,200,id_non_derive_session(+6) | mouvement_argent | hors_cible_de_lancement:vega-is.com,"Apache HTTP Server,MySQL,PHP,WordPress"
www.seventure.fr,https://www.seventure.fr/partner/transfergo?cat=5,11,200,id_non_derive_session(+6) | mouvement_argent | hors_cible_de_lancement:vega-is.com,"Apache HTTP Server,MySQL,PHP,WordPress"
www.vega-is.com,https://www.vega-is.com/fonds/4080/natixis-thematic-flexible-allocation-2027-fund,11,200,id_non_derive_session(+6) | mouvement_argent | hors_cible_de_lancement:votreepargnesalariale.com,"Cloudflare,Drupal,Google Tag Manager,HSTS,PHP,hCaptcha,jQuery,jQuery CDN"
www.vega-is.com,https://www.vega-is.com/fonds/4031/natixis-esg-dynamic-fund,11,200,id_non_derive_session(+6) | mouvement_argent | hors_cible_de_lancement:votreepargnesalariale.com,"Cloudflare,Drupal,Google Tag Manager,HSTS,PHP,hCaptcha,jQuery,jQuery CDN"
www.vega-is.com,https://www.vega-is.com/fonds/4029/natixis-esg-conservative-fund,11,200,id_non_derive_session(+6) | mouvement_argent | hors_cible_de_lancement:votreepargnesalariale.com,"Cloudflare,Drupal,Google Tag Manager,HSTS,PHP,hCaptcha,jQuery,jQuery CDN"
www.vega-is.com,https://www.vega-is.com/fonds/4030/natixis-esg-moderate-fund,11,200,id_non_derive_session(+6) | mouvement_argent | hors_cible_de_lancement:votreepargnesalariale.com,"Cloudflare,Drupal,Google Tag Manager,HSTS,PHP,hCaptcha,jQuery,jQuery CDN"
developer.dalenys.com,https://developer.dalenys.com/payment-methods/cv-connect.html,10,200,flux_auth | mouvement_argent,"Cloudflare,Google Cloud,Google Cloud Storage"
litiges.pama.natixis.com,https://litiges.pama.natixis.com/public/images/customization/Common/payment-online-services.natixis.com_general_ui/m,10,200,flux_auth | mouvement_argent,"F5 BigIP,HSTS"
litiges.pama.natixis.com,https://litiges.pama.natixis.com/public/images/customization/Common/payment-online-services.natixis.com_general_ui,10,200,flux_auth | mouvement_argent,"F5 BigIP,HSTS"
litiges.pama.natixis.com,https://litiges.pama.natixis.com/public/images/customization/Common/payment-online-services.natixis.com_general_ui/B-,10,200,flux_auth | mouvement_argent,"F5 BigIP,HSTS"
paiement.palatine.fr,https://paiement.palatine.fr/epaiement/palatine/payment/search;jsessionid=22730C8F645C1D1BC4CED86AC0B221B5?0-1.ILinkListener-legalMentionsLink=,10,200,flux_auth | mouvement_argent,"Bootstrap,HSTS,jQuery"
paiement.palatine.fr,https://paiement.palatine.fr/epaiement/palatine/payment/search;jsessionid=33346C2B1F90A61B24987306CD02F9CB?0-1.ILinkListener-informationPanel-container1-helpLinkContainer1=,10,200,flux_auth | mouvement_argent,"Bootstrap,HSTS,jQuery"
paiement.palatine.fr,https://paiement.palatine.fr/epaiement/palatine/help;jsessionid=8445FB1042AB71999D1081DECC2FED61,10,200,flux_auth | mouvement_argent,"Bootstrap,HSTS"
paiement.palatine.fr,https://paiement.palatine.fr/epaiement/palatine/payment/search;jsessionid=8445FB1042AB71999D1081DECC2FED61?0-5.ILinkListener-informationPanel-container1-helpLinkContainer1=,10,200,flux_auth | mouvement_argent,"Bootstrap,HSTS,jQuery"
paiement.palatine.fr,https://paiement.palatine.fr/epaiement/palatine/payment/search;jsessionid=DA39A5707C98BFB64EE37B40B3123BCE?0-1.ILinkListener-informationPanel-container1-helpLinkContainer1=,10,200,flux_auth | mouvement_argent,"Bootstrap,HSTS,jQuery"
paiement.palatine.fr,https://paiement.palatine.fr/epaiement/palatine/payment/search;jsessionid=E676AA0450289059F0DEDF60B23307BA?0-1.ILinkListener-helpLink=,10,200,flux_auth | mouvement_argent,"Bootstrap,HSTS,jQuery"
paiement.palatine.fr,https://paiement.palatine.fr/epaiement/palatine/payment/search;jsessionid=9323DFF52F492CC2388AECB350B823A9?0-1.ILinkListener-legalMentionsLink=,10,200,flux_auth | mouvement_argent,"Bootstrap,HSTS,jQuery"
paiement.palatine.fr,https://paiement.palatine.fr/epaiement/palatine/payment/search;jsessionid=6E4A33DA2F9157BB82D421BE7C964229?0-2.ILinkListener-legalMentionsLink=,10,200,flux_auth | mouvement_argent,"Bootstrap,HSTS,jQuery"
paiement.palatine.fr,https://paiement.palatine.fr/epaiement/palatine/payment/search;jsessionid=54DAB15A10C1A1F0F51DF6F75466CD87?0-1.ILinkListener-helpLink=,10,200,flux_auth | mouvement_argent,"Bootstrap,HSTS,jQuery"
paiement.palatine.fr,https://paiement.palatine.fr/epaiement/palatine/payment/search;jsessionid=4F454486012B4F502BD2EDDDC69101D3?0-1.ILinkListener-legalMentionsLink=,10,200,flux_auth | mouvement_argent,"Bootstrap,HSTS,jQuery"
paiement.palatine.fr,https://paiement.palatine.fr/epaiement/palatine/payment/search;jsessionid=423C020060607F53034E6FE285A92235?0-2.ILinkListener-legalMentionsLink=,10,200,flux_auth | mouvement_argent,"Bootstrap,HSTS,jQuery"
paiement.palatine.fr,https://paiement.palatine.fr/epaiement/palatine/payment/search;jsessionid=3D3B82139FF6CB64729AFE09E2ED866E?0-1.ILinkListener-informationPanel-container1-helpLinkContainer1=,10,200,flux_auth | mouvement_argent,"Bootstrap,HSTS,jQuery"
paiement.palatine.fr,https://paiement.palatine.fr/epaiement/palatine/payment/search;jsessionid=3D21E37A066C0DE00357FBC5B0F66AEA?0-1.ILinkListener-legalMentionsLink=,10,200,flux_auth | mouvement_argent,"Bootstrap,HSTS,jQuery"
paiement.palatine.fr,https://paiement.palatine.fr/epaiement/palatine/payment/search;jsessionid=26CB9BB3498017D0F1B1420F4BE14553?0-1.ILinkListener-informationPanel-container1-helpLinkContainer1=,10,200,flux_auth | mouvement_argent,"Bootstrap,HSTS,jQuery"
paiement.palatine.fr,https://paiement.palatine.fr/epaiement/palatine/payment/search;jsessionid=1BAECA9046903456BF18EB01BD12BD7D?0-1.ILinkListener-informationPanel-container1-helpLinkContainer1=,10,200,flux_auth | mouvement_argent,"Bootstrap,HSTS,jQuery"
paiement.palatine.fr,https://paiement.palatine.fr/epaiement/palatine/payment/search;jsessionid=0EA0E036A830EB9EF5181D717FB7A893?0-1.ILinkListener-informationPanel-container1-helpLinkContainer1=,10,200,flux_auth | mouvement_argent,"Bootstrap,HSTS,jQuery"
paiement.palatine.fr,https://paiement.palatine.fr/epaiement/palatine/payment/search;jsessionid=06027CAC6623E926E6C4A56FBA484E5C?0-1.ILinkListener-legalMentionsLink=,10,200,flux_auth | mouvement_argent,"Bootstrap,HSTS,jQuery"
paiement.palatine.fr,https://paiement.palatine.fr/epaiement/palatine/payment/search;jsessionid=109E360A11A8BDE180A3040EBDE5E914?0-1.ILinkListener-informationPanel-container1-helpLinkContainer1=,10,200,flux_auth | mouvement_argent,"Bootstrap,HSTS,jQuery"
paiement.palatine.fr,https://paiement.palatine.fr/epaiement/palatine/help;jsessionid=6E4A33DA2F9157BB82D421BE7C964229,10,200,flux_auth | mouvement_argent,"Bootstrap,HSTS"
paiement.palatine.fr,https://paiement.palatine.fr/epaiement/palatine/help;jsessionid=423C020060607F53034E6FE285A92235,10,200,flux_auth | mouvement_argent,"Bootstrap,HSTS"
support.payplug.com,https://support.payplug.com/auth/v3/password/forgot?brand_id=360000924651&locale=fr&return_to=https%253A%252F%252Fsupport.payplug.com%252Freports%253Fbrand_id%253D360000924651,10,200,id_non_derive_session(+5) | flux_auth | hors_cible_de_lancement:vega-is.com,"Cloudflare,Cloudflare Bot Management,Envoy,HSTS,Next.js,Node.js,React,Webpack"
support.payplug.com,https://support.payplug.com/auth/v3/password/forgot?brand_id=360000924651&locale=fr&return_to=https%253A%252F%252Fsupport.payplug.com%252Fhc%252Ffr%252Frequests%253Fbrand_id%253D360000924651,10,200,id_non_derive_session(+5) | flux_auth | hors_cible_de_lancement:vega-is.com,"Cloudflare,Cloudflare Bot Management,Envoy,HSTS,Next.js,Node.js,React,Webpack"
support.payplug.com,https://support.payplug.com/auth/v3/register?brand_id=360000924651&locale=fr&return_to=null,10,403,id_non_derive_session(+5) | flux_auth,"Cloudflare,Cloudflare Bot Management"
support.payplug.com,https://support.payplug.com/auth/v3/register?brand_id=360000924651&locale=fr&return_to=https%253A%252F%252Fsupport.payplug.com%252Fhc%252Ffr%252Frequests%253Fbrand_id%253D360000924651,10,403,id_non_derive_session(+5) | flux_auth,"Cloudflare,Cloudflare Bot Management"
support.payplug.com,https://support.payplug.com/hc/fr/articles/4408489600402,10,200,id_non_derive_session(+5) | flux_auth | hors_cible_de_lancement:vega-is.com,"Cloudflare,Cloudflare Bot Management,Envoy,HSTS,Next.js,Node.js,React,Webpack,Zendesk"
support.payplug.com,https://support.payplug.com/auth/v3/signin?brand_id=360000924651&locale=fr&return_to=https%3A%2F%2Fsupport.payplug.com%2Fhc%2Ffr%2Frequests&role=end_user,10,429,id_non_derive_session(+5) | flux_auth,"Cloudflare,Cloudflare Bot Management"
support.payplug.com,https://support.payplug.com/auth/v3/signin?brand_id=360000924651&return_to=https%3A%2F%2Fsupport.payplug.com%2Ftheming&role=end_user,10,429,id_non_derive_session(+5) | flux_auth,"Cloudflare,Cloudflare Bot Management"
support.payplug.com,https://support.payplug.com/auth/v3/password/forgot?brand_id=360000924651&locale=fr&return_to=https%253A%252F%252Fsupport.payplug.com%252Ftickets%253Fbrand_id%253D360000924651,10,429,id_non_derive_session(+5) | flux_auth,"Cloudflare,Cloudflare Bot Management"
support.payplug.com,https://support.payplug.com/auth/v3/password/forgot?brand_id=360000924651&locale=fr&return_to=null,10,200,id_non_derive_session(+5) | flux_auth | hors_cible_de_lancement:vega-is.com,"Cloudflare,Cloudflare Bot Management,Envoy,HSTS,Next.js,Node.js,React,Webpack"
www.bci.nc,https://www.bci.nc/produits-services/particuliers/votre-situation/etudiants-jeunes-actifs/gerer-ses-comptes?catid=16&id=90%3Aserenity-protection-payment&view=article,10,200,flux_auth | mouvement_argent,"Bootstrap,HSTS,Joomla,Nginx,PHP,jQuery"
www.bci.nc,https://www.bci.nc/produits-services/particuliers/nos-offres/comptes-cartes-et-services/cartes-et-moyens-de-paiement?catid=13&id=87%3Acarte-visa-classic&view=article,10,200,flux_auth | mouvement_argent,"Bootstrap,HSTS,Joomla,Nginx,PHP,jQuery"
www.bci.nc,https://www.bci.nc/produits-services/professionnels/vie-privee/nos-offres/comptes-cartes-et-services/cartes-et-moyens-de-paiement?format=feed&type=atom,10,200,flux_auth | mouvement_argent,"HSTS,Nginx"
www.bci.nc,https://www.bci.nc/produits-services/professionnels/vie-privee/nos-offres/comptes-cartes-et-services/cartes-et-moyens-de-paiement?format=feed&type=rss,10,200,flux_auth | mouvement_argent,"HSTS,Nginx"
www.bci.nc,https://www.bci.nc/produits-services/professions-liberales/vie-privee/nos-offres/comptes-cartes-et-services/cartes-et-moyens-de-paiement?catid=13&id=651%3Acarte-alize&view=article,10,200,flux_auth | mouvement_argent,"Bootstrap,HSTS,Joomla,Nginx,PHP,jQuery"
www.bci.nc,https://www.bci.nc/produits-services/professionnels/vie-privee/nos-offres/comptes-cartes-et-services/cartes-et-moyens-de-paiement?catid=13&id=148%3Acarte-jade-securite&view=article,10,200,flux_auth | mouvement_argent,"Bootstrap,HSTS,Joomla,Nginx,PHP,jQuery"
www.bci.nc,https://www.bci.nc/produits-services/professionnels/vie-privee/nos-offres/comptes-cartes-et-services/cartes-et-moyens-de-paiement?catid=13&id=848%3Acarte-aircalin-american-express&view=article,10,200,flux_auth | mouvement_argent,"Bootstrap,HSTS,Joomla,Nginx,PHP,jQuery"
www.bci.nc,https://www.bci.nc/produits-services/professionnels/vie-privee/nos-offres/comptes-cartes-et-services/cartes-et-moyens-de-paiement?catid=13&id=107%3Acarte-mastercard&view=article,10,200,flux_auth | mouvement_argent,"Bootstrap,HSTS,Joomla,Nginx,PHP,jQuery"
www.bci.nc,https://www.bci.nc/produits-services/professionnels/vie-privee/nos-offres/comptes-cartes-et-services/cartes-et-moyens-de-paiement?catid=13&id=930%3Acf-pay-part&view=article,10,200,flux_auth | mouvement_argent,"Bootstrap,HSTS,Joomla,Nginx,PHP,jQuery"
www.bci.nc,https://www.bci.nc/produits-services/professions-liberales/vie-privee/nos-offres/comptes-cartes-et-services/cartes-et-moyens-de-paiement?catid=13&id=498%3Acarte-qantas-american-express&view=article,10,200,flux_auth | mouvement_argent,"Bootstrap,HSTS,Joomla,Nginx,PHP,jQuery"
www.bci.nc,https://www.bci.nc/produits-services/particuliers/nos-offres/comptes-cartes-et-services/cartes-et-moyens-de-paiement?catid=13&id=107%3Acarte-mastercard&view=article,10,200,flux_auth | mouvement_argent,"Bootstrap,HSTS,Joomla,Nginx,PHP,jQuery"
www.bci.nc,https://www.bci.nc/produits-services/professions-liberales/vie-privee/nos-offres/comptes-cartes-et-services/cartes-et-moyens-de-paiement,10,200,flux_auth | mouvement_argent,"Bootstrap,HSTS,Joomla,Nginx,PHP,jQuery"
www.bci.nc,https://www.bci.nc/produits-services/professionnels/vie-privee/nos-offres/comptes-cartes-et-services/cartes-et-moyens-de-paiement?catid=13&id=87%3Acarte-visa-classic&view=article,10,200,flux_auth | mouvement_argent,"Bootstrap,HSTS,Joomla,Nginx,PHP,jQuery"
www.bci.nc,https://www.bci.nc/produits-services/professions-liberales/vie-privee/nos-offres/comptes-cartes-et-services/cartes-et-moyens-de-paiement?catid=13&id=848%3Acarte-aircalin-american-express&view=article,10,200,flux_auth | mouvement_argent,"Bootstrap,HSTS,Joomla,Nginx,PHP,jQuery"
www.bci.nc,https://www.bci.nc/produits-services/particuliers/nos-offres/comptes-cartes-et-services/cartes-et-moyens-de-paiement?catid=13&id=498%3Acarte-qantas-american-express&view=article,10,200,flux_auth | mouvement_argent,"Bootstrap,HSTS,Joomla,Nginx,PHP,jQuery"
www.bci.nc,https://www.bci.nc/?id=102&view=article,10,200,"id_non_derive_session(+6) | hors_cible_de_lancement:vega-is.com | sonde: 4 id non-asset en 200, contenu diff structure (sim=0.652, borne id=99999999->404) -> candidat serieux","Bootstrap,HSTS,Joomla,Nginx,PHP,jQuery"
www.bci.nc,https://www.bci.nc/?id=67&view=article,10,200,"id_non_derive_session(+6) | hors_cible_de_lancement:vega-is.com | sonde: 4 id non-asset en 200, contenu diff structure (sim=0.652, borne id=99999999->404) -> candidat serieux","Bootstrap,HSTS,Joomla,Nginx,PHP,jQuery"
www.bci.nc,https://www.bci.nc/?id=577&view=article,10,200,"id_non_derive_session(+6) | hors_cible_de_lancement:vega-is.com | sonde: 4 id non-asset en 200, contenu diff structure (sim=0.652, borne id=99999999->404) -> candidat serieux","Bootstrap,HSTS,Joomla,Nginx,PHP,jQuery"
www.bci.nc,https://www.bci.nc/produits-services/professionnels/vie-professionnelle/nos-offres/comptes-cartes-et-services/cartes-et-moyens-de-paiement,10,200,flux_auth | mouvement_argent,"Bootstrap,HSTS,Joomla,Nginx,PHP,jQuery"
www.bci.nc,https://www.bci.nc/produits-services/particuliers/nos-offres/comptes-cartes-et-services/cartes-et-moyens-de-paiement?catid=13&id=848%3Acarte-aircalin-american-express&view=article,10,200,flux_auth | mouvement_argent,"Bootstrap,HSTS,Joomla,Nginx,PHP,jQuery"
www.bci.nc,https://www.bci.nc/produits-services/entreprises/flux-et-moyens-de-paiement/gerer-a-distance,10,200,flux_auth | mouvement_argent,"Bootstrap,HSTS,Joomla,Nginx,PHP,jQuery"
www.bci.nc,https://www.bci.nc/produits-services/professions-liberales/vie-privee/nos-offres/comptes-cartes-et-services/cartes-et-moyens-de-paiement?format=feed&type=atom,10,200,flux_auth | mouvement_argent,"HSTS,Nginx"
www.bci.nc,https://www.bci.nc/produits-services/professions-liberales/vie-privee/nos-offres/comptes-cartes-et-services/cartes-et-moyens-de-paiement?format=feed&type=rss,10,200,flux_auth | mouvement_argent,"HSTS,Nginx"
www.bci.nc,https://www.bci.nc/produits-services/particuliers/nos-offres/comptes-cartes-et-services/cartes-et-moyens-de-paiement/carte-jade-securite-carre,10,200,flux_auth | mouvement_argent,"Bootstrap,HSTS,Joomla,Nginx,PHP,jQuery"
www.bci.nc,https://www.bci.nc/produits-services/particuliers/nos-offres/comptes-cartes-et-services/cartes-et-moyens-de-paiement,10,200,flux_auth | mouvement_argent,"Bootstrap,HSTS,Joomla,Nginx,PHP,jQuery"
www.bci.nc,https://www.bci.nc/produits-services/particuliers/nos-offres/comptes-cartes-et-services/cartes-et-moyens-de-paiement/carte-mastercard-world-elite-carre,10,200,flux_auth | mouvement_argent,"Bootstrap,HSTS,Joomla,Nginx,PHP,jQuery"
www.bci.nc,https://www.bci.nc/produits-services/particuliers/nos-offres/comptes-cartes-et-services/cartes-et-moyens-de-paiement/carte-mastercard-gold-carre,10,200,flux_auth | mouvement_argent,"Bootstrap,HSTS,Joomla,Nginx,PHP,jQuery"
www.bci.nc,https://www.bci.nc/produits-services/particuliers/nos-offres/comptes-cartes-et-services/cartes-et-moyens-de-paiement/carte-mastercard-carre,10,200,flux_auth | mouvement_argent,"Bootstrap,HSTS,Joomla,Nginx,PHP,jQuery"
www.bci.nc,https://www.bci.nc/produits-services/moins-de-26-ans/nos-offres/comptes-cartes-et-services/cartes-et-moyens-de-paiement/carte-jade-securite-carre,10,200,flux_auth | mouvement_argent,"Bootstrap,HSTS,Joomla,Nginx,PHP,jQuery"
www.bci.nc,https://www.bci.nc/produits-services/particuliers/nos-offres/comptes-cartes-et-services/cartes-et-moyens-de-paiement?catid=13&id=72%3Aconvention-banian-securite-plus&view=article,10,200,flux_auth | mouvement_argent,"Bootstrap,HSTS,Joomla,Nginx,PHP,jQuery"
www.bci.nc,https://www.bci.nc/?id=579&view=article,10,200,"id_non_derive_session(+6) | hors_cible_de_lancement:vega-is.com | sonde: 4 id non-asset en 200, contenu diff structure (sim=0.652, borne id=99999999->404) -> candidat serieux","Bootstrap,HSTS,Joomla,Nginx,PHP,jQuery"
www.bci.nc,https://www.bci.nc/produits-services/moins-de-26-ans/nos-offres/comptes-cartes-et-services/cartes-et-moyens-de-paiement,10,200,flux_auth | mouvement_argent,"Bootstrap,HSTS,Joomla,Nginx,PHP,jQuery"
www.bci.nc,https://www.bci.nc/produits-services/particuliers/nos-offres/comptes-cartes-et-services/cartes-et-moyens-de-paiement?format=feed&type=atom,10,200,flux_auth | mouvement_argent,"HSTS,Nginx"
www.bci.nc,https://www.bci.nc/produits-services/particuliers/nos-offres/comptes-cartes-et-services/cartes-et-moyens-de-paiement?catid=13&id=86%3Acarte-visa-premier&view=article,10,200,flux_auth | mouvement_argent,"Bootstrap,HSTS,Joomla,Nginx,PHP,jQuery"
www.bci.nc,https://www.bci.nc/produits-services/particuliers/nos-offres/comptes-cartes-et-services/cartes-et-moyens-de-paiement?catid=13&id=148%3Acarte-jade-securite&view=article,10,200,flux_auth | mouvement_argent,"Bootstrap,HSTS,Joomla,Nginx,PHP,jQuery"
www.bci.nc,https://www.bci.nc/produits-services/particuliers/nos-offres/comptes-cartes-et-services/cartes-et-moyens-de-paiement?format=feed&type=rss,10,200,flux_auth | mouvement_argent,"HSTS,Nginx"
www.bci.nc,https://www.bci.nc/produits-services/particuliers/nos-offres/comptes-cartes-et-services/cartes-et-moyens-de-paiement/carte-visa-premier-carre,10,200,flux_auth | mouvement_argent,"Bootstrap,HSTS,Joomla,Nginx,PHP,jQuery"
www.bci.nc,https://www.bci.nc/produits-services/particuliers/nos-offres/comptes-cartes-et-services/cartes-et-moyens-de-paiement?catid=13&id=930%3Acf-pay-part&view=article,10,200,flux_auth | mouvement_argent,"Bootstrap,HSTS,Joomla,Nginx,PHP,jQuery"
www.bci.nc,https://www.bci.nc/?id=10&view=article,10,200,"id_non_derive_session(+6) | hors_cible_de_lancement:vega-is.com | sonde: 4 id non-asset en 200, contenu diff structure (sim=0.652, borne id=99999999->404) -> candidat serieux","Bootstrap,HSTS,Joomla,Nginx,PHP,jQuery"
www.bci.nc,https://www.bci.nc/produits-services/particuliers/nos-offres/comptes-cartes-et-services/cartes-et-moyens-de-paiement?catid=13&id=105%3Acarte-mastercard-gold&view=article,10,200,flux_auth | mouvement_argent,"Bootstrap,HSTS,Joomla,Nginx,PHP,jQuery"
www.bci.nc,https://www.bci.nc/produits-services/particuliers/nos-offres/comptes-cartes-et-services/cartes-et-moyens-de-paiement/carte-visa-carre,10,200,flux_auth | mouvement_argent,"Bootstrap,HSTS,Joomla,Nginx,PHP,jQuery"
www.bci.nc,https://www.bci.nc/produits-services/professionnels/vie-privee/nos-offres/comptes-cartes-et-services/cartes-et-moyens-de-paiement?catid=13&id=498%3Acarte-qantas-american-express&view=article,10,200,flux_auth | mouvement_argent,"Bootstrap,HSTS,Joomla,Nginx,PHP,jQuery"
www.bci.nc,https://www.bci.nc/produits-services/professionnels/vie-privee/nos-offres/comptes-cartes-et-services/cartes-et-moyens-de-paiement?catid=13&id=651%3Acarte-alize&view=article,10,200,flux_auth | mouvement_argent,"Bootstrap,HSTS,Joomla,Nginx,PHP,jQuery"
www.bci.nc,https://www.bci.nc/produits-services/particuliers/nos-offres/comptes-cartes-et-services/cartes-et-moyens-de-paiement?catid=13&id=651%3Acarte-alize&view=article,10,200,flux_auth | mouvement_argent,"Bootstrap,HSTS,Joomla,Nginx,PHP,jQuery"
www.bci.nc,https://www.bci.nc/produits-services/professionnels/vie-privee/nos-offres/comptes-cartes-et-services/cartes-et-moyens-de-paiement,10,200,flux_auth | mouvement_argent,"Bootstrap,HSTS,Joomla,Nginx,PHP,jQuery"
www.bci.nc,https://www.bci.nc/produits-services/professions-liberales/vie-privee/vos-projets/vos-enfants/comptes-et-conventions?catid=16&id=90%3Aserenity-protection-payment&view=article,10,200,flux_auth | mouvement_argent,"Bootstrap,HSTS,Joomla,Nginx,PHP,jQuery"
www.bci.nc,https://www.bci.nc/produits-services/professions-liberales/vie-privee/nos-offres/comptes-cartes-et-services/cartes-et-moyens-de-paiement?catid=13&id=87%3Acarte-visa-classic&view=article,10,200,flux_auth | mouvement_argent,"Bootstrap,HSTS,Joomla,Nginx,PHP,jQuery"
www.creditfoncier.fr,https://www.creditfoncier.fr/wp-json/wp/v2/pages/51,10,200,"id_non_derive_session(+6) | hors_cible_de_lancement:vega-is.com | sonde: 4 id non-asset en 200, contenu diff structure (sim=0.638, borne id=99999999->404) -> candidat serieux","PHP,WordPress,Yoast SEO:26.8"
www.creditfoncier.fr,https://www.creditfoncier.fr/wp-json/wp/v2/pages/8851,10,200,"id_non_derive_session(+6) | hors_cible_de_lancement:vega-is.com | sonde: 4 id non-asset en 200, contenu diff structure (sim=0.638, borne id=99999999->404) -> candidat serieux","PHP,WordPress,Yoast SEO:26.8"
www.creditfoncier.fr,https://www.creditfoncier.fr/wp-json/wp/v2/pages/2915,10,200,"id_non_derive_session(+6) | hors_cible_de_lancement:vega-is.com | sonde: 4 id non-asset en 200, contenu diff structure (sim=0.638, borne id=99999999->404) -> candidat serieux","PHP,WordPress,Yoast SEO:26.8"
www.payplug.com,https://www.payplug.com/fr/blog/tokenisation-paiements,10,429,flux_auth | mouvement_argent,"Cloudflare,HSTS"
www.payplug.com,https://www.payplug.com/blog/payment-tokenisation,10,200,flux_auth | mouvement_argent,"AddToAny,Bootstrap,Cloudflare,EWWW Image Optimizer,Google PageSpeed:1.13.35.2,Google Tag Manager,Gravatar,HSTS,HubSpot,MySQL,PHP,Popper:2,Redux Framework:4.4.5,Site Kit:1.183.0,Tippy.js:6,Unpkg,WordPress,jQuery"
www.payplug.com,https://www.payplug.com/blog/processout-payment-orchestration,10,200,flux_auth | mouvement_argent,"AddToAny,Bootstrap,Cloudflare,EWWW Image Optimizer,Google PageSpeed:1.13.35.2,Google Tag Manager,Gravatar,HSTS,HubSpot,MySQL,PHP,Popper:2,Redux Framework:4.4.5,Site Kit:1.183.0,Tippy.js:6,Unpkg,WordPress,jQuery"
www.payplug.com,https://www.payplug.com/authentication-payment,10,200,flux_auth | mouvement_argent,"AddToAny,Bootstrap,Cloudflare,EWWW Image Optimizer,Google PageSpeed:1.13.35.2,Google Tag Manager,HSTS,HubSpot,MySQL,PHP,Redux Framework:4.4.5,Site Kit:1.183.0,WordPress,jQuery"
www.payplug.com,https://www.payplug.com/fr/paiement-en-ligne/gestion-fraude/dsp2-authentification-forte,10,200,flux_auth | mouvement_argent,"AddToAny,Bootstrap,Cloudflare,EWWW Image Optimizer,Google PageSpeed:1.13.35.2,Google Tag Manager,HSTS,HubSpot,MySQL,PHP,Popper:2,Redux Framework:4.4.5,Site Kit:1.183.0,Tippy.js:6,Unpkg,WordPress,jQuery"
www.creditfoncier.fr,https://www.creditfoncier.fr/wp-json/wp/v2/pages/34707,9,200,"id_non_derive_session(+5) | hors_cible_de_lancement:vega-is.com | sonde: 4 id non-asset en 200, contenu diff structure (sim=0.638, borne id=99999999->404) -> candidat serieux","PHP,WordPress,Yoast SEO:26.8"
www.creditfoncier.fr,https://www.creditfoncier.fr/wp-json/wp/v2/posts/34890,9,200,"id_non_derive_session(+5) | hors_cible_de_lancement:vega-is.com | sonde: 4 id non-asset en 200, contenu diff structure (sim=0.341, borne id=99999999->404) -> candidat serieux","PHP,WordPress,Yoast SEO:26.8"
www.creditfoncier.fr,https://www.creditfoncier.fr/wp-json/wp/v2/pages/25801,9,200,"id_non_derive_session(+5) | hors_cible_de_lancement:vega-is.com | sonde: 4 id non-asset en 200, contenu diff structure (sim=0.638, borne id=99999999->404) -> candidat serieux","PHP,WordPress,Yoast SEO:26.8"
www.creditfoncier.fr,https://www.creditfoncier.fr/wp-json/wp/v2/posts/86530,9,200,"id_non_derive_session(+5) | hors_cible_de_lancement:vega-is.com | sonde: 4 id non-asset en 200, contenu diff structure (sim=0.341, borne id=99999999->404) -> candidat serieux","PHP,WordPress,Yoast SEO:26.8"
www.creditfoncier.fr,https://www.creditfoncier.fr/wp-json/wp/v2/posts/86668,9,200,"id_non_derive_session(+5) | hors_cible_de_lancement:vega-is.com | sonde: 4 id non-asset en 200, contenu diff structure (sim=0.341, borne id=99999999->404) -> candidat serieux","PHP,WordPress,Yoast SEO:26.8"
www.creditfoncier.fr,https://www.creditfoncier.fr/wp-json/wp/v2/pages/87003,9,200,"id_non_derive_session(+5) | hors_cible_de_lancement:vega-is.com | sonde: 4 id non-asset en 200, contenu diff structure (sim=0.638, borne id=99999999->404) -> candidat serieux","PHP,WordPress,Yoast SEO:26.8"
www.creditfoncier.fr,https://www.creditfoncier.fr/wp-json/wp/v2/pages/34747,9,200,"id_non_derive_session(+5) | hors_cible_de_lancement:vega-is.com | sonde: 4 id non-asset en 200, contenu diff structure (sim=0.638, borne id=99999999->404) -> candidat serieux","PHP,WordPress,Yoast SEO:26.8"
www.creditfoncier.fr,https://www.creditfoncier.fr/wp-json/wp/v2/pages/85510,9,200,"id_non_derive_session(+5) | hors_cible_de_lancement:vega-is.com | sonde: 4 id non-asset en 200, contenu diff structure (sim=0.638, borne id=99999999->404) -> candidat serieux","PHP,WordPress,Yoast SEO:26.8"
www.creditfoncier.fr,https://www.creditfoncier.fr/wp-json/wp/v2/posts/86992,9,200,"id_non_derive_session(+5) | hors_cible_de_lancement:vega-is.com | sonde: 4 id non-asset en 200, contenu diff structure (sim=0.341, borne id=99999999->404) -> candidat serieux","PHP,WordPress,Yoast SEO:26.8"
www.creditfoncier.fr,https://www.creditfoncier.fr/wp-json/wp/v2/pages/86944,9,200,"id_non_derive_session(+5) | hors_cible_de_lancement:vega-is.com | sonde: 4 id non-asset en 200, contenu diff structure (sim=0.638, borne id=99999999->404) -> candidat serieux","PHP,WordPress,Yoast SEO:26.8"
www.creditfoncier.fr,https://www.creditfoncier.fr/wp-json/wp/v2/posts/86415,9,200,"id_non_derive_session(+5) | hors_cible_de_lancement:vega-is.com | sonde: 4 id non-asset en 200, contenu diff structure (sim=0.341, borne id=99999999->404) -> candidat serieux","PHP,WordPress,Yoast SEO:26.8"
www.creditfoncier.fr,https://www.creditfoncier.fr/wp-json/wp/v2/posts/86513,9,200,"id_non_derive_session(+5) | hors_cible_de_lancement:vega-is.com | sonde: 4 id non-asset en 200, contenu diff structure (sim=0.341, borne id=99999999->404) -> candidat serieux","PHP,WordPress,Yoast SEO:26.8"
www.creditfoncier.fr,https://www.creditfoncier.fr/wp-json/wp/v2/posts/86703,9,200,"id_non_derive_session(+5) | hors_cible_de_lancement:vega-is.com | sonde: 4 id non-asset en 200, contenu diff structure (sim=0.341, borne id=99999999->404) -> candidat serieux","PHP,WordPress,Yoast SEO:26.8"
www.creditfoncier.fr,https://www.creditfoncier.fr/wp-json/wp/v2/posts/86642,9,200,"id_non_derive_session(+5) | hors_cible_de_lancement:vega-is.com | sonde: 4 id non-asset en 200, contenu diff structure (sim=0.341, borne id=99999999->404) -> candidat serieux","PHP,WordPress,Yoast SEO:26.8"
www.creditfoncier.fr,https://www.creditfoncier.fr/wp-json/wp/v2/posts/86844,9,200,"id_non_derive_session(+5) | hors_cible_de_lancement:vega-is.com | sonde: 4 id non-asset en 200, contenu diff structure (sim=0.341, borne id=99999999->404) -> candidat serieux","PHP,WordPress,Yoast SEO:26.8"
www.creditfoncier.fr,https://www.creditfoncier.fr/wp-json/wp/v2/posts/71732,9,200,"id_non_derive_session(+5) | hors_cible_de_lancement:vega-is.com | sonde: 4 id non-asset en 200, contenu diff structure (sim=0.341, borne id=99999999->404) -> candidat serieux","PHP,WordPress,Yoast SEO:26.8"
www.creditfoncier.fr,https://www.creditfoncier.fr/wp-json/wp/v2/pages/34736,9,200,"id_non_derive_session(+5) | hors_cible_de_lancement:vega-is.com | sonde: 4 id non-asset en 200, contenu diff structure (sim=0.638, borne id=99999999->404) -> candidat serieux","PHP,WordPress,Yoast SEO:26.8"
www.creditfoncier.fr,https://www.creditfoncier.fr/wp-json/wp/v2/posts/86663,9,200,"id_non_derive_session(+5) | hors_cible_de_lancement:vega-is.com | sonde: 4 id non-asset en 200, contenu diff structure (sim=0.341, borne id=99999999->404) -> candidat serieux","PHP,WordPress,Yoast SEO:26.8"
www.creditfoncier.fr,https://www.creditfoncier.fr/wp-json/wp/v2/pages/25558,9,200,"id_non_derive_session(+5) | hors_cible_de_lancement:vega-is.com | sonde: 4 id non-asset en 200, contenu diff structure (sim=0.638, borne id=99999999->404) -> candidat serieux","PHP,WordPress,Yoast SEO:26.8"
www.creditfoncier.fr,https://www.creditfoncier.fr/wp-json/wp/v2/posts/86758,9,200,"id_non_derive_session(+5) | hors_cible_de_lancement:vega-is.com | sonde: 4 id non-asset en 200, contenu diff structure (sim=0.341, borne id=99999999->404) -> candidat serieux","PHP,WordPress,Yoast SEO:26.8"
www.creditfoncier.fr,https://www.creditfoncier.fr/wp-json/wp/v2/pages/27269,9,200,"id_non_derive_session(+5) | hors_cible_de_lancement:vega-is.com | sonde: 4 id non-asset en 200, contenu diff structure (sim=0.638, borne id=99999999->404) -> candidat serieux","PHP,WordPress,Yoast SEO:26.8"
www.creditfoncier.fr,https://www.creditfoncier.fr/wp-json/wp/v2/pages/35045,9,200,"id_non_derive_session(+5) | hors_cible_de_lancement:vega-is.com | sonde: 4 id non-asset en 200, contenu diff structure (sim=0.638, borne id=99999999->404) -> candidat serieux","PHP,WordPress,Yoast SEO:26.8"
www.creditfoncier.fr,https://www.creditfoncier.fr/wp-json/wp/v2/pages/21830,9,200,"id_non_derive_session(+5) | hors_cible_de_lancement:vega-is.com | sonde: 4 id non-asset en 200, contenu diff structure (sim=0.638, borne id=99999999->404) -> candidat serieux","PHP,WordPress,Yoast SEO:26.8"
www.creditfoncier.fr,https://www.creditfoncier.fr/wp-json/wp/v2/pages/21826,9,200,"id_non_derive_session(+5) | hors_cible_de_lancement:vega-is.com | sonde: 4 id non-asset en 200, contenu diff structure (sim=0.638, borne id=99999999->404) -> candidat serieux","PHP,WordPress,Yoast SEO:26.8"
www.creditfoncier.fr,https://www.creditfoncier.fr/wp-json/wp/v2/pages/10365,9,200,"id_non_derive_session(+5) | hors_cible_de_lancement:vega-is.com | sonde: 4 id non-asset en 200, contenu diff structure (sim=0.638, borne id=99999999->404) -> candidat serieux","PHP,WordPress,Yoast SEO:26.8"
www.creditfoncier.fr,https://www.creditfoncier.fr/wp-json/wp/v2/pages/86448,9,200,"id_non_derive_session(+5) | hors_cible_de_lancement:vega-is.com | sonde: 4 id non-asset en 200, contenu diff structure (sim=0.638, borne id=99999999->404) -> candidat serieux","PHP,WordPress,Yoast SEO:26.8"
www.seventure.fr,https://www.seventure.fr/wp-json/wp/v2/posts/10257,9,200,"id_non_derive_session(+5) | hors_cible_de_lancement:vega-is.com | sonde: 4 id non-asset en 200, contenu diff structure (sim=0.372, borne id=99999999->404) -> candidat serieux","Apache HTTP Server,WordPress,Yoast SEO:28.1"
www.seventure.fr,https://www.seventure.fr/wp-json/wp/v2/posts/10129,9,200,"id_non_derive_session(+5) | hors_cible_de_lancement:vega-is.com | sonde: 4 id non-asset en 200, contenu diff structure (sim=0.372, borne id=99999999->404) -> candidat serieux","Apache HTTP Server,WordPress,Yoast SEO:28.1"
www.seventure.fr,https://www.seventure.fr/wp-json/wp/v2/posts/10284,9,200,"id_non_derive_session(+5) | hors_cible_de_lancement:vega-is.com | sonde: 4 id non-asset en 200, contenu diff structure (sim=0.372, borne id=99999999->404) -> candidat serieux","Apache HTTP Server,WordPress,Yoast SEO:28.1"
www.seventure.fr,https://www.seventure.fr/wp-json/wp/v2/posts/10348,9,200,"id_non_derive_session(+5) | hors_cible_de_lancement:vega-is.com | sonde: 4 id non-asset en 200, contenu diff structure (sim=0.372, borne id=99999999->404) -> candidat serieux","Apache HTTP Server,WordPress,Yoast SEO:28.1"
www.seventure.fr,https://www.seventure.fr/wp-json/wp/v2/posts/10251,9,200,"id_non_derive_session(+5) | hors_cible_de_lancement:vega-is.com | sonde: 4 id non-asset en 200, contenu diff structure (sim=0.372, borne id=99999999->404) -> candidat serieux","Apache HTTP Server,WordPress,Yoast SEO:28.1"
www.seventure.fr,https://www.seventure.fr/wp-json/wp/v2/posts/10118,9,200,"id_non_derive_session(+5) | hors_cible_de_lancement:vega-is.com | sonde: 4 id non-asset en 200, contenu diff structure (sim=0.372, borne id=99999999->404) -> candidat serieux","Apache HTTP Server,WordPress,Yoast SEO:28.1"
www.seventure.fr,https://www.seventure.fr/wp-json/wp/v2/posts/10271,9,200,"id_non_derive_session(+5) | hors_cible_de_lancement:vega-is.com | sonde: 4 id non-asset en 200, contenu diff structure (sim=0.372, borne id=99999999->404) -> candidat serieux","Apache HTTP Server,WordPress,Yoast SEO:28.1"
www.seventure.fr,https://www.seventure.fr/wp-json/wp/v2/posts/10158,9,200,"id_non_derive_session(+5) | hors_cible_de_lancement:vega-is.com | sonde: 4 id non-asset en 200, contenu diff structure (sim=0.372, borne id=99999999->404) -> candidat serieux","Apache HTTP Server,WordPress,Yoast SEO:28.1"
www.seventure.fr,https://www.seventure.fr/wp-json/wp/v2/posts/10246,9,200,"id_non_derive_session(+5) | hors_cible_de_lancement:vega-is.com | sonde: 4 id non-asset en 200, contenu diff structure (sim=0.372, borne id=99999999->404) -> candidat serieux","Apache HTTP Server,WordPress,Yoast SEO:28.1"
www.seventure.fr,https://www.seventure.fr/wp-json/wp/v2/posts/10235,9,200,"id_non_derive_session(+5) | hors_cible_de_lancement:vega-is.com | sonde: 4 id non-asset en 200, contenu diff structure (sim=0.372, borne id=99999999->404) -> candidat serieux","Apache HTTP Server,WordPress,Yoast SEO:28.1"
developer.dalenys.com,https://developer.dalenys.com/openapi/authentication-api.html,8,200,flux_auth | surface_exposee(+3),"Cloudflare,Google Cloud,Google Cloud Storage"
developer.dalenys.com,https://developer.dalenys.com/ui/developer-doc/openapi/authentication-api.html,8,200,flux_auth | surface_exposee(+3),"Cloudflare,Google Cloud,Google Cloud Storage"
developer.dalenys.com,https://developer.dalenys.com/openapi/payment-facilitator.html,8,200,mouvement_argent | surface_exposee(+3),"Cloudflare,Google Cloud,Google Cloud Storage,ReDoc,React"
developer.dalenys.com,https://developer.dalenys.com/ui/developer-doc/openapi/payment-facilitator.html,8,200,mouvement_argent | surface_exposee(+3),"Cloudflare,Google Cloud,Google Cloud Storage,ReDoc,React"
www.im.natixis.com,https://www.im.natixis.com/en-intl/insights/investor-sentiment/2026/five-factors-set-to-disrupt-the-financial-advice-business,8,200,id_non_derive_session(+6) | verbe_state_changing_en_GET | hors_cible_de_lancement:vega-is.com,"Adobe Experience Manager,HSTS,Java,OneTrust,jQuery"
www.oney.fr,https://www.oney.fr/guide-pratique-au-quotidien/mieux-consommer/consomacteur/secrets-secret-santa,8,200,surface_exposee(+8),"Azure,Azure Front Door,Google Hosted Libraries,HSTS,YouTube,jQuery"
www.payplug.com,https://www.payplug.com/wp-content/uploads/2025/03/np,8,429,id_non_derive_session(+6) | verbe_state_changing_en_GET,"Cloudflare,HSTS"
www.payplug.com,https://www.payplug.com/wp-content/uploads/2025/03/e,8,429,id_non_derive_session(+6) | verbe_state_changing_en_GET,"Cloudflare,HSTS"
www.payplug.com,https://www.payplug.com/wp-content/uploads/2025/03/pI,8,429,id_non_derive_session(+6) | verbe_state_changing_en_GET,"Cloudflare,HSTS"
www.payplug.com,https://www.payplug.com/wp-content/uploads/2025/03/p,8,429,id_non_derive_session(+6) | verbe_state_changing_en_GET,"Cloudflare,HSTS"
www.payplug.com,https://www.payplug.com/wp-content/uploads/2025/03/d,8,429,id_non_derive_session(+6) | verbe_state_changing_en_GET,"Cloudflare,HSTS"
www.payplug.com,https://www.payplug.com/wp-content/uploads/2025/03/g,8,429,id_non_derive_session(+6) | verbe_state_changing_en_GET,"Cloudflare,HSTS"
www.payplug.com,https://www.payplug.com/wp-content/uploads/2025/03/f,8,429,id_non_derive_session(+6) | verbe_state_changing_en_GET,"Cloudflare,HSTS"
www.payplug.com,https://www.payplug.com/wp-content/uploads/2025/03/b,8,429,id_non_derive_session(+6) | verbe_state_changing_en_GET,"Cloudflare,HSTS"
www.payplug.com,https://www.payplug.com/wp-content/uploads/2025/03/a,8,429,id_non_derive_session(+6) | verbe_state_changing_en_GET,"Cloudflare,HSTS"
www.payplug.com,https://www.payplug.com/wp-content/uploads/2025/03/q,8,429,id_non_derive_session(+6) | verbe_state_changing_en_GET,"Cloudflare,HSTS"
www.payplug.com,https://www.payplug.com/wp-content/uploads/2025/03/Y,8,429,id_non_derive_session(+6) | verbe_state_changing_en_GET,"Cloudflare,HSTS"
www.payplug.com,https://www.payplug.com/wp-content/uploads/2025/03/X,8,429,id_non_derive_session(+6) | verbe_state_changing_en_GET,"Cloudflare,HSTS"
www.payplug.com,https://www.payplug.com/wp-content/uploads/2025/03/_,8,429,id_non_derive_session(+6) | verbe_state_changing_en_GET,"Cloudflare,HSTS"
www.payplug.com,https://www.payplug.com/wp-content/uploads/2025/03/M,8,429,id_non_derive_session(+6) | verbe_state_changing_en_GET,"Cloudflare,HSTS"
www.payplug.com,https://www.payplug.com/wp-content/uploads/2025/03/W@,8,429,id_non_derive_session(+6) | verbe_state_changing_en_GET,"Cloudflare,HSTS"
www.payplug.com,https://www.payplug.com/wp-content/uploads/2025/03/I,8,429,id_non_derive_session(+6) | verbe_state_changing_en_GET,"Cloudflare,HSTS"
www.payplug.com,https://www.payplug.com/wp-content/uploads/2025/03/S,8,429,id_non_derive_session(+6) | verbe_state_changing_en_GET,"Cloudflare,HSTS"
www.payplug.com,https://www.payplug.com/wp-content/uploads/2025/03/J,8,429,id_non_derive_session(+6) | verbe_state_changing_en_GET,"Cloudflare,HSTS"
www.payplug.com,https://www.payplug.com/wp-content/uploads/2025/03/F,8,429,id_non_derive_session(+6) | verbe_state_changing_en_GET,"Cloudflare,HSTS"
www.payplug.com,https://www.payplug.com/wp-content/uploads/2025/03/GY,8,429,id_non_derive_session(+6) | verbe_state_changing_en_GET,"Cloudflare,HSTS"
www.payplug.com,https://www.payplug.com/wp-content/uploads/2025/03/H9,8,429,id_non_derive_session(+6) | verbe_state_changing_en_GET,"Cloudflare,HSTS"
www.payplug.com,https://www.payplug.com/wp-content/uploads/2025/03/pt7q&,8,429,id_non_derive_session(+6) | verbe_state_changing_en_GET,"Cloudflare,HSTS"
www.payplug.com,https://www.payplug.com/wp-content/uploads/2025/03/H,8,429,id_non_derive_session(+6) | verbe_state_changing_en_GET,"Cloudflare,HSTS"
www.payplug.com,https://www.payplug.com/wp-content/uploads/2025/03/iZ,8,429,id_non_derive_session(+6) | verbe_state_changing_en_GET,"Cloudflare,HSTS"
www.payplug.com,https://www.payplug.com/wp-content/uploads/2025/03/G,8,429,id_non_derive_session(+6) | verbe_state_changing_en_GET,"Cloudflare,HSTS"
www.payplug.com,https://www.payplug.com/wp-content/uploads/2025/03/E,8,429,id_non_derive_session(+6) | verbe_state_changing_en_GET,"Cloudflare,HSTS"
www.payplug.com,https://www.payplug.com/wp-content/uploads/2025/03/A,8,429,id_non_derive_session(+6) | verbe_state_changing_en_GET,"Cloudflare,HSTS"
www.payplug.com,https://www.payplug.com/wp-content/uploads/2025/03/BNa,8,429,id_non_derive_session(+6) | verbe_state_changing_en_GET,"Cloudflare,HSTS"
www.payplug.com,https://www.payplug.com/wp-content/uploads/2025/03/wY,8,429,id_non_derive_session(+6) | verbe_state_changing_en_GET,"Cloudflare,HSTS"
www.payplug.com,https://www.payplug.com/wp-content/uploads/2025/03/t,8,429,id_non_derive_session(+6) | verbe_state_changing_en_GET,"Cloudflare,HSTS"
www.payplug.com,https://www.payplug.com/wp-content/uploads/2025/03/u,8,429,id_non_derive_session(+6) | verbe_state_changing_en_GET,"Cloudflare,HSTS"
www.payplug.com,https://www.payplug.com/wp-content/uploads/2025/03/2q,8,429,id_non_derive_session(+6) | verbe_state_changing_en_GET,"Cloudflare,HSTS"
www.payplug.com,https://www.payplug.com/wp-content/uploads/2025/03/5,8,429,id_non_derive_session(+6) | verbe_state_changing_en_GET,"Cloudflare,HSTS"
www.payplug.com,https://www.payplug.com/wp-content/uploads/2025/03/-b7q,8,429,id_non_derive_session(+6) | verbe_state_changing_en_GET,"Cloudflare,HSTS"
www.payplug.com,https://www.payplug.com/wp-content/uploads/2025/03//A,8,429,id_non_derive_session(+6) | verbe_state_changing_en_GET,"Cloudflare,HSTS"
www.payplug.com,https://www.payplug.com/wp-content/uploads/2025/03/1.,8,429,id_non_derive_session(+6) | verbe_state_changing_en_GET,"Cloudflare,HSTS"
www.payplug.com,https://www.payplug.com/wp-content/uploads/2025/03/1,8,429,id_non_derive_session(+6) | verbe_state_changing_en_GET,"Cloudflare,HSTS"
www.payplug.com,https://www.payplug.com/wp-content/uploads/2025/03/0,8,429,id_non_derive_session(+6) | verbe_state_changing_en_GET,"Cloudflare,HSTS"
www.payplug.com,https://www.payplug.com/wp-content/uploads/2025/03/-,8,429,id_non_derive_session(+6) | verbe_state_changing_en_GET,"Cloudflare,HSTS"
www.payplug.com,https://www.payplug.com/wp-content/uploads/2025/03/&K,8,429,id_non_derive_session(+6) | verbe_state_changing_en_GET,"Cloudflare,HSTS"
www.payplug.com,https://www.payplug.com/wp-content/uploads/2025/03/m,8,429,id_non_derive_session(+6) | verbe_state_changing_en_GET,"Cloudflare,HSTS"
www.payplug.com,https://www.payplug.com/wp-content/uploads/2025/03/l&,8,429,id_non_derive_session(+6) | verbe_state_changing_en_GET,"Cloudflare,HSTS"
www.payplug.com,https://www.payplug.com/wp-content/uploads/2025/03/i,8,429,id_non_derive_session(+6) | verbe_state_changing_en_GET,"Cloudflare,HSTS"
www.payplug.com,https://www.payplug.com/wp-content/uploads/2025/03/j,8,429,id_non_derive_session(+6) | verbe_state_changing_en_GET,"Cloudflare,HSTS"
www.payplug.com,https://www.payplug.com/wp-content/uploads/2025/03/c,8,429,id_non_derive_session(+6) | verbe_state_changing_en_GET,"Cloudflare,HSTS"
www.vega-is.com,https://www.vega-is.com/fonds/6325/vega-euro-credit-2028,8,200,id_non_derive_session(+6) | verbe_state_changing_en_GET | hors_cible_de_lancement:votreepargnesalariale.com,"Cloudflare,Drupal,Google Tag Manager,HSTS,PHP,hCaptcha,jQuery,jQuery CDN"
www.vega-is.com,https://www.vega-is.com/fonds/6677/natixis-multi-private-assets-navigator,8,200,id_non_derive_session(+6) | verbe_state_changing_en_GET | hors_cible_de_lancement:votreepargnesalariale.com,"Cloudflare,Drupal,Google Tag Manager,HSTS,PHP,hCaptcha,jQuery,jQuery CDN"
www.vega-is.com,https://www.vega-is.com/fonds/4922/vega-euro-credit-2026,8,200,id_non_derive_session(+6) | verbe_state_changing_en_GET | hors_cible_de_lancement:votreepargnesalariale.com,"Cloudflare,Drupal,Google Tag Manager,HSTS,PHP,hCaptcha,jQuery,jQuery CDN"
bip.pama.natixis.com,https://bip.pama.natixis.com/,7,200,fingerprint_produit(+2) | flux_auth,"F5 BigIP,HSTS"
card-authentication.groupebpce.com,https://card-authentication.groupebpce.com/card/cancel-auth,7,200,flux_auth | verbe_state_changing_en_GET,"HSTS,hCaptcha"
card-authentication.groupebpce.com,https://card-authentication.groupebpce.com/ta/cancel-otp,7,200,flux_auth | verbe_state_changing_en_GET,"HSTS,hCaptcha"
card-authentication.groupebpce.com,https://card-authentication.groupebpce.com/user/activate,7,200,flux_auth | verbe_state_changing_en_GET,"HSTS,hCaptcha"
collaborateur.cadocheque.com,https://collaborateur.cadocheque.com/cadocheque_bo/reset_password.action?actionMethod=login.jspx%3Aidentity.resetFlags%28%29&cid=10553,7,200,flux_auth | verbe_state_changing_en_GET,"HSTS,Java"
collaborateur.cadocheque.com,https://collaborateur.cadocheque.com/cadocheque_bo/login.action?actionMethod=reset_password.jspx%3Aidentity.resetFlags%28%29&cid=10554&etb=000,7,200,flux_auth | verbe_state_changing_en_GET,"HSTS,Java"
collaborateur.cadocheque.com,https://collaborateur.cadocheque.com/cadocheque_bo/reset_password.action?actionMethod=login.jspx%3Aidentity.resetFlags%28%29&cid=11995,7,200,flux_auth | verbe_state_changing_en_GET,"HSTS,Java"
collaborateur.cadocheque.com,https://collaborateur.cadocheque.com/cadocheque_bo/login.action?actionMethod=reset_password.jspx%3Aidentity.resetFlags%28%29&cid=10556&etb=000,7,200,flux_auth | verbe_state_changing_en_GET,"HSTS,Java"
collaborateur.cadocheque.com,https://collaborateur.cadocheque.com/cadocheque_bo/reset_password.action?actionMethod=login.jspx%3Aidentity.resetFlags%28%29&cid=10552,7,200,flux_auth | verbe_state_changing_en_GET,"HSTS,Java"
connect.bcimr.dj,https://connect.bcimr.dj/connect/assets,7,403,flux_auth | verbe_state_changing_en_GET,"Cloudflare,HSTS,HTTP/3"
connect.bcimr.dj,https://connect.bcimr.dj/connect/assets/images/logos,7,403,flux_auth | verbe_state_changing_en_GET,"Cloudflare,HSTS,HTTP/3"
connect-partenaires-externes-qua.natixis.com,https://connect-partenaires-externes-qua.natixis.com/,7,200,fingerprint_produit(+2) | flux_auth,"F5 BigIP,HSTS"
connect-rt.natixis.com,https://connect-rt.natixis.com/,7,200,fingerprint_produit(+2) | flux_auth,"F5 BigIP,HSTS"
copernicsms.natixis.com,https://copernicsms.natixis.com/,7,200,fingerprint_produit(+2) | flux_auth,"F5 BigIP,HSTS"
copernicsms.natixis.com,https://copernicsms.natixis.com/Portail_COPERNIC,7,200,fingerprint_produit(+2) | flux_auth,"F5 BigIP,HSTS"
cristal.paiements.pama.natixis.com,https://cristal.paiements.pama.natixis.com/,7,200,fingerprint_produit(+2) | flux_auth,"F5 BigIP,HSTS"
cristal.paiements.qua.pama.natixis.com,https://cristal.paiements.qua.pama.natixis.com/,7,200,fingerprint_produit(+2) | flux_auth,HSTS
developer.dalenys.com,https://developer.dalenys.com/exports/export-reconciled-transactions.html,7,200,mouvement_argent | verbe_state_changing_en_GET,"Cloudflare,Google Cloud,Google Cloud Storage"
developer.dalenys.com,https://developer.dalenys.com/ui/developer-doc/exports/get-transactions.html,7,200,mouvement_argent | verbe_state_changing_en_GET,"Cloudflare,Google Cloud,Google Cloud Storage"
developer.dalenys.com,https://developer.dalenys.com/ui/developer-doc/exports/export-reconciled-transactions.html,7,200,mouvement_argent | verbe_state_changing_en_GET,"Cloudflare,Google Cloud,Google Cloud Storage"
developer.dalenys.com,https://developer.dalenys.com/exports/get-transactions.html,7,200,mouvement_argent | verbe_state_changing_en_GET,"Cloudflare,Google Cloud,Google Cloud Storage"
developer.dalenys.com,https://developer.dalenys.com/ui/developer-doc/exports/export-transactions.html,7,200,mouvement_argent | verbe_state_changing_en_GET,"Cloudflare,Google Cloud,Google Cloud Storage"
developer.dalenys.com,https://developer.dalenys.com/exports/export-transactions.html,7,200,mouvement_argent | verbe_state_changing_en_GET,"Cloudflare,Google Cloud,Google Cloud Storage"
eb.banqueduleman.ch,https://eb.banqueduleman.ch/authen/ui/app/auth/application/assets/custom/manifest/manifest.json,7,200,flux_auth | verbe_state_changing_en_GET,"Apache HTTP Server,Envoy,HSTS,Java"
edentito.audace.fr,https://edentito.audace.fr/password/reset/request,7,200,flux_auth | verbe_state_changing_en_GET,"Apache HTTP Server,Bootstrap,Laravel,PHP,jQuery"
evolanclearing-bnpp.pama.natixis.com,https://evolanclearing-bnpp.pama.natixis.com/,7,200,fingerprint_produit(+2) | flux_auth,"F5 BigIP,HSTS"
exxotest.audace.fr,https://exxotest.audace.fr/password/reset,7,200,flux_auth | verbe_state_changing_en_GET,"Apache HTTP Server,Bootstrap,Cloudflare,DataTables,Moment.js,PHP:7.2.2,Select2,cdnjs,jQuery,jQuery CDN,jQuery UI"
home.cib.natixis.com,https://home.cib.natixis.com/api-website-feature/popups/spotlight-on-learning-expeditions?page_id=636075,7,403,id_non_derive_session(+5) | verbe_state_changing_en_GET,""
home.cib.natixis.com,https://home.cib.natixis.com/api-website-feature/popups/spotlight-on-learning-expeditions?page_id=652042,7,403,id_non_derive_session(+5) | verbe_state_changing_en_GET,""
home.cib.natixis.com,https://home.cib.natixis.com/api-website-feature/popups/spotlight-on-learning-expeditions?page_id=652218,7,403,id_non_derive_session(+5) | verbe_state_changing_en_GET,""
home.cib.natixis.com,https://home.cib.natixis.com/api-website-feature/popups/spotlight-on-learning-expeditions?page_id=650384,7,403,id_non_derive_session(+5) | verbe_state_changing_en_GET,""
home.cib.natixis.com,https://home.cib.natixis.com/api-website-feature/popups/spotlight-on-learning-expeditions?page_id=650574,7,403,id_non_derive_session(+5) | verbe_state_changing_en_GET,""
home.cib.natixis.com,https://home.cib.natixis.com/api-website-feature/popups/spotlight-on-learning-expeditions?page_id=650576,7,403,id_non_derive_session(+5) | verbe_state_changing_en_GET,""
home.cib.natixis.com,https://home.cib.natixis.com/api-website-feature/popups/spotlight-on-learning-expeditions?page_id=652221,7,403,id_non_derive_session(+5) | verbe_state_changing_en_GET,""
home.cib.natixis.com,https://home.cib.natixis.com/api-website-feature/popups/spotlight-on-learning-expeditions?page_id=646968,7,403,id_non_derive_session(+5) | verbe_state_changing_en_GET,""
home.cib.natixis.com,https://home.cib.natixis.com/api-website-feature/popups/spotlight-on-learning-expeditions?page_id=652223,7,403,id_non_derive_session(+5) | verbe_state_changing_en_GET,""
home.cib.natixis.com,https://home.cib.natixis.com/api-website-feature/popups/spotlight-on-learning-expeditions?page_id=626466,7,403,id_non_derive_session(+5) | verbe_state_changing_en_GET,""
home.cib.natixis.com,https://home.cib.natixis.com/api-website-feature/popups/spotlight-on-learning-expeditions?page_id=626418,7,403,id_non_derive_session(+5) | verbe_state_changing_en_GET,""
home.cib.natixis.com,https://home.cib.natixis.com/api-website-feature/popups/spotlight-on-learning-expeditions?page_id=652222,7,403,id_non_derive_session(+5) | verbe_state_changing_en_GET,""
home.cib.natixis.com,https://home.cib.natixis.com/api-website-feature/popups/spotlight-on-learning-expeditions?page_id=636100,7,403,id_non_derive_session(+5) | verbe_state_changing_en_GET,""
home.cib.natixis.com,https://home.cib.natixis.com/api-website-feature/popups/spotlight-on-learning-expeditions?page_id=652220,7,403,id_non_derive_session(+5) | verbe_state_changing_en_GET,""
home.cib.natixis.com,https://home.cib.natixis.com/api-website-feature/popups/spotlight-on-learning-expeditions?page_id=634500,7,403,id_non_derive_session(+5) | verbe_state_changing_en_GET,""
home.cib.natixis.com,https://home.cib.natixis.com/api-website-feature/popups/spotlight-on-learning-expeditions?page_id=649658,7,403,id_non_derive_session(+5) | verbe_state_changing_en_GET,""
home.cib.natixis.com,https://home.cib.natixis.com/api-website-feature/popups/spotlight-on-learning-expeditions?page_id=636072,7,403,id_non_derive_session(+5) | verbe_state_changing_en_GET,""
litiges.pama.natixis.com,https://litiges.pama.natixis.com/,7,200,fingerprint_produit(+2) | flux_auth,"F5 BigIP,HSTS"
merchantbooking.qua1.pama.natixis.com,https://merchantbooking.qua1.pama.natixis.com/,7,200,fingerprint_produit(+2) | flux_auth,HSTS
mesinfosclient.creditfoncier.fr,https://mesinfosclient.creditfoncier.fr/?reset=1,7,200,flux_auth | verbe_state_changing_en_GET,"Envoy,Mapbox GL JS,PHP,ZURB Foundation,jQuery,jQuery UI"
paiements.pama.natixis.com,https://paiements.pama.natixis.com/,7,200,fingerprint_produit(+2) | flux_auth,"F5 BigIP,HSTS"
payment-online-services.qua.natixis.com,https://payment-online-services.qua.natixis.com/,7,200,fingerprint_produit(+2) | flux_auth,HSTS
payment-online-services.qua.natixis.com,https://payment-online-services.qua.natixis.com/F5Networks-SSO-Req?SSO_ORIG_URI=aHR0cHM6Ly9tZXJjaGFudGJvb2tpbmcucXVhMS5wYW1hLm5hdGl4aXMuY29tLw%3D%3D,7,200,fingerprint_produit(+2) | flux_auth,HSTS
payment-online-services.qua.natixis.com,https://payment-online-services.qua.natixis.com/F5Networks-SSO-Req?SSO_ORIG_URI=aHR0cHM6Ly9jcmlzdGFsLnBhaWVtZW50cy5xdWEucGFtYS5uYXRpeGlzLmNvbS8%3D,7,200,fingerprint_produit(+2) | flux_auth,HSTS
payment-online-services.qua.natixis.com,https://payment-online-services.qua.natixis.com/F5Networks-SSO-Req?SSO_ORIG_URI=aHR0cHM6Ly9zZXNhbWUucGFpZW1lbnRzLnF1YS5wYW1hLm5hdGl4aXMuY29tLw%3D%3D,7,200,fingerprint_produit(+2) | flux_auth,HSTS
plasnet.paiements.pama.natixis.com,https://plasnet.paiements.pama.natixis.com/,7,200,fingerprint_produit(+2) | flux_auth,"F5 BigIP,HSTS"
prisma.pama.bpce.fr,https://prisma.pama.bpce.fr/,7,200,fingerprint_produit(+2) | flux_auth,"F5 BigIP,HSTS"
prisme.pama.bpce.fr,https://prisme.pama.bpce.fr/,7,200,fingerprint_produit(+2) | flux_auth,"F5 BigIP,HSTS"
prismop.pama.bpce.fr,https://prismop.pama.bpce.fr/,7,200,fingerprint_produit(+2) | flux_auth,"F5 BigIP,HSTS"
server10natixis.audace.fr,https://server10natixis.audace.fr/password/reset,7,200,flux_auth | verbe_state_changing_en_GET,Apache HTTP Server
sesame.paiements.pama.natixis.com,https://sesame.paiements.pama.natixis.com/,7,200,fingerprint_produit(+2) | flux_auth,"F5 BigIP,HSTS"
sesame.paiements.qua.pama.natixis.com,https://sesame.paiements.qua.pama.natixis.com/,7,200,fingerprint_produit(+2) | flux_auth,HSTS
sgincendie.audace.fr,https://sgincendie.audace.fr/password/reset,7,200,flux_auth | verbe_state_changing_en_GET,Apache HTTP Server
smdata.pama.bpce.fr,https://smdata.pama.bpce.fr/,7,200,fingerprint_produit(+2) | flux_auth,"F5 BigIP,HSTS"
www.bci.nc,https://www.bci.nc/index.php?Itemid=432&id=239&option=com_content&view=article,7,200,fingerprint_produit(+1) | id_non_derive_session(+6) | hors_cible_de_lancement:vega-is.com,"Bootstrap,HSTS,Joomla,Nginx,PHP,jQuery"
www.clickntrade-gce.fr,https://www.clickntrade-gce.fr/User.aspx/ResetPwd,7,200,flux_auth | verbe_state_changing_en_GET,"Azure,HSTS"
www.csebpcea.fr,https://www.csebpcea.fr/login_site.php?back_url=%2Fupload,7,200,flux_auth | verbe_state_changing_en_GET,"Bootstrap,HSTS,PHP,jQuery,jQuery UI"
www.csebpcea.fr,https://www.csebpcea.fr/com/login?back_url=%2Fupload,7,200,flux_auth | verbe_state_changing_en_GET,"Bootstrap,HSTS,PHP,jQuery,jQuery UI"
www.csebps.fr,https://www.csebps.fr/com/login?back_url=%2Fupload,7,200,flux_auth | verbe_state_changing_en_GET,"Bootstrap,HSTS,PHP,jQuery,jQuery UI"
www.csebps.fr,https://www.csebps.fr/login_site.php?back_url=%2Fupload,7,200,flux_auth | verbe_state_changing_en_GET,"Bootstrap,HSTS,PHP,jQuery,jQuery UI"
www.espacesante.caisse-epargne.fr,https://www.espacesante.caisse-epargne.fr/forms/activate-teletransmission,7,200,flux_auth | verbe_state_changing_en_GET,"Google Tag Manager,HSTS,Microsoft ASP.NET,OneTrust"
www.gefa-bank.de,https://www.gefa-bank.de/wp-content/uploads/transfer,7,403,mouvement_argent | verbe_state_changing_en_GET,"HSTS,Nginx"
www.gefa-bank.de,https://www.gefa-bank.de/wp-content/uploads/wpcf7_captcha/login/login.jsp,7,403,flux_auth | verbe_state_changing_en_GET,"HSTS,Nginx"
www.mesinfosclient.creditfoncier.fr,https://www.mesinfosclient.creditfoncier.fr/?reset=1,7,200,flux_auth | verbe_state_changing_en_GET,"Envoy,Mapbox GL JS,PHP,ZURB Foundation,jQuery,jQuery UI"
www.oney.es,https://www.oney.es/faqs/web-app/como-puedo-resetear-mis-claves-de-acceso-a-mi-area-cliente,7,200,flux_auth | verbe_state_changing_en_GET,"Azure,Bootstrap,Elementor:3.30.2,GSAP,Google Tag Manager,MySQL,Nginx:1.28.0,OWL Carousel,PHP:8.1.34,Slider Revolution:6.7.21,Underscore.js:1.13.7,WP Rocket,WooCommerce,WordPress:6.7.2,Yoast SEO:24.6,jQuery"
www.oney.fr,https://www.oney.fr/guide-pratique-au-quotidien/conseils/piloter-budget/montants-min-max-credit-renouvelable,7,200,mouvement_argent | verbe_state_changing_en_GET,"Azure,Azure Front Door,Google Hosted Libraries,HSTS,jQuery"
www.oney.fr,https://www.oney.fr/credit/credit-renouvelable-virement-plus-augmentation,7,200,mouvement_argent | verbe_state_changing_en_GET,"Azure,Azure Front Door,Google Hosted Libraries,HSTS,YouTube,jQuery"
www.oney.fr,https://www.oney.fr/credit/transfert-comptant-credit,7,200,mouvement_argent | verbe_state_changing_en_GET,"Azure,Azure Front Door,Cloudflare,Google Hosted Libraries,HSTS,OWL Carousel,YouTube,cdnjs,jQuery"
www.oney.fr,https://www.oney.fr/credits/pret-personnel-0?payment_amount=10000&project_nature_code=work_project&selected_duration=48,7,200,mouvement_argent | verbe_state_changing_en_GET,"Azure,Azure Front Door,HSTS"
www.oney.fr,https://www.oney.fr/credit/credit-renouvelable-virement-plus-augmentation-maxime,7,200,mouvement_argent | verbe_state_changing_en_GET,"Azure,Azure Front Door,Google Hosted Libraries,HSTS,YouTube,jQuery"
www.oney.fr,https://www.oney.fr/credits/pret-personnel-0?payment_amount=15000&project_nature_code=work_project&selected_duration=60,7,200,mouvement_argent | verbe_state_changing_en_GET,"Azure,Azure Front Door,HSTS"
www.oney.fr,https://www.oney.fr/credit/credit-renouvelable-virement-plus,7,200,mouvement_argent | verbe_state_changing_en_GET,"Azure,Azure Front Door,Cloudflare,Google Hosted Libraries,HSTS,OWL Carousel,YouTube,cdnjs,jQuery"
www.oney.fr,https://www.oney.fr/credit/credit-renouvelable-virement-plus-video,7,200,mouvement_argent | verbe_state_changing_en_GET,"Azure,Azure Front Door,HSTS"
www.oney.fr,https://www.oney.fr/guide-pratique-au-quotidien/a-vos-cotes/solutions/transfert-comptant-credit-video,7,200,mouvement_argent | verbe_state_changing_en_GET,"Azure,Azure Front Door,Google Hosted Libraries,HSTS,YouTube,jQuery"
www.oney.fr,https://www.oney.fr/paiement/avantages-credit-renouvelable-electro-depot,7,200,mouvement_argent | verbe_state_changing_en_GET,"Azure,Azure Front Door,Google Hosted Libraries,HSTS,jQuery"
www.payplug.com,https://www.payplug.com/it/activate/pagamento-in-negozio,7,200,flux_auth | verbe_state_changing_en_GET,"AddToAny,Bootstrap,Cloudflare,EWWW Image Optimizer,Google PageSpeed:1.13.35.2,Google Tag Manager,HSTS,HubSpot,MySQL,PHP,Popper:2,Redux Framework:4.4.5,Site Kit:1.183.0,Tippy.js:6,Unpkg,WordPress,jQuery"
www.payplug.com,https://www.payplug.com/it/activate,7,200,flux_auth | verbe_state_changing_en_GET,"AddToAny,Bootstrap,Cloudflare,EWWW Image Optimizer,Google PageSpeed:1.13.35.2,Google Tag Manager,HSTS,HubSpot,MySQL,PHP,Popper:2,Redux Framework:4.4.5,Site Kit:1.183.0,Tippy.js:6,Unpkg,WordPress,jQuery"
www.payplug.com,https://www.payplug.com/fr/activate/tap-to-pay,7,200,flux_auth | verbe_state_changing_en_GET,"AddToAny,Bootstrap,Cloudflare,EWWW Image Optimizer,Google PageSpeed:1.13.35.2,Google Tag Manager,HSTS,HubSpot,MySQL,PHP,Popper:2,Redux Framework:4.4.5,Site Kit:1.183.0,Tippy.js:6,Unpkg,WordPress,jQuery"
www.payplug.com,https://www.payplug.com/it/activate/pagamento-omnichannel,7,200,flux_auth | verbe_state_changing_en_GET,"AddToAny,Bootstrap,Cloudflare,EWWW Image Optimizer,Google PageSpeed:1.13.35.2,Google Tag Manager,HSTS,HubSpot,MySQL,PHP,Popper:2,Redux Framework:4.4.5,Site Kit:1.183.0,Tippy.js:6,Unpkg,WordPress,jQuery"
www.payplug.com,https://www.payplug.com/activate/tap-to-pay,7,200,flux_auth | verbe_state_changing_en_GET,"AddToAny,Bootstrap,Cloudflare,EWWW Image Optimizer,Google PageSpeed:1.13.35.2,Google Tag Manager,HSTS,HubSpot,MySQL,PHP,Popper:2,Redux Framework:4.4.5,Site Kit:1.183.0,Tippy.js:6,Unpkg,WordPress,jQuery"
www.payplug.com,https://www.payplug.com/it/activate/pagamento-online,7,200,flux_auth | verbe_state_changing_en_GET,"AddToAny,Bootstrap,Cloudflare,EWWW Image Optimizer,Google PageSpeed:1.13.35.2,Google Tag Manager,HSTS,HubSpot,MySQL,PHP,Popper:2,Redux Framework:4.4.5,Site Kit:1.183.0,Tippy.js:6,Unpkg,WordPress,jQuery"
www.payplug.com,https://www.payplug.com/fr/activate,7,200,flux_auth | verbe_state_changing_en_GET,"AddToAny,Bootstrap,Cloudflare,EWWW Image Optimizer,Google PageSpeed:1.13.35.2,Google Tag Manager,HSTS,HubSpot,MySQL,PHP,Popper:2,Redux Framework:4.4.5,Site Kit:1.183.0,Tippy.js:6,Unpkg,WordPress,jQuery"
www.payplug.com,https://www.payplug.com/activate,7,200,flux_auth | verbe_state_changing_en_GET,"AddToAny,Bootstrap,Cloudflare,EWWW Image Optimizer,Google PageSpeed:1.13.35.2,Google Tag Manager,HSTS,HubSpot,MySQL,PHP,Popper:2,Redux Framework:4.4.5,Site Kit:1.183.0,Tippy.js:6,Unpkg,WordPress,jQuery"
bully.dev4-audace.fr,https://bully.dev4-audace.fr/wp-json/wp/v2/posts/5324,6,200,id_non_derive_session(+6) | hors_cible_de_lancement:vega-is.com,Apache HTTP Server
bully.dev4-audace.fr,https://bully.dev4-audace.fr/wp-json/wp/v2/posts/5289,6,200,id_non_derive_session(+6) | hors_cible_de_lancement:vega-is.com,Apache HTTP Server
bully.dev4-audace.fr,https://bully.dev4-audace.fr/wp-json/wp/v2/posts/5394,6,200,id_non_derive_session(+6) | hors_cible_de_lancement:vega-is.com,Apache HTTP Server
bully.dev4-audace.fr,https://bully.dev4-audace.fr/wp-json/wp/v2/posts/5325,6,200,id_non_derive_session(+6) | hors_cible_de_lancement:vega-is.com,Apache HTTP Server
bully.dev4-audace.fr,https://bully.dev4-audace.fr/wp-json/wp/v2/event_listing/5439,6,200,id_non_derive_session(+6) | hors_cible_de_lancement:vega-is.com,Apache HTTP Server
bully.dev4-audace.fr,https://bully.dev4-audace.fr/actualite/5280/feed,6,200,id_non_derive_session(+6) | hors_cible_de_lancement:vega-is.com,"Apache HTTP Server,MySQL,PHP,WordPress"
bully.dev4-audace.fr,https://bully.dev4-audace.fr/wp-json/wp/v2/posts/5318,6,200,id_non_derive_session(+6) | hors_cible_de_lancement:vega-is.com,Apache HTTP Server
bully.dev4-audace.fr,https://bully.dev4-audace.fr/wp-json/wp/v2/categories/50,6,200,id_non_derive_session(+6) | hors_cible_de_lancement:vega-is.com,"Apache HTTP Server,MySQL,PHP,WordPress"
bully.dev4-audace.fr,https://bully.dev4-audace.fr/wp-json/wp/v2/posts/5288,6,200,id_non_derive_session(+6) | hors_cible_de_lancement:vega-is.com,Apache HTTP Server
bully.dev4-audace.fr,https://bully.dev4-audace.fr/wp-json/wp/v2/pages/2395,6,200,id_non_derive_session(+6) | hors_cible_de_lancement:vega-is.com,Apache HTTP Server
bully.dev4-audace.fr,https://bully.dev4-audace.fr/actualite/5280,6,200,id_non_derive_session(+6) | hors_cible_de_lancement:vega-is.com,"Apache HTTP Server,Elementor:4.2.0,Font Awesome,Moment.js,MySQL,PHP,SVG Support,Underscore.js:1.13.8,WooCommerce,WordPress:7.0.2,jQuery,jQuery UI"
bully.dev4-audace.fr,https://bully.dev4-audace.fr/2023/05,6,200,id_non_derive_session(+6) | hors_cible_de_lancement:vega-is.com,"Apache HTTP Server,Elementor:4.2.0,Font Awesome,Moment.js,MySQL,PHP,SVG Support,Underscore.js:1.13.8,WooCommerce,WordPress:7.0.2,jQuery,jQuery UI"
bully.dev4-audace.fr,https://bully.dev4-audace.fr/2023/03,6,200,id_non_derive_session(+6) | hors_cible_de_lancement:vega-is.com,"Apache HTTP Server,Elementor:4.2.0,Font Awesome,Moment.js,MySQL,PHP,SVG Support,Underscore.js:1.13.8,WooCommerce,WordPress:7.0.2,YouTube,jQuery,jQuery UI"
bully.dev4-audace.fr,https://bully.dev4-audace.fr/2023/05/page/2,6,200,id_non_derive_session(+6) | hors_cible_de_lancement:vega-is.com,"Apache HTTP Server,Elementor:4.2.0,Font Awesome,Moment.js,MySQL,PHP,SVG Support,Underscore.js:1.13.8,WooCommerce,WordPress:7.0.2,jQuery,jQuery UI"
bully.dev4-audace.fr,https://bully.dev4-audace.fr/wp-json/wp/v2/posts/5280,6,200,id_non_derive_session(+6) | hors_cible_de_lancement:vega-is.com,Apache HTTP Server
bully.dev4-audace.fr,https://bully.dev4-audace.fr/wp-json/wp/v2/event_listing_type/27,6,200,id_non_derive_session(+6) | hors_cible_de_lancement:vega-is.com,"Apache HTTP Server,MySQL,PHP,WordPress"
bully.dev4-audace.fr,https://bully.dev4-audace.fr/wp-json/wp/v2/posts/4979,6,200,id_non_derive_session(+6) | hors_cible_de_lancement:vega-is.com,Apache HTTP Server
bully.dev4-audace.fr,https://bully.dev4-audace.fr/wp-json/wp/v2/pages/2373,6,200,id_non_derive_session(+6) | hors_cible_de_lancement:vega-is.com,Apache HTTP Server
bully.dev4-audace.fr,https://bully.dev4-audace.fr/wp-json/wp/v2/event_listing/5440,6,200,id_non_derive_session(+6) | hors_cible_de_lancement:vega-is.com,Apache HTTP Server
bully.dev4-audace.fr,https://bully.dev4-audace.fr/wp-json/wp/v2/posts/5322,6,200,id_non_derive_session(+6) | hors_cible_de_lancement:vega-is.com,Apache HTTP Server
bully.dev4-audace.fr,https://bully.dev4-audace.fr/wp-json/wp/v2/pages/2386,6,200,id_non_derive_session(+6) | hors_cible_de_lancement:vega-is.com,Apache HTTP Server
bully.dev4-audace.fr,https://bully.dev4-audace.fr/wp-json/wp/v2/pages/2426,6,200,id_non_derive_session(+6) | hors_cible_de_lancement:vega-is.com,Apache HTTP Server
bully.dev4-audace.fr,https://bully.dev4-audace.fr/wp-json/wp/v2/pages/5555,6,200,id_non_derive_session(+6) | hors_cible_de_lancement:vega-is.com,Apache HTTP Server
bully.dev4-audace.fr,https://bully.dev4-audace.fr/wp-json/wp/v2/posts/5488,6,200,id_non_derive_session(+6) | hors_cible_de_lancement:vega-is.com,Apache HTTP Server
bully.dev4-audace.fr,https://bully.dev4-audace.fr/wp-json/wp/v2/posts/5277,6,200,id_non_derive_session(+6) | hors_cible_de_lancement:vega-is.com,Apache HTTP Server
bully.dev4-audace.fr,https://bully.dev4-audace.fr/wp-json/wp/v2/posts/5328,6,200,id_non_derive_session(+6) | hors_cible_de_lancement:vega-is.com,Apache HTTP Server
bully.dev4-audace.fr,https://bully.dev4-audace.fr/wp-json/wp/v2/event_listing_type/19,6,200,id_non_derive_session(+6) | hors_cible_de_lancement:vega-is.com,"Apache HTTP Server,MySQL,PHP,WordPress"
bully.dev4-audace.fr,https://bully.dev4-audace.fr/wp-json/wp/v2/event_listing/5494,6,200,id_non_derive_session(+6) | hors_cible_de_lancement:vega-is.com,Apache HTTP Server
bully.dev4-audace.fr,https://bully.dev4-audace.fr/wp-json/wp/v2/pages/5,6,200,id_non_derive_session(+6) | hors_cible_de_lancement:vega-is.com,Apache HTTP Server
bully.dev4-audace.fr,https://bully.dev4-audace.fr/wp-json/wp/v2/event_listing/4304,6,200,id_non_derive_session(+6) | hors_cible_de_lancement:vega-is.com,Apache HTTP Server
bully.dev4-audace.fr,https://bully.dev4-audace.fr/wp-json/wp/v2/event_listing/4303,6,200,id_non_derive_session(+6) | hors_cible_de_lancement:vega-is.com,Apache HTTP Server
bully.dev4-audace.fr,https://bully.dev4-audace.fr/wp-json/wp/v2/pages/1264,6,200,id_non_derive_session(+6) | hors_cible_de_lancement:vega-is.com,Apache HTTP Server
bully.dev4-audace.fr,https://bully.dev4-audace.fr/wp-json/wp/v2/categories/7,6,200,id_non_derive_session(+6) | hors_cible_de_lancement:vega-is.com,"Apache HTTP Server,MySQL,PHP,WordPress"
bully.dev4-audace.fr,https://bully.dev4-audace.fr/wp-json/wp/v2/event_listing/5443,6,200,id_non_derive_session(+6) | hors_cible_de_lancement:vega-is.com,Apache HTTP Server
bully.dev4-audace.fr,https://bully.dev4-audace.fr/wp-json/wp/v2/event_listing/4302,6,200,id_non_derive_session(+6) | hors_cible_de_lancement:vega-is.com,Apache HTTP Server
bully.dev4-audace.fr,https://bully.dev4-audace.fr/wp-json/wp/v2/event_listing/5441,6,200,id_non_derive_session(+6) | hors_cible_de_lancement:vega-is.com,Apache HTTP Server
bully.dev4-audace.fr,https://bully.dev4-audace.fr/wp-json/wp/v2/categories/1,6,200,id_non_derive_session(+6) | hors_cible_de_lancement:vega-is.com,"Apache HTTP Server,MySQL,PHP,WordPress"
carrieres.bci.nc,https://carrieres.bci.nc/wp-json/wp/v2/pages/70,6,200,id_non_derive_session(+6) | hors_cible_de_lancement:vega-is.com,"HSTS,Nginx,PHP:8.5.8,WordPress,Yoast SEO:28.1"
carrieres.bci.nc,https://carrieres.bci.nc/wp-json/wp/v2/pages/1106,6,200,id_non_derive_session(+6) | hors_cible_de_lancement:vega-is.com,"HSTS,Nginx,PHP:8.5.8,WordPress,Yoast SEO:28.1"
carrieres.bci.nc,https://carrieres.bci.nc/wp-json/wp/v2/pages/1103,6,200,id_non_derive_session(+6) | hors_cible_de_lancement:vega-is.com,"HSTS,Nginx,PHP:8.5.8,WordPress,Yoast SEO:28.1"
carrieres.bci.nc,https://carrieres.bci.nc/wp-json/wp/v2/pages/804,6,200,id_non_derive_session(+6) | hors_cible_de_lancement:vega-is.com,"HSTS,Nginx,PHP:8.5.8,WordPress,Yoast SEO:28.1"
carrieres.bci.nc,https://carrieres.bci.nc/wp-json/wp/v2/pages/819,6,200,id_non_derive_session(+6) | hors_cible_de_lancement:vega-is.com,"HSTS,Nginx,PHP:8.5.8,WordPress,Yoast SEO:28.1"
carrieres.bci.nc,https://carrieres.bci.nc/wp-json/wp/v2/pages/104,6,200,id_non_derive_session(+6) | hors_cible_de_lancement:vega-is.com,"HSTS,Nginx,PHP:8.5.8,WordPress,Yoast SEO:28.1"
carrieres.bci.nc,https://carrieres.bci.nc/wp-json/wp/v2/pages/808,6,200,id_non_derive_session(+6) | hors_cible_de_lancement:vega-is.com,"HSTS,Nginx,PHP:8.5.8,WordPress,Yoast SEO:28.1"
carrieres.bci.nc,https://carrieres.bci.nc/wp-json/wp/v2/pages/812,6,200,id_non_derive_session(+6) | hors_cible_de_lancement:vega-is.com,"HSTS,Nginx,PHP:8.5.8,WordPress,Yoast SEO:28.1"
carrieres.bci.nc,https://carrieres.bci.nc/wp-json/wp/v2/pages/84,6,200,id_non_derive_session(+6) | hors_cible_de_lancement:vega-is.com,"HSTS,Nginx,PHP:8.5.8,WordPress,Yoast SEO:28.1"
carrieres.bci.nc,https://carrieres.bci.nc/wp-json/wp/v2/pages/78,6,200,id_non_derive_session(+6) | hors_cible_de_lancement:vega-is.com,"HSTS,Nginx,PHP:8.5.8,WordPress,Yoast SEO:28.1"
carrieres.bci.nc,https://carrieres.bci.nc/wp-json/wp/v2/pages/138,6,200,id_non_derive_session(+6) | hors_cible_de_lancement:vega-is.com,"HSTS,Nginx,PHP:8.5.8,WordPress,Yoast SEO:28.1"
carrieres.bci.nc,https://carrieres.bci.nc/wp-json/wp/v2/pages/80,6,200,id_non_derive_session(+6) | hors_cible_de_lancement:vega-is.com,"HSTS,Nginx,PHP:8.5.8,WordPress,Yoast SEO:28.1"
carrieres.bci.nc,https://carrieres.bci.nc/wp-json/wp/v2/pages/88,6,200,id_non_derive_session(+6) | hors_cible_de_lancement:vega-is.com,"HSTS,Nginx,PHP:8.5.8,WordPress,Yoast SEO:28.1"
carrieres.bci.nc,https://carrieres.bci.nc/wp-json/wp/v2/pages/74,6,200,id_non_derive_session(+6) | hors_cible_de_lancement:vega-is.com,"HSTS,Nginx,PHP:8.5.8,WordPress,Yoast SEO:28.1"
carrieres.bci.nc,https://carrieres.bci.nc/wp-json/wp/v2/pages/92,6,200,id_non_derive_session(+6) | hors_cible_de_lancement:vega-is.com,"HSTS,Nginx,PHP:8.5.8,WordPress,Yoast SEO:28.1"
carrieres.bci.nc,https://carrieres.bci.nc/wp-json/wp/v2/pages/102,6,200,id_non_derive_session(+6) | hors_cible_de_lancement:vega-is.com,"HSTS,Nginx,PHP:8.5.8,WordPress,Yoast SEO:28.1"
carrieres.bci.nc,https://carrieres.bci.nc/wp-json/wp/v2/pages/130,6,200,id_non_derive_session(+6) | hors_cible_de_lancement:vega-is.com,"HSTS,Nginx,PHP:8.5.8,WordPress,Yoast SEO:28.1"
carrieres.bci.nc,https://carrieres.bci.nc/wp-json/wp/v2/pages/136,6,200,id_non_derive_session(+6) | hors_cible_de_lancement:vega-is.com,"HSTS,Nginx,PHP:8.5.8,WordPress,Yoast SEO:28.1"
carrieres.bci.nc,https://carrieres.bci.nc/wp-json/wp/v2/pages/94,6,200,id_non_derive_session(+6) | hors_cible_de_lancement:vega-is.com,"HSTS,Nginx,PHP:8.5.8,WordPress,Yoast SEO:28.1"
carrieres.bci.nc,https://carrieres.bci.nc/wp-json/wp/v2/pages/670,6,200,id_non_derive_session(+6) | hors_cible_de_lancement:vega-is.com,"HSTS,Nginx,PHP:8.5.8,WordPress,Yoast SEO:28.1"
carrieres.bci.nc,https://carrieres.bci.nc/wp-json/wp/v2/pages/134,6,200,id_non_derive_session(+6) | hors_cible_de_lancement:vega-is.com,"HSTS,Nginx,PHP:8.5.8,WordPress,Yoast SEO:28.1"
carrieres.bci.nc,https://carrieres.bci.nc/wp-json/wp/v2/pages/86,6,200,id_non_derive_session(+6) | hors_cible_de_lancement:vega-is.com,"HSTS,Nginx,PHP:8.5.8,WordPress,Yoast SEO:28.1"
carrieres.bci.nc,https://carrieres.bci.nc/wp-json/wp/v2/pages/993,6,200,id_non_derive_session(+6) | hors_cible_de_lancement:vega-is.com,"HSTS,Nginx,PHP:8.5.8,WordPress,Yoast SEO:28.1"
carrieres.bci.nc,https://carrieres.bci.nc/wp-json/wp/v2/pages/82,6,200,id_non_derive_session(+6) | hors_cible_de_lancement:vega-is.com,"HSTS,Nginx,PHP:8.5.8,WordPress,Yoast SEO:28.1"
carrieres.bci.nc,https://carrieres.bci.nc/2024/11,6,200,id_non_derive_session(+6) | hors_cible_de_lancement:vega-is.com,"Bootstrap,HSTS,MySQL,Nginx,OWL Carousel,PHP:8.5.8,Popper,WordPress,Yoast SEO:28.1,jQuery"
carrieres.bci.nc,https://carrieres.bci.nc/wp-json/wp/v2/posts/1,6,200,id_non_derive_session(+6) | hors_cible_de_lancement:vega-is.com,"HSTS,Nginx,PHP:8.5.8,WordPress,Yoast SEO:28.1"
carrieres.bci.nc,https://carrieres.bci.nc/wp-json/wp/v2/pages/132,6,200,id_non_derive_session(+6) | hors_cible_de_lancement:vega-is.com,"HSTS,Nginx,PHP:8.5.8,WordPress,Yoast SEO:28.1"
carrieres.bci.nc,https://carrieres.bci.nc/wp-json/wp/v2/pages/72,6,200,id_non_derive_session(+6) | hors_cible_de_lancement:vega-is.com,"HSTS,Nginx,PHP:8.5.8,WordPress,Yoast SEO:28.1"
carrieres.bci.nc,https://carrieres.bci.nc/wp-json/wp/v2/pages/2,6,200,id_non_derive_session(+6) | hors_cible_de_lancement:vega-is.com,"HSTS,Nginx,PHP:8.5.8,WordPress,Yoast SEO:28.1"
carrieres.bci.nc,https://carrieres.bci.nc/wp-json/wp/v2/pages/3,6,200,id_non_derive_session(+6) | hors_cible_de_lancement:vega-is.com,"HSTS,Nginx,PHP:8.5.8,WordPress,Yoast SEO:28.1"
carrieres.bci.nc,https://carrieres.bci.nc/wp-json/wp/v2/pages/96,6,200,id_non_derive_session(+6) | hors_cible_de_lancement:vega-is.com,"HSTS,Nginx,PHP:8.5.8,WordPress,Yoast SEO:28.1"
cms.bcimr.dj,https://cms.bcimr.dj/?page_id=1449,6,200,id_non_derive_session(+6) | hors_cible_de_lancement:vega-is.com,"Amazon CloudFront,Amazon Web Services,Cloudflare,HSTS,HTTP/3,MySQL,PHP,Polylang,WordPress"
equityderivatives.natixis.com,https://equityderivatives.natixis.com/en-ee/2018/09,6,200,id_non_derive_session(+6) | hors_cible_de_lancement:vega-is.com,"Google Hosted Libraries,MySQL,PHP,WPML:4.7.3,WordPress,Yoast SEO:24.8.1,jQuery"
equityderivatives.natixis.com,https://equityderivatives.natixis.com/it/notizie/page/2,6,200,id_non_derive_session(+6) | hors_cible_de_lancement:vega-is.com,"Google Hosted Libraries,MySQL,PHP,WPML:4.7.3,WordPress,Yoast SEO:24.8.1,jQuery"
equityderivatives.natixis.com,https://equityderivatives.natixis.com/it/notizie/page/4,6,200,id_non_derive_session(+6) | hors_cible_de_lancement:vega-is.com,"Google Hosted Libraries,MySQL,PHP,WPML:4.7.3,WordPress,Yoast SEO:24.8.1,jQuery"
equityderivatives.natixis.com,https://equityderivatives.natixis.com/it/notizie/page/3,6,200,id_non_derive_session(+6) | hors_cible_de_lancement:vega-is.com,"Google Hosted Libraries,MySQL,PHP,WPML:4.7.3,WordPress,Yoast SEO:24.8.1,jQuery"
equityderivatives.natixis.com,https://equityderivatives.natixis.com/en/wp-json/wp/v2/pages/486,6,200,id_non_derive_session(+6) | hors_cible_de_lancement:vega-is.com,"WordPress,Yoast SEO:24.8.1"
equityderivatives.natixis.com,https://equityderivatives.natixis.com/fr/actualites/page/2,6,200,id_non_derive_session(+6) | hors_cible_de_lancement:vega-is.com,"Google Hosted Libraries,MySQL,PHP,WPML:4.7.3,WordPress,Yoast SEO:24.8.1,jQuery"
equityderivatives.natixis.com,https://equityderivatives.natixis.com/fr/actualites/page/3,6,200,id_non_derive_session(+6) | hors_cible_de_lancement:vega-is.com,"Google Hosted Libraries,MySQL,PHP,WPML:4.7.3,WordPress,Yoast SEO:24.8.1,jQuery"
equityderivatives.natixis.com,https://equityderivatives.natixis.com/fr/actualites/page/4,6,200,id_non_derive_session(+6) | hors_cible_de_lancement:vega-is.com,"Google Hosted Libraries,MySQL,PHP,WPML:4.7.3,WordPress,Yoast SEO:24.8.1,jQuery"
equityderivatives.natixis.com,https://equityderivatives.natixis.com/fr/actualites/page/6,6,200,id_non_derive_session(+6) | hors_cible_de_lancement:vega-is.com,"Google Hosted Libraries,MySQL,PHP,WPML:4.7.3,WordPress,Yoast SEO:24.8.1,jQuery"
equityderivatives.natixis.com,https://equityderivatives.natixis.com/fr/wp-json/wp/v2/pages/28,6,200,id_non_derive_session(+6) | hors_cible_de_lancement:vega-is.com,"WordPress,Yoast SEO:24.8.1"
equityderivatives.natixis.com,https://equityderivatives.natixis.com/fr/wp-json/wp/v2/pages/32,6,200,id_non_derive_session(+6) | hors_cible_de_lancement:vega-is.com,"WordPress,Yoast SEO:24.8.1"
equityderivatives.natixis.com,https://equityderivatives.natixis.com/fr/wp-json/wp/v2/pages/30,6,200,id_non_derive_session(+6) | hors_cible_de_lancement:vega-is.com,"WordPress,Yoast SEO:24.8.1"
equityderivatives.natixis.com,https://equityderivatives.natixis.com/fr/actualites/page/5,6,200,id_non_derive_session(+6) | hors_cible_de_lancement:vega-is.com,"Google Hosted Libraries,MySQL,PHP,WPML:4.7.3,WordPress,Yoast SEO:24.8.1,jQuery"
equityderivatives.natixis.com,https://equityderivatives.natixis.com/en/2018/10,6,200,id_non_derive_session(+6) | hors_cible_de_lancement:vega-is.com,"Google Hosted Libraries,MySQL,PHP,WPML:4.7.3,WordPress,Yoast SEO:24.8.1,jQuery"
equityderivatives.natixis.com,https://equityderivatives.natixis.com/fr/actualites/page/7,6,200,id_non_derive_session(+6) | hors_cible_de_lancement:vega-is.com,"Google Hosted Libraries,MySQL,PHP,WPML:4.7.3,WordPress,Yoast SEO:24.8.1,jQuery"
equityderivatives.natixis.com,https://equityderivatives.natixis.com/en/2023/09,6,200,id_non_derive_session(+6) | hors_cible_de_lancement:vega-is.com,"Google Hosted Libraries,MySQL,PHP,WPML:4.7.3,WordPress,Yoast SEO:24.8.1,jQuery"
equityderivatives.natixis.com,https://equityderivatives.natixis.com/it/wp-json/wp/v2/pages/356,6,200,id_non_derive_session(+6) | hors_cible_de_lancement:vega-is.com,"WordPress,Yoast SEO:24.8.1"
equityderivatives.natixis.com,https://equityderivatives.natixis.com/it/wp-json/wp/v2/pages/477,6,200,id_non_derive_session(+6) | hors_cible_de_lancement:vega-is.com,"WordPress,Yoast SEO:24.8.1"
equityderivatives.natixis.com,https://equityderivatives.natixis.com/en/2024/02,6,200,id_non_derive_session(+6) | hors_cible_de_lancement:vega-is.com,"Google Hosted Libraries,MySQL,PHP,WPML:4.7.3,WordPress,Yoast SEO:24.8.1,jQuery"
equityderivatives.natixis.com,https://equityderivatives.natixis.com/en-ee/2019/10,6,200,id_non_derive_session(+6) | hors_cible_de_lancement:vega-is.com,"Google Hosted Libraries,MySQL,PHP,WPML:4.7.3,WordPress,Yoast SEO:24.8.1,jQuery"
equityderivatives.natixis.com,https://equityderivatives.natixis.com/en-ee/2018/04,6,200,id_non_derive_session(+6) | hors_cible_de_lancement:vega-is.com,"Google Hosted Libraries,MySQL,PHP,WPML:4.7.3,WordPress,Yoast SEO:24.8.1,jQuery"
equityderivatives.natixis.com,https://equityderivatives.natixis.com/en/products/page/3,6,200,id_non_derive_session(+6) | hors_cible_de_lancement:vega-is.com,"Google Hosted Libraries,MySQL,PHP,WPML:4.7.3,WordPress,Yoast SEO:24.8.1,jQuery"
equityderivatives.natixis.com,https://equityderivatives.natixis.com/fr/wp-json/wp/v2/pages/12,6,200,id_non_derive_session(+6) | hors_cible_de_lancement:vega-is.com,"WordPress,Yoast SEO:24.8.1"
equityderivatives.natixis.com,https://equityderivatives.natixis.com/fr/wp-json/wp/v2/pages/6,6,200,id_non_derive_session(+6) | hors_cible_de_lancement:vega-is.com,"WordPress,Yoast SEO:24.8.1"
equityderivatives.natixis.com,https://equityderivatives.natixis.com/it/wp-json/wp/v2/pages/414,6,200,id_non_derive_session(+6) | hors_cible_de_lancement:vega-is.com,"WordPress,Yoast SEO:24.8.1"
equityderivatives.natixis.com,https://equityderivatives.natixis.com/it/wp-json/wp/v2/pages/498,6,200,id_non_derive_session(+6) | hors_cible_de_lancement:vega-is.com,"WordPress,Yoast SEO:24.8.1"
equityderivatives.natixis.com,https://equityderivatives.natixis.com/en/products/page/2,6,200,id_non_derive_session(+6) | hors_cible_de_lancement:vega-is.com,"Google Hosted Libraries,MySQL,PHP,WPML:4.7.3,WordPress,Yoast SEO:24.8.1,jQuery"
equityderivatives.natixis.com,https://equityderivatives.natixis.com/en/products/page/5,6,200,id_non_derive_session(+6) | hors_cible_de_lancement:vega-is.com,"Google Hosted Libraries,MySQL,PHP,WPML:4.7.3,WordPress,Yoast SEO:24.8.1,jQuery"
equityderivatives.natixis.com,https://equityderivatives.natixis.com/en/2022/11,6,200,id_non_derive_session(+6) | hors_cible_de_lancement:vega-is.com,"Google Hosted Libraries,MySQL,PHP,WPML:4.7.3,WordPress,Yoast SEO:24.8.1,jQuery"
equityderivatives.natixis.com,https://equityderivatives.natixis.com/en/indice/page/2,6,200,id_non_derive_session(+6) | hors_cible_de_lancement:vega-is.com,"Google Hosted Libraries,MySQL,PHP,WPML:4.7.3,WordPress,Yoast SEO:24.8.1,jQuery"
equityderivatives.natixis.com,https://equityderivatives.natixis.com/en/2025/05,6,200,id_non_derive_session(+6) | hors_cible_de_lancement:vega-is.com,"Google Hosted Libraries,MySQL,PHP,WPML:4.7.3,WordPress,Yoast SEO:24.8.1,jQuery"
equityderivatives.natixis.com,https://equityderivatives.natixis.com/en/2022/12,6,200,id_non_derive_session(+6) | hors_cible_de_lancement:vega-is.com,"Google Hosted Libraries,MySQL,PHP,WPML:4.7.3,WordPress,Yoast SEO:24.8.1,jQuery"
equityderivatives.natixis.com,https://equityderivatives.natixis.com/en-ee/2019/08,6,200,id_non_derive_session(+6) | hors_cible_de_lancement:vega-is.com,"Google Hosted Libraries,MySQL,PHP,WPML:4.7.3,WordPress,Yoast SEO:24.8.1,jQuery"
equityderivatives.natixis.com,https://equityderivatives.natixis.com/en-ee/2019/06,6,200,id_non_derive_session(+6) | hors_cible_de_lancement:vega-is.com,"Google Hosted Libraries,MySQL,PHP,WPML:4.7.3,WordPress,Yoast SEO:24.8.1,jQuery"
equityderivatives.natixis.com,https://equityderivatives.natixis.com/en-ee/2018/06,6,200,id_non_derive_session(+6) | hors_cible_de_lancement:vega-is.com,"Google Hosted Libraries,MySQL,PHP,WPML:4.7.3,WordPress,Yoast SEO:24.8.1,jQuery"
equityderivatives.natixis.com,https://equityderivatives.natixis.com/en-ee/2019/02,6,200,id_non_derive_session(+6) | hors_cible_de_lancement:vega-is.com,"Google Hosted Libraries,MySQL,PHP,WPML:4.7.3,WordPress,Yoast SEO:24.8.1,jQuery"
equityderivatives.natixis.com,https://equityderivatives.natixis.com/en-ee/2018/11,6,200,id_non_derive_session(+6) | hors_cible_de_lancement:vega-is.com,"Google Hosted Libraries,MySQL,PHP,WPML:4.7.3,WordPress,Yoast SEO:24.8.1,jQuery"
equityderivatives.natixis.com,https://equityderivatives.natixis.com/en-ee/2019/05,6,200,id_non_derive_session(+6) | hors_cible_de_lancement:vega-is.com,"Google Hosted Libraries,MySQL,PHP,WPML:4.7.3,WordPress,Yoast SEO:24.8.1,jQuery"
equityderivatives.natixis.com,https://equityderivatives.natixis.com/en-ee/2018/01,6,200,id_non_derive_session(+6) | hors_cible_de_lancement:vega-is.com,"Google Hosted Libraries,MySQL,PHP,WPML:4.7.3,WordPress,Yoast SEO:24.8.1,jQuery"
equityderivatives.natixis.com,https://equityderivatives.natixis.com/en-ee/2018/02,6,200,id_non_derive_session(+6) | hors_cible_de_lancement:vega-is.com,"Google Hosted Libraries,MySQL,PHP,WPML:4.7.3,WordPress,Yoast SEO:24.8.1,jQuery"
equityderivatives.natixis.com,https://equityderivatives.natixis.com/en-ee/2017/10,6,200,id_non_derive_session(+6) | hors_cible_de_lancement:vega-is.com,"Google Hosted Libraries,MySQL,PHP,WPML:4.7.3,WordPress,Yoast SEO:24.8.1,jQuery"
equityderivatives.natixis.com,https://equityderivatives.natixis.com/en-ee/2017/09,6,200,id_non_derive_session(+6) | hors_cible_de_lancement:vega-is.com,"Google Hosted Libraries,MySQL,PHP,WPML:4.7.3,WordPress,Yoast SEO:24.8.1,jQuery"
equityderivatives.natixis.com,https://equityderivatives.natixis.com/en/products/page/4,6,200,id_non_derive_session(+6) | hors_cible_de_lancement:vega-is.com,"Google Hosted Libraries,MySQL,PHP,WPML:4.7.3,WordPress,Yoast SEO:24.8.1,jQuery"
equityderivatives.natixis.com,https://equityderivatives.natixis.com/fr/wp-json/wp/v2/pages/322,6,200,id_non_derive_session(+6) | hors_cible_de_lancement:vega-is.com,"WordPress,Yoast SEO:24.8.1"
equityderivatives.natixis.com,https://equityderivatives.natixis.com/en/2025/03,6,200,id_non_derive_session(+6) | hors_cible_de_lancement:vega-is.com,"Google Hosted Libraries,MySQL,PHP,WPML:4.7.3,WordPress,Yoast SEO:24.8.1,jQuery"
equityderivatives.natixis.com,https://equityderivatives.natixis.com/en-ee/2020/10,6,200,id_non_derive_session(+6) | hors_cible_de_lancement:vega-is.com,"Google Hosted Libraries,MySQL,PHP,WPML:4.7.3,WordPress,Yoast SEO:24.8.1,jQuery"
equityderivatives.natixis.com,https://equityderivatives.natixis.com/en-ee/indice/page/2,6,200,id_non_derive_session(+6) | hors_cible_de_lancement:vega-is.com,"Google Hosted Libraries,MySQL,PHP,WPML:4.7.3,WordPress,Yoast SEO:24.8.1,jQuery"
equityderivatives.natixis.com,https://equityderivatives.natixis.com/en/2025/09,6,200,id_non_derive_session(+6) | hors_cible_de_lancement:vega-is.com,"Google Hosted Libraries,MySQL,PHP,WPML:4.7.3,WordPress,Yoast SEO:24.8.1,jQuery"
equityderivatives.natixis.com,https://equityderivatives.natixis.com/en/2025/11,6,200,id_non_derive_session(+6) | hors_cible_de_lancement:vega-is.com,"Google Hosted Libraries,MySQL,PHP,WPML:4.7.3,WordPress,Yoast SEO:24.8.1,jQuery"
equityderivatives.natixis.com,https://equityderivatives.natixis.com/en/2020/03,6,200,id_non_derive_session(+6) | hors_cible_de_lancement:vega-is.com,"Google Hosted Libraries,MySQL,PHP,WPML:4.7.3,WordPress,Yoast SEO:24.8.1,jQuery"
equityderivatives.natixis.com,https://equityderivatives.natixis.com/en/2023/01,6,200,id_non_derive_session(+6) | hors_cible_de_lancement:vega-is.com,"Google Hosted Libraries,MySQL,PHP,WPML:4.7.3,WordPress,Yoast SEO:24.8.1,jQuery"
equityderivatives.natixis.com,https://equityderivatives.natixis.com/de/wp-json/wp/v2/pages/476,6,200,id_non_derive_session(+6) | hors_cible_de_lancement:vega-is.com,"WordPress,Yoast SEO:24.8.1"
equityderivatives.natixis.com,https://equityderivatives.natixis.com/de/wp-json/wp/v2/pages/497,6,200,id_non_derive_session(+6) | hors_cible_de_lancement:vega-is.com,"WordPress,Yoast SEO:24.8.1"
equityderivatives.natixis.com,https://equityderivatives.natixis.com/de/wp-json/wp/v2/pages/354,6,200,id_non_derive_session(+6) | hors_cible_de_lancement:vega-is.com,"WordPress,Yoast SEO:24.8.1"
equityderivatives.natixis.com,https://equityderivatives.natixis.com/de/wp-json/wp/v2/pages/413,6,200,id_non_derive_session(+6) | hors_cible_de_lancement:vega-is.com,"WordPress,Yoast SEO:24.8.1"
equityderivatives.natixis.com,https://equityderivatives.natixis.com/de/nachrichten/page/3,6,200,id_non_derive_session(+6) | hors_cible_de_lancement:vega-is.com,"Google Hosted Libraries,MySQL,PHP,WPML:4.7.3,WordPress,Yoast SEO:24.8.1,jQuery"
equityderivatives.natixis.com,https://equityderivatives.natixis.com/en/2023/08,6,200,id_non_derive_session(+6) | hors_cible_de_lancement:vega-is.com,"Google Hosted Libraries,MySQL,PHP,WPML:4.7.3,WordPress,Yoast SEO:24.8.1,jQuery"
equityderivatives.natixis.com,https://equityderivatives.natixis.com/en/2023/10,6,200,id_non_derive_session(+6) | hors_cible_de_lancement:vega-is.com,"Google Hosted Libraries,MySQL,PHP,WPML:4.7.3,WordPress,Yoast SEO:24.8.1,jQuery"
equityderivatives.natixis.com,https://equityderivatives.natixis.com/en/2020/01,6,200,id_non_derive_session(+6) | hors_cible_de_lancement:vega-is.com,"Google Hosted Libraries,MySQL,PHP,WPML:4.7.3,WordPress,Yoast SEO:24.8.1,jQuery"
equityderivatives.natixis.com,https://equityderivatives.natixis.com/de/nachrichten/page/2,6,200,id_non_derive_session(+6) | hors_cible_de_lancement:vega-is.com,"Google Hosted Libraries,MySQL,PHP,WPML:4.7.3,WordPress,Yoast SEO:24.8.1,jQuery"
equityderivatives.natixis.com,https://equityderivatives.natixis.com/en/2020/07,6,200,id_non_derive_session(+6) | hors_cible_de_lancement:vega-is.com,"Google Hosted Libraries,MySQL,PHP,WPML:4.7.3,WordPress,Yoast SEO:24.8.1,jQuery"
equityderivatives.natixis.com,https://equityderivatives.natixis.com/en/2018/07,6,200,id_non_derive_session(+6) | hors_cible_de_lancement:vega-is.com,"Google Hosted Libraries,MySQL,PHP,WPML:4.7.3,WordPress,Yoast SEO:24.8.1,jQuery"
id.oney.es,https://id.oney.es/oauth/authorize?client_id=7_8btVil302ah6kEcePjtQ%3D%3D&redirect_uri=https%3A%2F%2Fweb.oney.es%2Farea-clientes%2Fauth&response_type=code,6,200,id_non_derive_session(+1) | flux_auth | hors_cible_de_lancement:vega-is.com,"Google Tag Manager,HSTS,Microsoft ASP.NET,jQuery"
id.oney.es,https://id.oney.es/oauth/authorize?client_id=7_8btVil302ah6kEcePjtQ%3D%3D,6,200,id_non_derive_session(+1) | flux_auth | hors_cible_de_lancement:vega-is.com,"Google Tag Manager,HSTS,Microsoft ASP.NET,jQuery"
id.oney.es,https://id.oney.es/oauth/authorize?_ga=2.232567836.2036648612.1682317435-822736235.1682317435&_gl=1%2A1gxdlgh%2A_gcl_au%2AMTI5OTExMjgwMC4xNzMyNzg0MjU5%2A_ga%2AODkwMjU4NDk2LjE3MzI3ODE1OTI.%2A_ga_ETZPHMS6E2%2AMTczMzE0MDQ2NS4xNC4wLjE3MzMxNDA0NjUuNjAuMC4w&client_id=7_8btVil302ah6kEcePjtQ%3D%3D&redirect_uri=https%3A%2F%2Fweb.oney.es%2Farea-clientes%2Fauth&response_type=code,6,200,id_non_derive_session(+1) | flux_auth | hors_cible_de_lancement:vega-is.com,"Google Tag Manager,HSTS,Microsoft ASP.NET,jQuery"
id.oney.es,https://id.oney.es/oauth/authorize?_ga=2.232567836.2036648612.1682317435-822736235.1682317435&client_id=7_8btVil302ah6kEcePjtQ%3D%3D&redirect_uri=https%3A%2F%2Fweb.oney.es%2Farea-clientes%2Fauth&response_type=code,6,200,id_non_derive_session(+1) | flux_auth | hors_cible_de_lancement:vega-is.com,"Google Tag Manager,HSTS,Microsoft ASP.NET,jQuery"
nl.oney.be,https://nl.oney.be/wp-json/wp/v2/pages/1127,6,200,id_non_derive_session(+6) | hors_cible_de_lancement:vega-is.com,"Apache HTTP Server,HSTS"
nl.oney.be,https://nl.oney.be/wp-json/wp/v2/pages/1753,6,200,id_non_derive_session(+6) | hors_cible_de_lancement:vega-is.com,"Apache HTTP Server,HSTS"
nl.oney.be,https://nl.oney.be/wp-json/wp/v2/pages/1591,6,200,id_non_derive_session(+6) | hors_cible_de_lancement:vega-is.com,"Apache HTTP Server,HSTS"
nl.oney.be,https://nl.oney.be/wp-json/wp/v2/pages/1806,6,200,id_non_derive_session(+6) | hors_cible_de_lancement:vega-is.com,"Apache HTTP Server,HSTS"
nl.oney.be,https://nl.oney.be/wp-json/wp/v2/pages/2254,6,200,id_non_derive_session(+6) | hors_cible_de_lancement:vega-is.com,"Apache HTTP Server,HSTS"
nl.oney.be,https://nl.oney.be/wp-json/wp/v2/pages/1774,6,200,id_non_derive_session(+6) | hors_cible_de_lancement:vega-is.com,"Apache HTTP Server,HSTS"
nl.oney.be,https://nl.oney.be/wp-json/wp/v2/pages/1451,6,200,id_non_derive_session(+6) | hors_cible_de_lancement:vega-is.com,"Apache HTTP Server,HSTS"
nl.oney.be,https://nl.oney.be/wp-json/wp/v2/pages/1136,6,200,id_non_derive_session(+6) | hors_cible_de_lancement:vega-is.com,"Apache HTTP Server,HSTS"
oney.be,https://oney.be/wp-json/wp/v2/pages/1125,6,200,id_non_derive_session(+6) | hors_cible_de_lancement:vega-is.com,"Apache HTTP Server,HSTS"
oney.it,https://oney.it/wp-json/wp/v2/pages/1095,6,200,id_non_derive_session(+6) | hors_cible_de_lancement:vega-is.com,"Apache HTTP Server,HSTS"
www.banqueduleman.ch,https://www.banqueduleman.ch/actualites/page/4,6,200,id_non_derive_session(+6) | hors_cible_de_lancement:vega-is.com,"Elementor:4.1.4,Google Tag Manager,HSTS,HTTP/3,MySQL,PHP,Sucuri,Swiper,WP Rocket,WordPress,Yoast SEO:28.0,jQuery"
www.banqueduleman.ch,https://www.banqueduleman.ch/actualites/page/5,6,200,id_non_derive_session(+6) | hors_cible_de_lancement:vega-is.com,"Elementor:4.1.4,Google Tag Manager,HSTS,HTTP/3,MySQL,PHP,Sucuri,Swiper,WP Rocket,WordPress,Yoast SEO:28.0,jQuery"
www.banqueduleman.ch,https://www.banqueduleman.ch/actualites/page/2,6,200,id_non_derive_session(+6) | hors_cible_de_lancement:vega-is.com,"Elementor:4.1.4,Google Tag Manager,HSTS,HTTP/3,MySQL,PHP,Sucuri,Swiper,WP Rocket,WordPress,Yoast SEO:28.0,jQuery"
www.banqueduleman.ch,https://www.banqueduleman.ch/actualites/page/6,6,200,id_non_derive_session(+6) | hors_cible_de_lancement:vega-is.com,"Elementor:4.1.4,Google Tag Manager,HSTS,HTTP/3,MySQL,PHP,Sucuri,Swiper,WP Rocket,WordPress,Yoast SEO:28.0,jQuery"
www.banqueduleman.ch,https://www.banqueduleman.ch/actualites/page/3,6,200,id_non_derive_session(+6) | hors_cible_de_lancement:vega-is.com,"Elementor:4.1.4,Google Tag Manager,HSTS,HTTP/3,MySQL,PHP,Sucuri,Swiper,WP Rocket,WordPress,Yoast SEO:28.0,jQuery"
www.bci.nc,https://www.bci.nc/la-bci/responsabilite-societale-des-entreprises?id=8&view=category,6,200,"id_non_derive_session(+6) | hors_cible_de_lancement:vega-is.com | sonde: 2 id non-asset, similarite 0.667 hors seuils, borne id=99999999->404 -> indetermine","Bootstrap,HSTS,Joomla,Nginx,PHP,jQuery"
www.bci.nc,https://www.bci.nc/index.php?Itemid=107&id=9&layout=bci%3Aactu&option=com_content&view=category,6,200,id_non_derive_session(+6) | hors_cible_de_lancement:vega-is.com,"Bootstrap,HSTS,Joomla,Nginx,PHP,jQuery"
www.bci.nc,https://www.bci.nc/index.php?Itemid=483&id=241&option=com_content&view=article,6,200,id_non_derive_session(+6) | hors_cible_de_lancement:vega-is.com,"Bootstrap,HSTS,Joomla,Nginx,PHP,jQuery"
www.bci.nc,https://www.bci.nc/index.php?Itemid=105&id=2&option=com_content&view=article,6,200,id_non_derive_session(+6) | hors_cible_de_lancement:vega-is.com,"Bootstrap,HSTS,Joomla,Nginx,PHP,jQuery"
www.bci.nc,https://www.bci.nc/index.php?Itemid=104&id=1&option=com_content&view=article,6,200,id_non_derive_session(+6) | hors_cible_de_lancement:vega-is.com,"Bootstrap,HSTS,Joomla,Nginx,PHP,jQuery"
www.bci.nc,https://www.bci.nc/la-bci/responsabilite-societale-des-entreprises?id=11&view=category,6,200,"id_non_derive_session(+6) | hors_cible_de_lancement:vega-is.com | sonde: 2 id non-asset, similarite 0.667 hors seuils, borne id=99999999->404 -> indetermine","Bootstrap,HSTS,Joomla,Nginx,PHP,jQuery"
www.bci.nc,https://www.bci.nc/index.php?Itemid=482&id=240&option=com_content&view=article,6,200,id_non_derive_session(+6) | hors_cible_de_lancement:vega-is.com,"Bootstrap,HSTS,Joomla,Nginx,PHP,jQuery"
www.bci.nc,https://www.bci.nc/index.php?Itemid=106&id=3&option=com_content&view=article,6,200,id_non_derive_session(+6) | hors_cible_de_lancement:vega-is.com,"Bootstrap,HSTS,Joomla,Nginx,PHP,jQuery"
www.bci.nc,https://www.bci.nc/index.php?Itemid=108&id=4&option=com_content&view=article,6,200,id_non_derive_session(+6) | hors_cible_de_lancement:vega-is.com,"Bootstrap,HSTS,Joomla,Nginx,PHP,jQuery"
www.bred.vu,https://www.bred.vu/wp-json/wp/v2/pages/281,6,401,id_non_derive_session(+6),"Cloudflare,Cloudflare Bot Management,HSTS,HTTP/3,Kinsta,MySQL,PHP,WordPress"
www.bred.vu,https://www.bred.vu/wp-json/wp/v2/posts/1367,6,401,id_non_derive_session(+6),"Cloudflare,Cloudflare Bot Management,HSTS,HTTP/3,Kinsta,MySQL,PHP,WordPress"
www.bred.vu,https://www.bred.vu/wp-json/wp/v2/pages/2720,6,401,id_non_derive_session(+6),"Cloudflare,Cloudflare Bot Management,HSTS,HTTP/3,Kinsta,MySQL,PHP,WordPress"
www.bred.vu,https://www.bred.vu/wp-json/wp/v2/pages/285,6,401,id_non_derive_session(+6),"Cloudflare,Cloudflare Bot Management,HSTS,HTTP/3,Kinsta,MySQL,PHP,WordPress"
www.bred.vu,https://www.bred.vu/wp-json/wp/v2/pages/2351,6,401,id_non_derive_session(+6),"Cloudflare,Cloudflare Bot Management,HSTS,HTTP/3,Kinsta,MySQL,PHP,WordPress"
www.bred.vu,https://www.bred.vu/wp-json/wp/v2/pages/2861,6,401,id_non_derive_session(+6),"Cloudflare,Cloudflare Bot Management,HSTS,HTTP/3,Kinsta,MySQL,PHP,WordPress"
www.bred.vu,https://www.bred.vu/wp-json/wp/v2/pages/3007,6,401,id_non_derive_session(+6),"Cloudflare,Cloudflare Bot Management,HSTS,HTTP/3,Kinsta,MySQL,PHP,WordPress"
www.bred.vu,https://www.bred.vu/wp-json/wp/v2/pages/1787,6,401,id_non_derive_session(+6),"Cloudflare,Cloudflare Bot Management,HSTS,HTTP/3,Kinsta,MySQL,PHP,WordPress"
www.bred.vu,https://www.bred.vu/wp-json/wp/v2/pages/2,6,401,id_non_derive_session(+6),"Cloudflare,Cloudflare Bot Management,HSTS,HTTP/3,Kinsta,MySQL,PHP,WordPress"
www.bred.vu,https://www.bred.vu/fr/accueil/attachment/12,6,200,id_non_derive_session(+6) | hors_cible_de_lancement:vega-is.com,"Chart.js,Cloudflare,Cloudflare Bot Management,Google Analytics,Google Tag Manager,HSTS,HTTP/3,Kinsta,Lightbox,MySQL,PHP,Underscore.js:1.13.8,WordPress:7.0.2,Yoast SEO:28.1,jQuery"
www.bred.vu,https://www.bred.vu/wp-json/wp/v2/pages/498,6,401,id_non_derive_session(+6),"Cloudflare,Cloudflare Bot Management,HSTS,HTTP/3,Kinsta,MySQL,PHP,WordPress"
www.bred.vu,https://www.bred.vu/wp-json/wp/v2/pages/250,6,401,id_non_derive_session(+6),"Cloudflare,Cloudflare Bot Management,HSTS,HTTP/3,Kinsta,MySQL,PHP,WordPress"
www.bred.vu,https://www.bred.vu/wp-json/wp/v2/pages/210,6,401,id_non_derive_session(+6),"Cloudflare,Cloudflare Bot Management,HSTS,HTTP/3,Kinsta,MySQL,PHP,WordPress"
www.bred.vu,https://www.bred.vu/scam-awareness/attachment/2,6,200,id_non_derive_session(+6) | hors_cible_de_lancement:vega-is.com | sonde: 0 reponse 200 exploitable sur 4 id -> indetermine,"Chart.js,Cloudflare,Cloudflare Bot Management,Google Analytics,Google Tag Manager,HSTS,HTTP/3,Kinsta,Lightbox,MySQL,PHP,Underscore.js:1.13.8,WordPress:7.0.2,Yoast SEO:28.1,jQuery"
www.bred.vu,https://www.bred.vu/wp-json/wp/v2/pages/247,6,401,id_non_derive_session(+6),"Cloudflare,Cloudflare Bot Management,HSTS,HTTP/3,Kinsta,MySQL,PHP,WordPress"
www.bred.vu,https://www.bred.vu/feed?attachment_id=1915,6,200,id_non_derive_session(+6) | hors_cible_de_lancement:vega-is.com | sonde: 0 reponse 200 exploitable sur 3 id -> indetermine,"Cloudflare,Cloudflare Bot Management,HSTS,HTTP/3,Kinsta,MySQL,PHP,Polylang,WordPress"
www.bred.vu,https://www.bred.vu/wp-json/wp/v2/pages/2950,6,401,id_non_derive_session(+6),"Cloudflare,Cloudflare Bot Management,HSTS,HTTP/3,Kinsta,MySQL,PHP,WordPress"
www.bred.vu,https://www.bred.vu/wp-json/wp/v2/pages/2668,6,401,id_non_derive_session(+6),"Cloudflare,Cloudflare Bot Management,HSTS,HTTP/3,Kinsta,MySQL,PHP,WordPress"
www.bred.vu,https://www.bred.vu/wp-json/wp/v2/pages/709,6,401,id_non_derive_session(+6),"Cloudflare,Cloudflare Bot Management,HSTS,HTTP/3,Kinsta,MySQL,PHP,WordPress"
www.bred.vu,https://www.bred.vu/wp-json/wp/v2/posts/1455,6,401,id_non_derive_session(+6),"Cloudflare,Cloudflare Bot Management,HSTS,HTTP/3,Kinsta,MySQL,PHP,WordPress"
www.bred.vu,https://www.bred.vu/wp-json/wp/v2/pages/71,6,401,id_non_derive_session(+6),"Cloudflare,Cloudflare Bot Management,HSTS,HTTP/3,Kinsta,MySQL,PHP,WordPress"
www.bred.vu,https://www.bred.vu/wp-json/wp/v2/pages/241,6,401,id_non_derive_session(+6),"Cloudflare,Cloudflare Bot Management,HSTS,HTTP/3,Kinsta,MySQL,PHP,WordPress"
www.bred.vu,https://www.bred.vu/wp-json/wp/v2/pages/2662,6,401,id_non_derive_session(+6),"Cloudflare,Cloudflare Bot Management,HSTS,HTTP/3,Kinsta,MySQL,PHP,WordPress"
www.bred.vu,https://www.bred.vu/wp-json/wp/v2/pages/2516,6,401,id_non_derive_session(+6),"Cloudflare,Cloudflare Bot Management,HSTS,HTTP/3,Kinsta,MySQL,PHP,WordPress"
www.bred.vu,https://www.bred.vu/wp-json/wp/v2/pages/265,6,401,id_non_derive_session(+6),"Cloudflare,Cloudflare Bot Management,HSTS,HTTP/3,Kinsta,MySQL,PHP,WordPress"
www.bred.vu,https://www.bred.vu/wp-json/wp/v2/pages/257,6,401,id_non_derive_session(+6),"Cloudflare,Cloudflare Bot Management,HSTS,HTTP/3,Kinsta,MySQL,PHP,WordPress"
www.bred.vu,https://www.bred.vu/wp-json/wp/v2/pages/197,6,401,id_non_derive_session(+6),"Cloudflare,Cloudflare Bot Management,HSTS,HTTP/3,Kinsta,MySQL,PHP,WordPress"
www.bred.vu,https://www.bred.vu/wp-json/wp/v2/pages/1743,6,401,id_non_derive_session(+6),"Cloudflare,Cloudflare Bot Management,HSTS,HTTP/3,Kinsta,MySQL,PHP,WordPress"
www.bred.vu,https://www.bred.vu/wp-json/wp/v2/pages/1397,6,401,id_non_derive_session(+6),"Cloudflare,Cloudflare Bot Management,HSTS,HTTP/3,Kinsta,MySQL,PHP,WordPress"
www.bred.vu,https://www.bred.vu/wp-json/wp/v2/pages/146,6,401,id_non_derive_session(+6),"Cloudflare,Cloudflare Bot Management,HSTS,HTTP/3,Kinsta,MySQL,PHP,WordPress"
www.bred.vu,https://www.bred.vu/wp-json/wp/v2/pages/2673,6,401,id_non_derive_session(+6),"Cloudflare,Cloudflare Bot Management,HSTS,HTTP/3,Kinsta,MySQL,PHP,WordPress"
www.bred.vu,https://www.bred.vu/wp-json/wp/v2/pages/792,6,401,id_non_derive_session(+6),"Cloudflare,Cloudflare Bot Management,HSTS,HTTP/3,Kinsta,MySQL,PHP,WordPress"
www.bred.vu,https://www.bred.vu/wp-json/wp/v2/pages/809,6,401,id_non_derive_session(+6),"Cloudflare,Cloudflare Bot Management,HSTS,HTTP/3,Kinsta,MySQL,PHP,WordPress"
www.bred.vu,https://www.bred.vu/wp-json/wp/v2/pages/277,6,401,id_non_derive_session(+6),"Cloudflare,Cloudflare Bot Management,HSTS,HTTP/3,Kinsta,MySQL,PHP,WordPress"
www.bred.vu,https://www.bred.vu/wp-json/wp/v2/pages/226,6,401,id_non_derive_session(+6),"Cloudflare,Cloudflare Bot Management,HSTS,HTTP/3,Kinsta,MySQL,PHP,WordPress"
www.bred.vu,https://www.bred.vu/wp-json/wp/v2/posts/1452,6,401,id_non_derive_session(+6),"Cloudflare,Cloudflare Bot Management,HSTS,HTTP/3,Kinsta,MySQL,PHP,WordPress"
www.bred.vu,https://www.bred.vu/wp-json/wp/v2/pages/2259,6,401,id_non_derive_session(+6),"Cloudflare,Cloudflare Bot Management,HSTS,HTTP/3,Kinsta,MySQL,PHP,WordPress"
www.bred.vu,https://www.bred.vu/scam-awareness/attachment/1,6,200,id_non_derive_session(+6) | hors_cible_de_lancement:vega-is.com | sonde: 0 reponse 200 exploitable sur 4 id -> indetermine,"Chart.js,Cloudflare,Cloudflare Bot Management,Google Analytics,Google Tag Manager,HSTS,HTTP/3,Kinsta,Lightbox,MySQL,PHP,Underscore.js:1.13.8,WordPress:7.0.2,Yoast SEO:28.1,jQuery"
www.bred.vu,https://www.bred.vu/wp-json/wp/v2/posts/1339,6,401,id_non_derive_session(+6),"Cloudflare,Cloudflare Bot Management,HSTS,HTTP/3,Kinsta,MySQL,PHP,WordPress"
www.bred.vu,https://www.bred.vu/wp-json/wp/v2/posts/1,6,401,id_non_derive_session(+6),"Cloudflare,Cloudflare Bot Management,HSTS,HTTP/3,Kinsta,MySQL,PHP,WordPress"
www.bred.vu,https://www.bred.vu/scam-awareness/attachment/4,6,200,id_non_derive_session(+6) | hors_cible_de_lancement:vega-is.com | sonde: 0 reponse 200 exploitable sur 4 id -> indetermine,"Chart.js,Cloudflare,Cloudflare Bot Management,Google Analytics,Google Tag Manager,HSTS,HTTP/3,Kinsta,Lightbox,MySQL,PHP,Underscore.js:1.13.8,WordPress:7.0.2,Yoast SEO:28.1,jQuery"
www.bred.vu,https://www.bred.vu/scam-awareness/attachment/6,6,200,id_non_derive_session(+6) | hors_cible_de_lancement:vega-is.com | sonde: 0 reponse 200 exploitable sur 4 id -> indetermine,"Chart.js,Cloudflare,Cloudflare Bot Management,Google Analytics,Google Tag Manager,HSTS,HTTP/3,Kinsta,Lightbox,MySQL,PHP,Underscore.js:1.13.8,WordPress:7.0.2,Yoast SEO:28.1,jQuery"
www.bred.vu,https://www.bred.vu/wp-json/wp/v2/pages/311,6,401,id_non_derive_session(+6),"Cloudflare,Cloudflare Bot Management,HSTS,HTTP/3,Kinsta,MySQL,PHP,WordPress"
www.bred.vu,https://www.bred.vu/wp-json/wp/v2/pages/802,6,401,id_non_derive_session(+6),"Cloudflare,Cloudflare Bot Management,HSTS,HTTP/3,Kinsta,MySQL,PHP,WordPress"
www.bred.vu,https://www.bred.vu/wp-json/wp/v2/pages/115,6,401,id_non_derive_session(+6),"Cloudflare,Cloudflare Bot Management,HSTS,HTTP/3,Kinsta,MySQL,PHP,WordPress"
www.bred.vu,https://www.bred.vu/wp-json/wp/v2/pages/2009,6,401,id_non_derive_session(+6),"Cloudflare,Cloudflare Bot Management,HSTS,HTTP/3,Kinsta,MySQL,PHP,WordPress"
www.bred.vu,https://www.bred.vu/wp-json/wp/v2/pages/140,6,401,id_non_derive_session(+6),"Cloudflare,Cloudflare Bot Management,HSTS,HTTP/3,Kinsta,MySQL,PHP,WordPress"
www.bred.vu,https://www.bred.vu/wp-json/wp/v2/pages/105,6,401,id_non_derive_session(+6),"Cloudflare,Cloudflare Bot Management,HSTS,HTTP/3,Kinsta,MySQL,PHP,WordPress"
www.bred.vu,https://www.bred.vu/wp-json/wp/v2/pages/230,6,401,id_non_derive_session(+6),"Cloudflare,Cloudflare Bot Management,HSTS,HTTP/3,Kinsta,MySQL,PHP,WordPress"
www.bred.vu,https://www.bred.vu/wp-json/wp/v2/pages/3033,6,401,id_non_derive_session(+6),"Cloudflare,Cloudflare Bot Management,HSTS,HTTP/3,Kinsta,MySQL,PHP,WordPress"
www.bred.vu,https://www.bred.vu/wp-json/wp/v2/pages/3097,6,401,id_non_derive_session(+6),"Cloudflare,Cloudflare Bot Management,HSTS,HTTP/3,Kinsta,MySQL,PHP,WordPress"
www.bred.vu,https://www.bred.vu/wp-json/wp/v2/pages/794,6,401,id_non_derive_session(+6),"Cloudflare,Cloudflare Bot Management,HSTS,HTTP/3,Kinsta,MySQL,PHP,WordPress"
www.bred.vu,https://www.bred.vu/wp-json/wp/v2/pages/610,6,401,id_non_derive_session(+6),"Cloudflare,Cloudflare Bot Management,HSTS,HTTP/3,Kinsta,MySQL,PHP,WordPress"
www.bred.vu,https://www.bred.vu/wp-json/wp/v2/pages/2989,6,401,id_non_derive_session(+6),"Cloudflare,Cloudflare Bot Management,HSTS,HTTP/3,Kinsta,MySQL,PHP,WordPress"
www.bred.vu,https://www.bred.vu/scam-awareness/attachment/3,6,200,id_non_derive_session(+6) | hors_cible_de_lancement:vega-is.com | sonde: 0 reponse 200 exploitable sur 4 id -> indetermine,"Chart.js,Cloudflare,Cloudflare Bot Management,Google Analytics,Google Tag Manager,HSTS,HTTP/3,Kinsta,Lightbox,MySQL,PHP,Underscore.js:1.13.8,WordPress:7.0.2,Yoast SEO:28.1,jQuery"
www.bred.vu,https://www.bred.vu/scam-awareness/attachment/5,6,200,id_non_derive_session(+6) | hors_cible_de_lancement:vega-is.com | sonde: 0 reponse 200 exploitable sur 4 id -> indetermine,"Chart.js,Cloudflare,Cloudflare Bot Management,Google Analytics,Google Tag Manager,HSTS,HTTP/3,Kinsta,Lightbox,MySQL,PHP,Underscore.js:1.13.8,WordPress:7.0.2,Yoast SEO:28.1,jQuery"
www.bred.vu,https://www.bred.vu/wp-json/wp/v2/posts/1449,6,401,id_non_derive_session(+6),"Cloudflare,Cloudflare Bot Management,HSTS,HTTP/3,Kinsta,MySQL,PHP,WordPress"
www.bred.vu,https://www.bred.vu/wp-json/wp/v2/pages/2164,6,401,id_non_derive_session(+6),"Cloudflare,Cloudflare Bot Management,HSTS,HTTP/3,Kinsta,MySQL,PHP,WordPress"
www.cenetdemo.banquebcp.fr,https://www.cenetdemo.banquebcp.fr/Default.aspx?ReturnUrl=%2F,6,200,open_redirect_possible,HSTS
www.cenetdemo.netpart.creditfoncier.fr,https://www.cenetdemo.netpart.creditfoncier.fr/Default.aspx?ReturnUrl=%2F,6,200,open_redirect_possible,HSTS
www.cenetdemo-ppr.banquebcp.fr,https://www.cenetdemo-ppr.banquebcp.fr/Default.aspx?ReturnUrl=%2F,6,200,open_redirect_possible,HSTS
www.csebpcea.fr,https://www.csebpcea.fr/com/page/874,6,200,id_non_derive_session(+6) | hors_cible_de_lancement:vega-is.com,"Bootstrap,HSTS,PHP,jQuery,jQuery UI"
www.csebpcea.fr,https://www.csebpcea.fr/com/page/947,6,200,id_non_derive_session(+6) | hors_cible_de_lancement:vega-is.com,"Bootstrap,HSTS,PHP,jQuery,jQuery UI"
www.csebpcea.fr,https://www.csebpcea.fr/com/page/998,6,200,id_non_derive_session(+6) | hors_cible_de_lancement:vega-is.com,"Bootstrap,HSTS,PHP,jQuery,jQuery UI"
www.csebpcea.fr,https://www.csebpcea.fr/com/page/571,6,200,id_non_derive_session(+6) | hors_cible_de_lancement:vega-is.com,"Bootstrap,HSTS,PHP,jQuery,jQuery UI"
www.csebpcea.fr,https://www.csebpcea.fr/com/page/569,6,200,id_non_derive_session(+6) | hors_cible_de_lancement:vega-is.com,"Bootstrap,HSTS,PHP,jQuery,jQuery UI"
www.csebpcea.fr,https://www.csebpcea.fr/com/page/771,6,200,id_non_derive_session(+6) | hors_cible_de_lancement:vega-is.com,"Bootstrap,HSTS,PHP,jQuery,jQuery UI"
www.csebpcea.fr,https://www.csebpcea.fr/com/page/449,6,200,id_non_derive_session(+6) | hors_cible_de_lancement:vega-is.com,"Bootstrap,HSTS,PHP,jQuery,jQuery UI"
www.csebpcea.fr,https://www.csebpcea.fr/com/page/777,6,200,id_non_derive_session(+6) | hors_cible_de_lancement:vega-is.com,"Bootstrap,HSTS,PHP,jQuery,jQuery UI"
www.csebpcea.fr,https://www.csebpcea.fr/com/page/775,6,200,id_non_derive_session(+6) | hors_cible_de_lancement:vega-is.com,"Bootstrap,HSTS,PHP,jQuery,jQuery UI"
www.csebpcea.fr,https://www.csebpcea.fr/com/page/451,6,200,id_non_derive_session(+6) | hors_cible_de_lancement:vega-is.com,"Bootstrap,HSTS,PHP,jQuery,jQuery UI"
www.csebpcea.fr,https://www.csebpcea.fr/com/page/778,6,200,id_non_derive_session(+6) | hors_cible_de_lancement:vega-is.com,"Bootstrap,HSTS,PHP,jQuery,jQuery UI"
www.csebpcea.fr,https://www.csebpcea.fr/com/page/929,6,200,id_non_derive_session(+6) | hors_cible_de_lancement:vega-is.com,"Bootstrap,HSTS,PHP,jQuery,jQuery UI"
www.csebpcea.fr,https://www.csebpcea.fr/com/page/1053,6,200,id_non_derive_session(+6) | hors_cible_de_lancement:vega-is.com,"Bootstrap,HSTS,PHP,jQuery,jQuery UI"
www.csebpcea.fr,https://www.csebpcea.fr/com/page/663,6,200,id_non_derive_session(+6) | hors_cible_de_lancement:vega-is.com,"Bootstrap,HSTS,PHP,jQuery,jQuery UI"
www.csebpcea.fr,https://www.csebpcea.fr/com/page/1039,6,200,id_non_derive_session(+6) | hors_cible_de_lancement:vega-is.com,"Bootstrap,HSTS,PHP,jQuery,jQuery UI"
www.csebpcea.fr,https://www.csebpcea.fr/com/page/1020,6,200,id_non_derive_session(+6) | hors_cible_de_lancement:vega-is.com,"Bootstrap,HSTS,PHP,jQuery,jQuery UI"
www.csebpcea.fr,https://www.csebpcea.fr/com/page/797,6,200,id_non_derive_session(+6) | hors_cible_de_lancement:vega-is.com,"Bootstrap,HSTS,PHP,jQuery,jQuery UI"
www.csebpcea.fr,https://www.csebpcea.fr/com/page/801,6,200,id_non_derive_session(+6) | hors_cible_de_lancement:vega-is.com,"Bootstrap,HSTS,PHP,jQuery,jQuery UI"
www.csebpcea.fr,https://www.csebpcea.fr/com/page/1058,6,200,id_non_derive_session(+6) | hors_cible_de_lancement:vega-is.com,"Bootstrap,HSTS,PHP,jQuery,jQuery UI"
www.csebpcea.fr,https://www.csebpcea.fr/com/page/1004,6,200,id_non_derive_session(+6) | hors_cible_de_lancement:vega-is.com,"Bootstrap,HSTS,PHP,jQuery,jQuery UI"
www.csebpcea.fr,https://www.csebpcea.fr/com/page/1008,6,200,id_non_derive_session(+6) | hors_cible_de_lancement:vega-is.com,"Bootstrap,HSTS,PHP,jQuery,jQuery UI"
www.csebpcea.fr,https://www.csebpcea.fr/com/page/1041,6,200,id_non_derive_session(+6) | hors_cible_de_lancement:vega-is.com,"Bootstrap,HSTS,PHP,jQuery,jQuery UI"
www.csebpcea.fr,https://www.csebpcea.fr/com/page/1055,6,200,id_non_derive_session(+6) | hors_cible_de_lancement:vega-is.com,"Bootstrap,HSTS,PHP,jQuery,jQuery UI"
www.csebpcea.fr,https://www.csebpcea.fr/com/page/491,6,200,id_non_derive_session(+6) | hors_cible_de_lancement:vega-is.com,"Bootstrap,HSTS,PHP,jQuery,jQuery UI"
www.csebps.fr,https://www.csebps.fr/com/page/1532,6,200,id_non_derive_session(+6) | hors_cible_de_lancement:vega-is.com | sonde: 0 reponse 200 exploitable sur 4 id -> indetermine,"Bootstrap,HSTS,PHP,jQuery,jQuery UI"
www.csebps.fr,https://www.csebps.fr/com/page/1222,6,200,id_non_derive_session(+6) | hors_cible_de_lancement:vega-is.com | sonde: 0 reponse 200 exploitable sur 4 id -> indetermine,"Bootstrap,HSTS,PHP,jQuery,jQuery UI"
www.csebps.fr,https://www.csebps.fr/com/page/1395,6,200,id_non_derive_session(+6) | hors_cible_de_lancement:vega-is.com | sonde: 0 reponse 200 exploitable sur 4 id -> indetermine,"Bootstrap,HSTS,PHP,jQuery,jQuery UI"
www.csebps.fr,https://www.csebps.fr/com/page/1175,6,200,id_non_derive_session(+6) | hors_cible_de_lancement:vega-is.com | sonde: 0 reponse 200 exploitable sur 4 id -> indetermine,"Bootstrap,HSTS,PHP,jQuery,jQuery UI"
www.csebps.fr,https://www.csebps.fr/com/page/1673,6,200,id_non_derive_session(+6) | hors_cible_de_lancement:vega-is.com | sonde: 0 reponse 200 exploitable sur 4 id -> indetermine,"Bootstrap,HSTS,PHP,jQuery,jQuery UI"
www.csebps.fr,https://www.csebps.fr/com/page/1674,6,200,id_non_derive_session(+6) | hors_cible_de_lancement:vega-is.com | sonde: 0 reponse 200 exploitable sur 4 id -> indetermine,"Bootstrap,HSTS,PHP,jQuery,jQuery UI"
www.csebps.fr,https://www.csebps.fr/com/page/1677,6,200,id_non_derive_session(+6) | hors_cible_de_lancement:vega-is.com | sonde: 0 reponse 200 exploitable sur 4 id -> indetermine,"Bootstrap,HSTS,PHP,jQuery,jQuery UI"
www.csebps.fr,https://www.csebps.fr/com/page/1672,6,200,id_non_derive_session(+6) | hors_cible_de_lancement:vega-is.com | sonde: 0 reponse 200 exploitable sur 4 id -> indetermine,"Bootstrap,HSTS,PHP,jQuery,jQuery UI"
www.csebps.fr,https://www.csebps.fr/com/page/1635,6,200,id_non_derive_session(+6) | hors_cible_de_lancement:vega-is.com | sonde: 0 reponse 200 exploitable sur 4 id -> indetermine,"Bootstrap,HSTS,PHP,jQuery,jQuery UI"
www.csebps.fr,https://www.csebps.fr/com/page/1621,6,200,id_non_derive_session(+6) | hors_cible_de_lancement:vega-is.com | sonde: 0 reponse 200 exploitable sur 4 id -> indetermine,"Bootstrap,HSTS,PHP,jQuery,jQuery UI"
www.csebps.fr,https://www.csebps.fr/com/page/1666,6,200,id_non_derive_session(+6) | hors_cible_de_lancement:vega-is.com | sonde: 0 reponse 200 exploitable sur 4 id -> indetermine,"Bootstrap,HSTS,PHP,jQuery,jQuery UI"
www.csebps.fr,https://www.csebps.fr/com/page/1670,6,200,id_non_derive_session(+6) | hors_cible_de_lancement:vega-is.com | sonde: 0 reponse 200 exploitable sur 4 id -> indetermine,"Bootstrap,HSTS,PHP,jQuery,jQuery UI"
www.csebps.fr,https://www.csebps.fr/com/page/1669,6,200,id_non_derive_session(+6) | hors_cible_de_lancement:vega-is.com | sonde: 0 reponse 200 exploitable sur 4 id -> indetermine,"Bootstrap,HSTS,PHP,jQuery,jQuery UI"
www.csebps.fr,https://www.csebps.fr/com/page/1634,6,200,id_non_derive_session(+6) | hors_cible_de_lancement:vega-is.com | sonde: 0 reponse 200 exploitable sur 4 id -> indetermine,"Bootstrap,HSTS,PHP,jQuery,jQuery UI"
www.csebps.fr,https://www.csebps.fr/com/page/1668,6,200,id_non_derive_session(+6) | hors_cible_de_lancement:vega-is.com | sonde: 0 reponse 200 exploitable sur 4 id -> indetermine,"Bootstrap,HSTS,PHP,jQuery,jQuery UI"
www.csebps.fr,https://www.csebps.fr/com/page/1616,6,200,id_non_derive_session(+6) | hors_cible_de_lancement:vega-is.com | sonde: 0 reponse 200 exploitable sur 4 id -> indetermine,"Bootstrap,HSTS,PHP,jQuery,jQuery UI"
www.csebps.fr,https://www.csebps.fr/com/page/1615,6,200,id_non_derive_session(+6) | hors_cible_de_lancement:vega-is.com | sonde: 0 reponse 200 exploitable sur 4 id -> indetermine,"Bootstrap,HSTS,PHP,jQuery,jQuery UI"
www.csebps.fr,https://www.csebps.fr/com/page/1610,6,200,id_non_derive_session(+6) | hors_cible_de_lancement:vega-is.com | sonde: 0 reponse 200 exploitable sur 4 id -> indetermine,"Bootstrap,HSTS,PHP,jQuery,jQuery UI"
www.csebps.fr,https://www.csebps.fr/com/page/1611,6,200,id_non_derive_session(+6) | hors_cible_de_lancement:vega-is.com | sonde: 0 reponse 200 exploitable sur 4 id -> indetermine,"Bootstrap,HSTS,PHP,jQuery,jQuery UI"
www.csebps.fr,https://www.csebps.fr/com/page/1609,6,200,id_non_derive_session(+6) | hors_cible_de_lancement:vega-is.com | sonde: 0 reponse 200 exploitable sur 4 id -> indetermine,"Bootstrap,HSTS,PHP,jQuery,jQuery UI"
www.csebps.fr,https://www.csebps.fr/com/page/1608,6,200,id_non_derive_session(+6) | hors_cible_de_lancement:vega-is.com | sonde: 0 reponse 200 exploitable sur 4 id -> indetermine,"Bootstrap,HSTS,PHP,jQuery,jQuery UI"
www.csebps.fr,https://www.csebps.fr/com/page/1602,6,200,id_non_derive_session(+6) | hors_cible_de_lancement:vega-is.com | sonde: 0 reponse 200 exploitable sur 4 id -> indetermine,"Bootstrap,HSTS,PHP,jQuery,jQuery UI"
www.csebps.fr,https://www.csebps.fr/com/page/1603,6,200,id_non_derive_session(+6) | hors_cible_de_lancement:vega-is.com | sonde: 0 reponse 200 exploitable sur 4 id -> indetermine,"Bootstrap,HSTS,PHP,jQuery,jQuery UI"
www.csebps.fr,https://www.csebps.fr/com/page/1600,6,200,id_non_derive_session(+6) | hors_cible_de_lancement:vega-is.com | sonde: 0 reponse 200 exploitable sur 4 id -> indetermine,"Bootstrap,HSTS,PHP,jQuery,jQuery UI"
www.csebps.fr,https://www.csebps.fr/com/page/1595,6,200,id_non_derive_session(+6) | hors_cible_de_lancement:vega-is.com | sonde: 0 reponse 200 exploitable sur 4 id -> indetermine,"Bootstrap,HSTS,PHP,jQuery,jQuery UI"
www.csebps.fr,https://www.csebps.fr/com/page/1594,6,200,id_non_derive_session(+6) | hors_cible_de_lancement:vega-is.com | sonde: 0 reponse 200 exploitable sur 4 id -> indetermine,"Bootstrap,HSTS,PHP,jQuery,jQuery UI"
www.csebps.fr,https://www.csebps.fr/com/page/1593,6,200,id_non_derive_session(+6) | hors_cible_de_lancement:vega-is.com | sonde: 0 reponse 200 exploitable sur 4 id -> indetermine,"Bootstrap,HSTS,PHP,jQuery,jQuery UI"
www.csebps.fr,https://www.csebps.fr/com/page/1590,6,200,id_non_derive_session(+6) | hors_cible_de_lancement:vega-is.com | sonde: 0 reponse 200 exploitable sur 4 id -> indetermine,"Bootstrap,HSTS,PHP,jQuery,jQuery UI"
www.csebps.fr,https://www.csebps.fr/com/page/1585,6,200,id_non_derive_session(+6) | hors_cible_de_lancement:vega-is.com | sonde: 0 reponse 200 exploitable sur 4 id -> indetermine,"Bootstrap,HSTS,PHP,jQuery,jQuery UI"
www.csebps.fr,https://www.csebps.fr/com/page/1588,6,200,id_non_derive_session(+6) | hors_cible_de_lancement:vega-is.com | sonde: 0 reponse 200 exploitable sur 4 id -> indetermine,"Bootstrap,HSTS,PHP,jQuery,jQuery UI"
www.csebps.fr,https://www.csebps.fr/com/page/1526,6,200,id_non_derive_session(+6) | hors_cible_de_lancement:vega-is.com | sonde: 0 reponse 200 exploitable sur 4 id -> indetermine,"Bootstrap,HSTS,PHP,jQuery,jQuery UI"
www.csebps.fr,https://www.csebps.fr/com/page/1582,6,200,id_non_derive_session(+6) | hors_cible_de_lancement:vega-is.com | sonde: 0 reponse 200 exploitable sur 4 id -> indetermine,"Bootstrap,HSTS,PHP,jQuery,jQuery UI"
www.csebps.fr,https://www.csebps.fr/com/page/1541,6,200,id_non_derive_session(+6) | hors_cible_de_lancement:vega-is.com | sonde: 0 reponse 200 exploitable sur 4 id -> indetermine,"Bootstrap,HSTS,PHP,jQuery,jQuery UI"
www.csebps.fr,https://www.csebps.fr/com/page/1586,6,200,id_non_derive_session(+6) | hors_cible_de_lancement:vega-is.com | sonde: 0 reponse 200 exploitable sur 4 id -> indetermine,"Bootstrap,HSTS,PHP,jQuery,jQuery UI"
www.csebps.fr,https://www.csebps.fr/com/page/1569,6,200,id_non_derive_session(+6) | hors_cible_de_lancement:vega-is.com | sonde: 0 reponse 200 exploitable sur 4 id -> indetermine,"Bootstrap,HSTS,PHP,jQuery,jQuery UI"
www.csebps.fr,https://www.csebps.fr/com/page/1579,6,200,id_non_derive_session(+6) | hors_cible_de_lancement:vega-is.com | sonde: 0 reponse 200 exploitable sur 4 id -> indetermine,"Bootstrap,HSTS,PHP,jQuery,jQuery UI"
www.csebps.fr,https://www.csebps.fr/com/page/1479,6,200,id_non_derive_session(+6) | hors_cible_de_lancement:vega-is.com | sonde: 0 reponse 200 exploitable sur 4 id -> indetermine,"Bootstrap,HSTS,PHP,jQuery,jQuery UI"
www.csebps.fr,https://www.csebps.fr/com/page/1473,6,200,id_non_derive_session(+6) | hors_cible_de_lancement:vega-is.com | sonde: 0 reponse 200 exploitable sur 4 id -> indetermine,"Bootstrap,HSTS,PHP,jQuery,jQuery UI"
www.csebps.fr,https://www.csebps.fr/com/page/1578,6,200,id_non_derive_session(+6) | hors_cible_de_lancement:vega-is.com | sonde: 0 reponse 200 exploitable sur 4 id -> indetermine,"Bootstrap,HSTS,PHP,jQuery,jQuery UI"
www.csebps.fr,https://www.csebps.fr/com/page/1572,6,200,id_non_derive_session(+6) | hors_cible_de_lancement:vega-is.com | sonde: 0 reponse 200 exploitable sur 4 id -> indetermine,"Bootstrap,HSTS,PHP,jQuery,jQuery UI"
www.csebps.fr,https://www.csebps.fr/com/page/1570,6,200,id_non_derive_session(+6) | hors_cible_de_lancement:vega-is.com | sonde: 0 reponse 200 exploitable sur 4 id -> indetermine,"Bootstrap,HSTS,PHP,jQuery,jQuery UI"
www.csebps.fr,https://www.csebps.fr/com/page/1413,6,200,id_non_derive_session(+6) | hors_cible_de_lancement:vega-is.com | sonde: 0 reponse 200 exploitable sur 4 id -> indetermine,"Bootstrap,HSTS,PHP,jQuery,jQuery UI"
www.csebps.fr,https://www.csebps.fr/com/page/1448,6,200,id_non_derive_session(+6) | hors_cible_de_lancement:vega-is.com | sonde: 0 reponse 200 exploitable sur 4 id -> indetermine,"Bootstrap,HSTS,PHP,jQuery,jQuery UI"
www.csebps.fr,https://www.csebps.fr/com/page/1427,6,200,id_non_derive_session(+6) | hors_cible_de_lancement:vega-is.com | sonde: 0 reponse 200 exploitable sur 4 id -> indetermine,"Bootstrap,HSTS,PHP,jQuery,jQuery UI"
www.csebps.fr,https://www.csebps.fr/com/page/1408,6,200,id_non_derive_session(+6) | hors_cible_de_lancement:vega-is.com | sonde: 0 reponse 200 exploitable sur 4 id -> indetermine,"Bootstrap,HSTS,PHP,jQuery,jQuery UI"
www.csebps.fr,https://www.csebps.fr/com/page/1447,6,200,id_non_derive_session(+6) | hors_cible_de_lancement:vega-is.com | sonde: 0 reponse 200 exploitable sur 4 id -> indetermine,"Bootstrap,HSTS,PHP,jQuery,jQuery UI"
www.csebps.fr,https://www.csebps.fr/com/page/1397,6,200,id_non_derive_session(+6) | hors_cible_de_lancement:vega-is.com | sonde: 0 reponse 200 exploitable sur 4 id -> indetermine,"Bootstrap,HSTS,PHP,jQuery,jQuery UI"
www.csebps.fr,https://www.csebps.fr/com/page/1400,6,200,id_non_derive_session(+6) | hors_cible_de_lancement:vega-is.com | sonde: 0 reponse 200 exploitable sur 4 id -> indetermine,"Bootstrap,HSTS,PHP,jQuery,jQuery UI"
www.csebps.fr,https://www.csebps.fr/com/page/1401,6,200,id_non_derive_session(+6) | hors_cible_de_lancement:vega-is.com | sonde: 0 reponse 200 exploitable sur 4 id -> indetermine,"Bootstrap,HSTS,PHP,jQuery,jQuery UI"
www.csebps.fr,https://www.csebps.fr/com/page/1406,6,200,id_non_derive_session(+6) | hors_cible_de_lancement:vega-is.com | sonde: 0 reponse 200 exploitable sur 4 id -> indetermine,"Bootstrap,HSTS,PHP,jQuery,jQuery UI"
www.csebps.fr,https://www.csebps.fr/com/page/1393,6,200,id_non_derive_session(+6) | hors_cible_de_lancement:vega-is.com | sonde: 0 reponse 200 exploitable sur 4 id -> indetermine,"Bootstrap,HSTS,PHP,jQuery,jQuery UI"
www.csebps.fr,https://www.csebps.fr/com/page/1306,6,200,id_non_derive_session(+6) | hors_cible_de_lancement:vega-is.com | sonde: 0 reponse 200 exploitable sur 4 id -> indetermine,"Bootstrap,HSTS,PHP,jQuery,jQuery UI"
www.csebps.fr,https://www.csebps.fr/com/page/1394,6,200,id_non_derive_session(+6) | hors_cible_de_lancement:vega-is.com | sonde: 0 reponse 200 exploitable sur 4 id -> indetermine,"Bootstrap,HSTS,PHP,jQuery,jQuery UI"
www.csebps.fr,https://www.csebps.fr/com/page/1399,6,200,id_non_derive_session(+6) | hors_cible_de_lancement:vega-is.com | sonde: 0 reponse 200 exploitable sur 4 id -> indetermine,"Bootstrap,HSTS,PHP,jQuery,jQuery UI"
www.csebps.fr,https://www.csebps.fr/com/page/1396,6,200,id_non_derive_session(+6) | hors_cible_de_lancement:vega-is.com | sonde: 0 reponse 200 exploitable sur 4 id -> indetermine,"Bootstrap,HSTS,PHP,jQuery,jQuery UI"
www.csebps.fr,https://www.csebps.fr/com/page/1221,6,200,id_non_derive_session(+6) | hors_cible_de_lancement:vega-is.com | sonde: 0 reponse 200 exploitable sur 4 id -> indetermine,"Bootstrap,HSTS,PHP,jQuery,jQuery UI"
www.csebps.fr,https://www.csebps.fr/com/page/1332,6,200,id_non_derive_session(+6) | hors_cible_de_lancement:vega-is.com | sonde: 0 reponse 200 exploitable sur 4 id -> indetermine,"Bootstrap,HSTS,PHP,jQuery,jQuery UI"
www.csebps.fr,https://www.csebps.fr/com/page/1322,6,200,id_non_derive_session(+6) | hors_cible_de_lancement:vega-is.com | sonde: 0 reponse 200 exploitable sur 4 id -> indetermine,"Bootstrap,HSTS,PHP,jQuery,jQuery UI"
www.csebps.fr,https://www.csebps.fr/com/page/1232,6,200,id_non_derive_session(+6) | hors_cible_de_lancement:vega-is.com | sonde: 0 reponse 200 exploitable sur 4 id -> indetermine,"Bootstrap,HSTS,PHP,jQuery,jQuery UI"
www.csebps.fr,https://www.csebps.fr/com/page/1223,6,200,id_non_derive_session(+6) | hors_cible_de_lancement:vega-is.com | sonde: 0 reponse 200 exploitable sur 4 id -> indetermine,"Bootstrap,HSTS,PHP,jQuery,jQuery UI"
www.csebps.fr,https://www.csebps.fr/com/page/1176,6,200,id_non_derive_session(+6) | hors_cible_de_lancement:vega-is.com | sonde: 0 reponse 200 exploitable sur 4 id -> indetermine,"Bootstrap,HSTS,PHP,jQuery,jQuery UI"
www.csebps.fr,https://www.csebps.fr/com/page/1172,6,200,id_non_derive_session(+6) | hors_cible_de_lancement:vega-is.com | sonde: 0 reponse 200 exploitable sur 4 id -> indetermine,"Bootstrap,HSTS,PHP,jQuery,jQuery UI"
www.csebps.fr,https://www.csebps.fr/com/page/1173,6,200,id_non_derive_session(+6) | hors_cible_de_lancement:vega-is.com | sonde: 0 reponse 200 exploitable sur 4 id -> indetermine,"Bootstrap,HSTS,PHP,jQuery,jQuery UI"
www.csebps.fr,https://www.csebps.fr/com/page/1170,6,200,id_non_derive_session(+6) | hors_cible_de_lancement:vega-is.com | sonde: 0 reponse 200 exploitable sur 4 id -> indetermine,"Bootstrap,HSTS,PHP,jQuery,jQuery UI"
www.csebps.fr,https://www.csebps.fr/com/page/1168,6,200,id_non_derive_session(+6) | hors_cible_de_lancement:vega-is.com | sonde: 0 reponse 200 exploitable sur 4 id -> indetermine,"Bootstrap,HSTS,PHP,jQuery,jQuery UI"
www.csebps.fr,https://www.csebps.fr/com/page/1167,6,200,id_non_derive_session(+6) | hors_cible_de_lancement:vega-is.com | sonde: 0 reponse 200 exploitable sur 4 id -> indetermine,"Bootstrap,HSTS,PHP,jQuery,jQuery UI"
www.csebps.fr,https://www.csebps.fr/com/page/1158,6,200,id_non_derive_session(+6) | hors_cible_de_lancement:vega-is.com | sonde: 0 reponse 200 exploitable sur 4 id -> indetermine,"Bootstrap,HSTS,PHP,jQuery,jQuery UI"
www.csebps.fr,https://www.csebps.fr/com/page/1156,6,200,id_non_derive_session(+6) | hors_cible_de_lancement:vega-is.com | sonde: 0 reponse 200 exploitable sur 4 id -> indetermine,"Bootstrap,HSTS,PHP,jQuery,jQuery UI"
www.csebps.fr,https://www.csebps.fr/com/page/1166,6,200,id_non_derive_session(+6) | hors_cible_de_lancement:vega-is.com | sonde: 0 reponse 200 exploitable sur 4 id -> indetermine,"Bootstrap,HSTS,PHP,jQuery,jQuery UI"
www.csebps.fr,https://www.csebps.fr/com/page/1142,6,200,id_non_derive_session(+6) | hors_cible_de_lancement:vega-is.com | sonde: 0 reponse 200 exploitable sur 4 id -> indetermine,"Bootstrap,HSTS,PHP,jQuery,jQuery UI"
www.csebps.fr,https://www.csebps.fr/com/page/1094,6,200,id_non_derive_session(+6) | hors_cible_de_lancement:vega-is.com | sonde: 0 reponse 200 exploitable sur 4 id -> indetermine,"Bootstrap,HSTS,PHP,jQuery,jQuery UI"
www.csebps.fr,https://www.csebps.fr/com/page/1622,6,200,id_non_derive_session(+6) | hors_cible_de_lancement:vega-is.com | sonde: 0 reponse 200 exploitable sur 4 id -> indetermine,"Bootstrap,HSTS,PHP,jQuery,jQuery UI"
www.csebps.fr,https://www.csebps.fr/com/page/1665,6,200,id_non_derive_session(+6) | hors_cible_de_lancement:vega-is.com | sonde: 0 reponse 200 exploitable sur 4 id -> indetermine,"Bootstrap,HSTS,PHP,jQuery,jQuery UI"
www.csebps.fr,https://www.csebps.fr/com/page/1614,6,200,id_non_derive_session(+6) | hors_cible_de_lancement:vega-is.com | sonde: 0 reponse 200 exploitable sur 4 id -> indetermine,"Bootstrap,HSTS,PHP,jQuery,jQuery UI"
www.csebps.fr,https://www.csebps.fr/com/page/1632,6,200,id_non_derive_session(+6) | hors_cible_de_lancement:vega-is.com | sonde: 0 reponse 200 exploitable sur 4 id -> indetermine,"Bootstrap,HSTS,PHP,jQuery,jQuery UI"
www.csebps.fr,https://www.csebps.fr/com/page/1612,6,200,id_non_derive_session(+6) | hors_cible_de_lancement:vega-is.com | sonde: 0 reponse 200 exploitable sur 4 id -> indetermine,"Bootstrap,HSTS,PHP,jQuery,jQuery UI"
www.csebps.fr,https://www.csebps.fr/com/page/1606,6,200,id_non_derive_session(+6) | hors_cible_de_lancement:vega-is.com | sonde: 0 reponse 200 exploitable sur 4 id -> indetermine,"Bootstrap,HSTS,PHP,jQuery,jQuery UI"
www.csebps.fr,https://www.csebps.fr/com/page/1596,6,200,id_non_derive_session(+6) | hors_cible_de_lancement:vega-is.com | sonde: 0 reponse 200 exploitable sur 4 id -> indetermine,"Bootstrap,HSTS,PHP,jQuery,jQuery UI"
www.csebps.fr,https://www.csebps.fr/com/page/1591,6,200,id_non_derive_session(+6) | hors_cible_de_lancement:vega-is.com | sonde: 0 reponse 200 exploitable sur 4 id -> indetermine,"Bootstrap,HSTS,PHP,jQuery,jQuery UI"
www.csebps.fr,https://www.csebps.fr/com/page/1580,6,200,id_non_derive_session(+6) | hors_cible_de_lancement:vega-is.com | sonde: 0 reponse 200 exploitable sur 4 id -> indetermine,"Bootstrap,HSTS,PHP,jQuery,jQuery UI"
www.csebps.fr,https://www.csebps.fr/com/page/1573,6,200,id_non_derive_session(+6) | hors_cible_de_lancement:vega-is.com | sonde: 0 reponse 200 exploitable sur 4 id -> indetermine,"Bootstrap,HSTS,PHP,jQuery,jQuery UI"
www.csebps.fr,https://www.csebps.fr/com/page/1457,6,200,id_non_derive_session(+6) | hors_cible_de_lancement:vega-is.com | sonde: 0 reponse 200 exploitable sur 4 id -> indetermine,"Bootstrap,HSTS,PHP,jQuery,jQuery UI"
www.csebps.fr,https://www.csebps.fr/com/page/1417,6,200,id_non_derive_session(+6) | hors_cible_de_lancement:vega-is.com | sonde: 0 reponse 200 exploitable sur 4 id -> indetermine,"Bootstrap,HSTS,PHP,jQuery,jQuery UI"
www.espacesante.caisse-epargne.fr,https://www.espacesante.caisse-epargne.fr/identity/connect/authorize?client_id=cepa-adherent&code_challenge=8GvzMdpQhtNWQFFcYv-mw_9gq6p4tz2RVeQtofHaDp0&code_challenge_method=S256&redirect_uri=https%3A%2F%2Fwww.espacesante.caisse-epargne.fr%2Fsignin-oidc&response_mode=form_post&response_type=code&scope=openid+profile&state=CfDJ8GPdk584V6FIjjY8VdGvkn2NuysMnlWPYoYkZIej8Ms1Bc5DEAJ8Gl8xUmbg7LqV54rc654cgUIWiHkp1oP4LcOELSLgaSnjvsqVboiyjs_D_HeVGCQKJsAqHgyb6HUV_pLg_U-q9LMIiP1tIsoCyNFwXA2suFhz0os2vTtGbWQdEMhTPZwgKqI3VsPD5FO_HvJtNCKP17ULfR3Nz8zb13EnOpeqXiqYB4CU5uaJM1h7n62daahZCAXl3Q9qhWjJfmx4q7Pv3IKm0nVo1XsTOoTjUIzzJQXEHgi4MScqRrmgRIM6E5_I_1eQgK04Mgi2crzNmoJRYTzDv6POLv5GXirb7sgUC86hCmTA2nuKEcQ8SgxlUNwuAa9XGKlfe2EgocUyQqOhLhQ-q8gCVsRVti4&x-client-SKU=ID_NET6_0&x-client-ver=6.35.0.0,6,200,id_non_derive_session(+1) | flux_auth | hors_cible_de_lancement:vega-is.com,"Google Tag Manager,HSTS,Microsoft ASP.NET,OneTrust"
www.espacesante.caisse-epargne.fr,https://www.espacesante.caisse-epargne.fr/api/cms/documents/detail?id=62692ea445407c2d7481cc27,6,200,id_non_derive_session(+1) | api_objet_par_id | hors_cible_de_lancement:vega-is.com,"HSTS,Microsoft ASP.NET"
www.espacesante.caisse-epargne.fr,https://www.espacesante.caisse-epargne.fr/api/cms/documents/detail?id=62cd65b845407c3204cba1a1,6,200,id_non_derive_session(+1) | api_objet_par_id | hors_cible_de_lancement:vega-is.com,"HSTS,Microsoft ASP.NET"
www.espacesante.caisse-epargne.fr,https://www.espacesante.caisse-epargne.fr/identity/connect/authorize?client_id=cepa-adherent&code_challenge=0UgiJ6KVnqN18oePyAXLbHvphBS39m-f6VSWvWfV_1E&code_challenge_method=S256&redirect_uri=https%3A%2F%2Fwww.espacesante.caisse-epargne.fr%2Fsignin-oidc&response_mode=form_post&response_type=code&scope=openid+profile&state=CfDJ8GPdk584V6FIjjY8VdGvkn0cSJ6qOEQJ9vHTrFDilJZiIbsQ84EUWSgrfBV1__CV1XgMfOHyKvHJia54uroNXN1mk17NNTylxMrwnjly0gsrcmVg3v8B3pHzVLKswfxEbx9TTgJfx_AdQnFqNZfn2NWr0ZTA2KxnFm3181ocmjUOuixKzPHzsHXd56nm3JfKUaviz98WNWo-bLDt-r0DvcDbyfX31wCBaRPkUKxQCoB1XRGMpLkFdWbGtSXHBouJg8GUi-RR_qVaKCRhGNKnOOZznUav3YcwCLP0CzQi-DrNqY3Pv1hCVCrbQpx8nD-l4umBsNYLbJmZXBwgCdBveQN2xzx5a4f2hLjFO7rJKo2HL7iCgGE-dlUK15ooRQcrQuzHGds-lPwd_JtG9sMXNA8&x-client-SKU=ID_NET6_0&x-client-ver=6.35.0.0,6,200,id_non_derive_session(+1) | flux_auth | hors_cible_de_lancement:vega-is.com,"Google Tag Manager,HSTS,Microsoft ASP.NET,OneTrust"
www.espacesante.caisse-epargne.fr,https://www.espacesante.caisse-epargne.fr/identity/connect/authorize?client_id=cepa-adherent&code_challenge=o9n6glQakrBLGLFklSH90FwU-TVfBS8MJ03q8swfaiU&code_challenge_method=S256&redirect_uri=https%3A%2F%2Fwww.espacesante.caisse-epargne.fr%2Fsignin-oidc&response_mode=form_post&response_type=code&scope=openid+profile&state=CfDJ8GPdk584V6FIjjY8VdGvkn1mfn-PhYIKoeMcRfl1riXOD1K-7bRTynPeTOdVdivV_juKcIPPACwYAkssY4devHzGbRsM5VgvtleUM2Inu3XcjCKKZM9xHPa8hhGO2HJaxIYt4mK3ars9BCQm9knp2IsafGBBF_3IuMj3Mwii0S82LVqBli90r8WH4lPm5J55hDAR2BoC5sZ_5fGaewz-pMHwzJWtAKKeH7Z6jOcp-uRICAXdYFA0JM79DovObJXjDCYR02C3B4YorCqbCrlKIOcX5bREkOhKhGSivHaEy7rMHwg2X4Wv7hpLpGUBztQ0FKMQXbogoXIp4Xo3ix_mwLsFrzjohgXxfWevhJr10kYZS-RDN3b62q8SJ_NEd3mPS9gDdSwWDIrTlymvOQDstSU&x-client-SKU=ID_NET6_0&x-client-ver=6.35.0.0,6,200,id_non_derive_session(+1) | flux_auth | hors_cible_de_lancement:vega-is.com,"Google Tag Manager,HSTS,Microsoft ASP.NET,OneTrust"
www.espacesante.caisse-epargne.fr,https://www.espacesante.caisse-epargne.fr/api/cms/documents/detail?id=62c4513645407c1c08a58fe3,6,200,id_non_derive_session(+1) | api_objet_par_id | hors_cible_de_lancement:vega-is.com,"HSTS,Microsoft ASP.NET"
www.fondationbci.nc,https://www.fondationbci.nc/wp-json/wp/v2/pages/7,6,200,id_non_derive_session(+6) | hors_cible_de_lancement:vega-is.com,"HSTS,Nginx,Plesk"
www.gefa-bank.de,https://www.gefa-bank.de/wp-json/wp/v2/categories/6,6,200,id_non_derive_session(+6) | hors_cible_de_lancement:vega-is.com,"HSTS,Nginx,WordPress,Yoast SEO:26.4"
www.gefa-bank.de,https://www.gefa-bank.de/wp-json/wp/v2/categories/5,6,200,id_non_derive_session(+6) | hors_cible_de_lancement:vega-is.com,"HSTS,Nginx,WordPress,Yoast SEO:26.4"
www.gefa-bank.de,https://www.gefa-bank.de/wp-json/wp/v2/categories/13,6,200,id_non_derive_session(+6) | hors_cible_de_lancement:vega-is.com,"HSTS,Nginx,WordPress,Yoast SEO:26.4"
www.gefa-bank.de,https://www.gefa-bank.de/wp-json/wp/v2/categories/1,6,200,id_non_derive_session(+6) | hors_cible_de_lancement:vega-is.com,"HSTS,Nginx,WordPress,Yoast SEO:26.4"
www.gefa-bank.de,https://www.gefa-bank.de/wp-json/wp/v2/pages/2602,6,200,id_non_derive_session(+6) | hors_cible_de_lancement:vega-is.com,"HSTS,Nginx,WordPress,Yoast SEO:26.4"
www.gefa-bank.de,https://www.gefa-bank.de/wp-json/wp/v2/pages/3014,6,200,id_non_derive_session(+6) | hors_cible_de_lancement:vega-is.com,"HSTS,Nginx,WordPress,Yoast SEO:26.4"
www.gefa-bank.de,https://www.gefa-bank.de/wp-json/wp/v2/pages/2990,6,200,id_non_derive_session(+6) | hors_cible_de_lancement:vega-is.com,"HSTS,Nginx,WordPress,Yoast SEO:26.4"
www.gefa-bank.de,https://www.gefa-bank.de/wp-json/wp/v2/pages/3064,6,200,id_non_derive_session(+6) | hors_cible_de_lancement:vega-is.com,"HSTS,Nginx,WordPress,Yoast SEO:26.4"
www.gefa-bank.de,https://www.gefa-bank.de/wp-json/wp/v2/pages/3033,6,200,id_non_derive_session(+6) | hors_cible_de_lancement:vega-is.com,"HSTS,Nginx,WordPress,Yoast SEO:26.4"
www.gefa-bank.de,https://www.gefa-bank.de/wp-json/wp/v2/pages/3036,6,200,id_non_derive_session(+6) | hors_cible_de_lancement:vega-is.com,"HSTS,Nginx,WordPress,Yoast SEO:26.4"
www.gefa-bank.de,https://www.gefa-bank.de/wp-json/wp/v2/pages/3431,6,200,id_non_derive_session(+6) | hors_cible_de_lancement:vega-is.com,"HSTS,Nginx,WordPress,Yoast SEO:26.4"
www.gefa-bank.de,https://www.gefa-bank.de/wp-json/wp/v2/pages/3968,6,200,id_non_derive_session(+6) | hors_cible_de_lancement:vega-is.com,"HSTS,Nginx,WordPress,Yoast SEO:26.4"
www.gefa-bank.de,https://www.gefa-bank.de/wp-json/wp/v2/pages/3129,6,200,id_non_derive_session(+6) | hors_cible_de_lancement:vega-is.com,"HSTS,Nginx,WordPress,Yoast SEO:26.4"
www.gefa-bank.de,https://www.gefa-bank.de/wp-json/wp/v2/pages/3114,6,200,id_non_derive_session(+6) | hors_cible_de_lancement:vega-is.com,"HSTS,Nginx,WordPress,Yoast SEO:26.4"
www.gefa-bank.de,https://www.gefa-bank.de/wp-json/wp/v2/pages/3144,6,200,id_non_derive_session(+6) | hors_cible_de_lancement:vega-is.com,"HSTS,Nginx,WordPress,Yoast SEO:26.4"
www.gefa-bank.de,https://www.gefa-bank.de/wp-json/wp/v2/pages/4022,6,200,id_non_derive_session(+6) | hors_cible_de_lancement:vega-is.com,"HSTS,Nginx,WordPress,Yoast SEO:26.4"
www.gefa-bank.de,https://www.gefa-bank.de/wp-json/wp/v2/pages/5849,6,200,id_non_derive_session(+6) | hors_cible_de_lancement:vega-is.com,"HSTS,Nginx,WordPress,Yoast SEO:26.4"
www.gefa-bank.de,https://www.gefa-bank.de/wp-json/wp/v2/pages/4662,6,200,id_non_derive_session(+6) | hors_cible_de_lancement:vega-is.com,"HSTS,Nginx,WordPress,Yoast SEO:26.4"
www.gefa-bank.de,https://www.gefa-bank.de/wp-json/wp/v2/pages/681,6,200,id_non_derive_session(+6) | hors_cible_de_lancement:vega-is.com,"HSTS,Nginx,WordPress,Yoast SEO:26.4"
www.gefa-bank.de,https://www.gefa-bank.de/wp-json/wp/v2/pages/5162,6,200,id_non_derive_session(+6) | hors_cible_de_lancement:vega-is.com,"HSTS,Nginx,WordPress,Yoast SEO:26.4"
www.gefa-bank.de,https://www.gefa-bank.de/wp-json/wp/v2/pages/929,6,200,id_non_derive_session(+6) | hors_cible_de_lancement:vega-is.com,"HSTS,Nginx,WordPress,Yoast SEO:26.4"
www.gefa-bank.de,https://www.gefa-bank.de/wp-json/wp/v2/pages/707,6,200,id_non_derive_session(+6) | hors_cible_de_lancement:vega-is.com,"HSTS,Nginx,WordPress,Yoast SEO:26.4"
www.gefa-bank.de,https://www.gefa-bank.de/wp-json/wp/v2/pages/6845,6,200,id_non_derive_session(+6) | hors_cible_de_lancement:vega-is.com,"HSTS,Nginx,WordPress,Yoast SEO:26.4"
www.gefa-bank.de,https://www.gefa-bank.de/wp-json/wp/v2/pages/818,6,200,id_non_derive_session(+6) | hors_cible_de_lancement:vega-is.com,"HSTS,Nginx,WordPress,Yoast SEO:26.4"
www.gefa-bank.de,https://www.gefa-bank.de/wp-json/wp/v2/pages/9466,6,200,id_non_derive_session(+6) | hors_cible_de_lancement:vega-is.com,"HSTS,Nginx,WordPress,Yoast SEO:26.4"
www.gefa-bank.de,https://www.gefa-bank.de/wp-json/wp/v2/pages/97,6,200,id_non_derive_session(+6) | hors_cible_de_lancement:vega-is.com,"HSTS,Nginx,WordPress,Yoast SEO:26.4"
www.gefa-bank.de,https://www.gefa-bank.de/wp-json/wp/v2/pages/9607,6,200,id_non_derive_session(+6) | hors_cible_de_lancement:vega-is.com,"HSTS,Nginx,WordPress,Yoast SEO:26.4"
www.gefa-bank.de,https://www.gefa-bank.de/wp-json/wp/v2/pages/1489,6,200,id_non_derive_session(+6) | hors_cible_de_lancement:vega-is.com,"HSTS,Nginx,WordPress,Yoast SEO:26.4"
www.gefa-bank.de,https://www.gefa-bank.de/wp-json/wp/v2/pages/1501,6,200,id_non_derive_session(+6) | hors_cible_de_lancement:vega-is.com,"HSTS,Nginx,WordPress,Yoast SEO:26.4"
www.gefa-bank.de,https://www.gefa-bank.de/wp-json/wp/v2/pages/1388,6,200,id_non_derive_session(+6) | hors_cible_de_lancement:vega-is.com,"HSTS,Nginx,WordPress,Yoast SEO:26.4"
www.gefa-bank.de,https://www.gefa-bank.de/wp-json/wp/v2/pages/1005,6,200,id_non_derive_session(+6) | hors_cible_de_lancement:vega-is.com,"HSTS,Nginx,WordPress,Yoast SEO:26.4"
www.gefa-bank.de,https://www.gefa-bank.de/wp-json/wp/v2/pages/1007,6,200,id_non_derive_session(+6) | hors_cible_de_lancement:vega-is.com,"HSTS,Nginx,WordPress,Yoast SEO:26.4"
www.gefa-bank.de,https://www.gefa-bank.de/wp-json/wp/v2/pages/1009,6,200,id_non_derive_session(+6) | hors_cible_de_lancement:vega-is.com,"HSTS,Nginx,WordPress,Yoast SEO:26.4"
www.gefa-bank.de,https://www.gefa-bank.de/wp-json/wp/v2/categories/9,6,200,id_non_derive_session(+6) | hors_cible_de_lancement:vega-is.com,"HSTS,Nginx,WordPress,Yoast SEO:26.4"
www.gefa-bank.de,https://www.gefa-bank.de/wp-json/wp/v2/pages/9328,6,200,id_non_derive_session(+6) | hors_cible_de_lancement:vega-is.com,"HSTS,Nginx,WordPress,Yoast SEO:26.4"
www.gefa-bank.de,https://www.gefa-bank.de/wp-json/wp/v2/posts/1692,6,200,id_non_derive_session(+6) | hors_cible_de_lancement:vega-is.com,"HSTS,Nginx,WordPress,Yoast SEO:26.4"
www.gefa-bank.de,https://www.gefa-bank.de/wp-json/wp/v2/posts/1625,6,200,id_non_derive_session(+6) | hors_cible_de_lancement:vega-is.com,"HSTS,Nginx,WordPress,Yoast SEO:26.4"
www.gefa-bank.de,https://www.gefa-bank.de/wp-json/wp/v2/posts/1645,6,200,id_non_derive_session(+6) | hors_cible_de_lancement:vega-is.com,"HSTS,Nginx,WordPress,Yoast SEO:26.4"
www.gefa-bank.de,https://www.gefa-bank.de/wp-json/wp/v2/posts/1686,6,200,id_non_derive_session(+6) | hors_cible_de_lancement:vega-is.com,"HSTS,Nginx,WordPress,Yoast SEO:26.4"
www.gefa-bank.de,https://www.gefa-bank.de/wp-json/wp/v2/posts/1826,6,200,id_non_derive_session(+6) | hors_cible_de_lancement:vega-is.com,"HSTS,Nginx,WordPress,Yoast SEO:26.4"
www.gefa-bank.de,https://www.gefa-bank.de/wp-json/wp/v2/posts/1849,6,200,id_non_derive_session(+6) | hors_cible_de_lancement:vega-is.com,"HSTS,Nginx,WordPress,Yoast SEO:26.4"
www.gefa-bank.de,https://www.gefa-bank.de/wp-json/wp/v2/posts/1885,6,200,id_non_derive_session(+6) | hors_cible_de_lancement:vega-is.com,"HSTS,Nginx,WordPress,Yoast SEO:26.4"
www.gefa-bank.de,https://www.gefa-bank.de/wp-json/wp/v2/posts/3490,6,200,id_non_derive_session(+6) | hors_cible_de_lancement:vega-is.com,"HSTS,Nginx,WordPress,Yoast SEO:26.4"
www.gefa-bank.de,https://www.gefa-bank.de/wp-json/wp/v2/posts/4472,6,200,id_non_derive_session(+6) | hors_cible_de_lancement:vega-is.com,"HSTS,Nginx,WordPress,Yoast SEO:26.4"
www.gefa-bank.de,https://www.gefa-bank.de/wp-json/wp/v2/posts/7651,6,200,id_non_derive_session(+6) | hors_cible_de_lancement:vega-is.com,"HSTS,Nginx,WordPress,Yoast SEO:26.4"
www.gefa-bank.de,https://www.gefa-bank.de/wp-json/wp/v2/posts/5886,6,200,id_non_derive_session(+6) | hors_cible_de_lancement:vega-is.com,"HSTS,Nginx,WordPress,Yoast SEO:26.4"
www.gefa-bank.de,https://www.gefa-bank.de/wp-json/wp/v2/posts/4952,6,200,id_non_derive_session(+6) | hors_cible_de_lancement:vega-is.com,"HSTS,Nginx,WordPress,Yoast SEO:26.4"
www.gefa-bank.de,https://www.gefa-bank.de/wp-json/wp/v2/posts/5936,6,200,id_non_derive_session(+6) | hors_cible_de_lancement:vega-is.com,"HSTS,Nginx,WordPress,Yoast SEO:26.4"
www.gefa-bank.de,https://www.gefa-bank.de/wp-json/wp/v2/posts/4618,6,200,id_non_derive_session(+6) | hors_cible_de_lancement:vega-is.com,"HSTS,Nginx,WordPress,Yoast SEO:26.4"
www.gefa-bank.de,https://www.gefa-bank.de/wp-json/wp/v2/posts/7926,6,200,id_non_derive_session(+6) | hors_cible_de_lancement:vega-is.com,"HSTS,Nginx,WordPress,Yoast SEO:26.4"
www.gefa-bank.de,https://www.gefa-bank.de/wp-json/wp/v2/posts/7832,6,200,id_non_derive_session(+6) | hors_cible_de_lancement:vega-is.com,"HSTS,Nginx,WordPress,Yoast SEO:26.4"
www.gefa-bank.de,https://www.gefa-bank.de/wp-json/wp/v2/posts/8201,6,200,id_non_derive_session(+6) | hors_cible_de_lancement:vega-is.com,"HSTS,Nginx,WordPress,Yoast SEO:26.4"
www.gefa-bank.de,https://www.gefa-bank.de/wp-json/wp/v2/posts/7702,6,200,id_non_derive_session(+6) | hors_cible_de_lancement:vega-is.com,"HSTS,Nginx,WordPress,Yoast SEO:26.4"
www.gefa-bank.de,https://www.gefa-bank.de/wp-json/wp/v2/posts/8029,6,200,id_non_derive_session(+6) | hors_cible_de_lancement:vega-is.com,"HSTS,Nginx,WordPress,Yoast SEO:26.4"
www.gefa-bank.de,https://www.gefa-bank.de/wp-json/wp/v2/posts/8245,6,200,id_non_derive_session(+6) | hors_cible_de_lancement:vega-is.com,"HSTS,Nginx,WordPress,Yoast SEO:26.4"
www.gefa-bank.de,https://www.gefa-bank.de/wp-json/wp/v2/tags/57,6,200,id_non_derive_session(+6) | hors_cible_de_lancement:vega-is.com,"HSTS,Nginx,WordPress,Yoast SEO:26.4"
www.gefa-bank.de,https://www.gefa-bank.de/wp-json/wp/v2/tags/48,6,200,id_non_derive_session(+6) | hors_cible_de_lancement:vega-is.com,"HSTS,Nginx,WordPress,Yoast SEO:26.4"
www.gefa-bank.de,https://www.gefa-bank.de/wp-json/wp/v2/posts/1830,6,426,id_non_derive_session(+6),Nginx
www.gefa-bank.de,https://www.gefa-bank.de/wp-json/wp/v2/pages/2581,6,426,id_non_derive_session(+6),Nginx
www.gefa-bank.de,https://www.gefa-bank.de/wp-json/wp/v2/pages/2311,6,426,id_non_derive_session(+6),Nginx
www.gefa-bank.de,https://www.gefa-bank.de/wp-json/wp/v2/pages/902,6,426,id_non_derive_session(+6),Nginx
www.gefa-bank.de,https://www.gefa-bank.de/messen/page/2,6,200,id_non_derive_session(+6) | hors_cible_de_lancement:vega-is.com,"Adobe Fonts,Google Tag Manager,HSTS,MySQL,Nginx,PHP,Typekit,WP Rocket,WordPress,Yoast SEO:26.4,jQuery,wpBakery"
www.gefa-bank.de,https://www.gefa-bank.de/wp-json/wp/v2/pages/2631,6,200,id_non_derive_session(+6) | hors_cible_de_lancement:vega-is.com,"HSTS,Nginx,WordPress,Yoast SEO:26.4"
www.gefa-bank.de,https://www.gefa-bank.de/wp-json/wp/v2/pages/2650,6,200,id_non_derive_session(+6) | hors_cible_de_lancement:vega-is.com,"HSTS,Nginx,WordPress,Yoast SEO:26.4"
www.gefa-bank.de,https://www.gefa-bank.de/wp-json/wp/v2/pages/2846,6,200,id_non_derive_session(+6) | hors_cible_de_lancement:vega-is.com,"HSTS,Nginx,WordPress,Yoast SEO:26.4"
www.gefa-bank.de,https://www.gefa-bank.de/wp-json/wp/v2/pages/2350,6,200,id_non_derive_session(+6) | hors_cible_de_lancement:vega-is.com,"HSTS,Nginx,WordPress,Yoast SEO:26.4"
www.gefa-bank.de,https://www.gefa-bank.de/wp-json/wp/v2/pages/2431,6,200,id_non_derive_session(+6) | hors_cible_de_lancement:vega-is.com,"HSTS,Nginx,WordPress,Yoast SEO:26.4"
www.gefa-bank.de,https://www.gefa-bank.de/wp-json/wp/v2/pages/2333,6,200,id_non_derive_session(+6) | hors_cible_de_lancement:vega-is.com,"HSTS,Nginx,WordPress,Yoast SEO:26.4"
www.gefa-bank.de,https://www.gefa-bank.de/wp-json/wp/v2/pages/2292,6,200,id_non_derive_session(+6) | hors_cible_de_lancement:vega-is.com,"HSTS,Nginx,WordPress,Yoast SEO:26.4"
www.gefa-bank.de,https://www.gefa-bank.de/wp-json/wp/v2/pages/2022,6,200,id_non_derive_session(+6) | hors_cible_de_lancement:vega-is.com,"HSTS,Nginx,WordPress,Yoast SEO:26.4"
www.gefa-bank.de,https://www.gefa-bank.de/wp-json/wp/v2/pages/2190,6,200,id_non_derive_session(+6) | hors_cible_de_lancement:vega-is.com,"HSTS,Nginx,WordPress,Yoast SEO:26.4"
www.gefa-bank.de,https://www.gefa-bank.de/wp-json/wp/v2/pages/1938,6,200,id_non_derive_session(+6) | hors_cible_de_lancement:vega-is.com,"HSTS,Nginx,WordPress,Yoast SEO:26.4"
www.gefa-bank.de,https://www.gefa-bank.de/wp-json/wp/v2/pages/1403,6,200,id_non_derive_session(+6) | hors_cible_de_lancement:vega-is.com,"HSTS,Nginx,WordPress,Yoast SEO:26.4"
www.gefa-bank.de,https://www.gefa-bank.de/wp-json/wp/v2/pages/17,6,200,id_non_derive_session(+6) | hors_cible_de_lancement:vega-is.com,"HSTS,Nginx,WordPress,Yoast SEO:26.4"
www.im.natixis.com,https://www.im.natixis.com/en-intl/insights/macro-views/2026/whats-next-for-the-global-economy,6,200,id_non_derive_session(+6) | hors_cible_de_lancement:vega-is.com,"Adobe Experience Manager,HSTS,Java,OneTrust,jQuery"
www.im.natixis.com,https://www.im.natixis.com/en-intl/about/newsroom/press-releases/2026/flexstone-partners-to-acquire-glouston-capital-partners,6,200,id_non_derive_session(+6) | hors_cible_de_lancement:vega-is.com,"Adobe Experience Manager,HSTS,Java,OneTrust,jQuery"
www.im.natixis.com,https://www.im.natixis.com/en-intl/about/newsroom/press-releases/2026/dnca-finance-announces-the-departure-of-lea-dunand-chatellet,6,200,id_non_derive_session(+6) | hors_cible_de_lancement:vega-is.com,"Adobe Experience Manager,HSTS,Java,OneTrust,jQuery"
www.im.natixis.com,https://www.im.natixis.com/en-intl/about/newsroom/press-releases/2026/lea-dunand-chatellet-appointed-chief-executive-officer-of-mirova,6,200,id_non_derive_session(+6) | hors_cible_de_lancement:vega-is.com,"Adobe Experience Manager,HSTS,Java,OneTrust,jQuery"
www.im.natixis.com,https://www.im.natixis.com/en-intl/insights/investor-sentiment/2026/strategist-outlook,6,200,id_non_derive_session(+6) | hors_cible_de_lancement:vega-is.com,"Adobe Experience Manager,HSTS,Java,OneTrust,jQuery"
www.interepargne.natixis.com,https://www.interepargne.natixis.com/wp-json/wp/v2/pages/224,6,401,id_non_derive_session(+6),"Amazon ALB,Amazon Web Services,HSTS,MySQL,PHP,WordPress"
www.lepouvoirdenousengager.fr,https://www.lepouvoirdenousengager.fr/visualiser/partage/2018,6,200,id_non_derive_session(+6) | hors_cible_de_lancement:vega-is.com,"Apache HTTP Server,Node.js,Nuxt.js,Varnish:6.0,Vue.js"
www.lepouvoirdenousengager.fr,https://www.lepouvoirdenousengager.fr/visualiser/tracabilite/2021/produits/livret-fonds-solidaires-ecofi/projets,6,200,id_non_derive_session(+6) | hors_cible_de_lancement:vega-is.com,"Apache HTTP Server,Node.js,Nuxt.js,Varnish:6.0,Vue.js"
www.lepouvoirdenousengager.fr,https://www.lepouvoirdenousengager.fr/visualiser/tracabilite/2020/produits/livret-cooperation-pour-ma-region/projets,6,200,id_non_derive_session(+6) | hors_cible_de_lancement:vega-is.com,"Apache HTTP Server,Node.js,Nuxt.js,Varnish:6.0,Vue.js"
www.lepouvoirdenousengager.fr,https://www.lepouvoirdenousengager.fr/visualiser/tracabilite/2018/produits/livret-agir-fondations/projets,6,200,id_non_derive_session(+6) | hors_cible_de_lancement:vega-is.com,"Apache HTTP Server,Node.js,Nuxt.js,Varnish:6.0,Vue.js"
www.lepouvoirdenousengager.fr,https://www.lepouvoirdenousengager.fr/visualiser/tracabilite/2019/produits/livret-rev3/projets,6,200,id_non_derive_session(+6) | hors_cible_de_lancement:vega-is.com,"Apache HTTP Server,Node.js,Nuxt.js,Varnish:6.0,Vue.js"
www.lepouvoirdenousengager.fr,https://www.lepouvoirdenousengager.fr/visualiser/tracabilite/2019/produits/livret-cooperation-pour-ma-region/projets,6,200,id_non_derive_session(+6) | hors_cible_de_lancement:vega-is.com,"Apache HTTP Server,Node.js,Nuxt.js,Varnish:6.0,Vue.js"
www.lepouvoirdenousengager.fr,https://www.lepouvoirdenousengager.fr/visualiser/tracabilite/2018/produits/livret-rev3/projets,6,200,id_non_derive_session(+6) | hors_cible_de_lancement:vega-is.com,"Apache HTTP Server,Node.js,Nuxt.js,Varnish:6.0,Vue.js"
www.mma.votreepargnesalariale.com,https://www.mma.votreepargnesalariale.com/2020/12/16/hello-world,6,200,id_non_derive_session(+6) | hors_cible_de_lancement:vega-is.com,"Amazon ALB,Amazon Web Services,Bootstrap,DataTables,Gravatar,HSTS,MySQL,PHP,WordPress:6.9.5,Yoast SEO:23.0,jQuery"
www.mma.votreepargnesalariale.com,https://www.mma.votreepargnesalariale.com/wp-json/wp/v2/posts/1,6,401,id_non_derive_session(+6),"Amazon ALB,Amazon Web Services,HSTS,MySQL,PHP,WordPress"
www.mma.votreepargnesalariale.com,https://www.mma.votreepargnesalariale.com/wp-json/wp/v2/pages/2,6,401,id_non_derive_session(+6),"Amazon ALB,Amazon Web Services,HSTS,MySQL,PHP,WordPress"
www.mma.votreepargnesalariale.com,https://www.mma.votreepargnesalariale.com/wp-json/wp/v2/pages/19,6,401,id_non_derive_session(+6),"Amazon ALB,Amazon Web Services,HSTS,MySQL,PHP,WordPress"
www.mma.votreepargnesalariale.com,https://www.mma.votreepargnesalariale.com/wp-json/wp/v2/pages/391,6,401,id_non_derive_session(+6),"Amazon ALB,Amazon Web Services,HSTS,MySQL,PHP,WordPress"
www.mma.votreepargnesalariale.com,https://www.mma.votreepargnesalariale.com/2020/12,6,200,id_non_derive_session(+6) | hors_cible_de_lancement:vega-is.com,"Amazon ALB,Amazon Web Services,Bootstrap,DataTables,HSTS,MySQL,PHP,WordPress:6.9.5,Yoast SEO:23.0,jQuery"
www.mma.votreepargnesalariale.com,https://www.mma.votreepargnesalariale.com/2020/12/16/hello-world/feed,6,200,id_non_derive_session(+6) | hors_cible_de_lancement:vega-is.com,"Amazon ALB,Amazon Web Services,HSTS,MySQL,PHP,WordPress"
www.m.smart-entreprises.banquebcp.fr,https://www.m.smart-entreprises.banquebcp.fr/Default.aspx?ReturnUrl=%2F,6,403,open_redirect_possible,"Amazon CloudFront,Amazon S3,Amazon Web Services,HTTP/3"
www.oney.es,https://www.oney.es/page/2?s=,6,200,id_non_derive_session(+6) | hors_cible_de_lancement:vega-is.com,"Azure,Bootstrap,Elementor:3.30.2,GSAP,Google Tag Manager,Modernizr,MySQL,Nginx:1.28.0,OWL Carousel,PHP:8.1.34,Slider Revolution:6.7.21,Underscore.js:1.13.7,Vue.js,WooCommerce,WordPress:6.7.2,Yoast SEO:24.6,jQuery"
www.oney.es,https://www.oney.es/page/3?s=,6,200,id_non_derive_session(+6) | hors_cible_de_lancement:vega-is.com,"Azure,Bootstrap,Elementor:3.30.2,GSAP,Google Tag Manager,Modernizr,MySQL,Nginx:1.28.0,OWL Carousel,PHP:8.1.34,Slider Revolution:6.7.21,Underscore.js:1.13.7,Vue.js,WooCommerce,WordPress:6.7.2,Yoast SEO:24.6,jQuery"
www.oney.es,https://www.oney.es/?page_id=358,6,200,id_non_derive_session(+6) | hors_cible_de_lancement:vega-is.com,"Azure,Bootstrap,Elementor:3.30.2,GSAP,Google Tag Manager,MySQL,Nginx:1.28.0,OWL Carousel,PHP:8.1.34,Slider Revolution:6.7.21,Underscore.js:1.13.7,WP Rocket,WooCommerce,WordPress:6.7.2,Yoast SEO:24.6,jQuery"
www.oney.es,https://www.oney.es/?page_id=605,6,200,id_non_derive_session(+6) | hors_cible_de_lancement:vega-is.com,"Azure,Bootstrap,Elementor:3.30.2,GSAP,Google Tag Manager,MySQL,Nginx:1.28.0,OWL Carousel,PHP:8.1.34,Slider Revolution:6.7.21,Underscore.js:1.13.7,WP Rocket,WooCommerce,WordPress:6.7.2,Yoast SEO:24.6,jQuery"
www.oney.es,https://www.oney.es/page/18?s=,6,200,id_non_derive_session(+6) | hors_cible_de_lancement:vega-is.com,"Azure,Bootstrap,Elementor:3.30.2,GSAP,Google Tag Manager,Modernizr,MySQL,Nginx:1.28.0,OWL Carousel,PHP:8.1.34,Slider Revolution:6.7.21,Underscore.js:1.13.7,Vue.js,WooCommerce,WordPress:6.7.2,Yoast SEO:24.6,jQuery"
www.oney.es,https://www.oney.es/wp-json/wp/v2/pages/20,6,200,id_non_derive_session(+6) | hors_cible_de_lancement:vega-is.com,"Azure,Nginx:1.28.0,PHP:8.1.34"
www.oney.es,https://www.oney.es/?page_id=317,6,200,id_non_derive_session(+6) | hors_cible_de_lancement:vega-is.com,"Azure,Bootstrap,Elementor:3.30.2,GSAP,Google Tag Manager,MySQL,Nginx:1.28.0,OWL Carousel,PHP:8.1.34,Slider Revolution:6.7.21,Underscore.js:1.13.7,WP Rocket,WooCommerce,WordPress:6.7.2,Yoast SEO:24.6,jQuery"
www.payplug.com,https://www.payplug.com/wp-json/wp/v2/modules/8658,6,401,id_non_derive_session(+6),"Cloudflare,HSTS,MySQL,PHP,WordPress"
www.payplug.com,https://www.payplug.com/wp-json/wp/v2/modules/8649,6,401,id_non_derive_session(+6),"Cloudflare,HSTS,MySQL,PHP,WordPress"
www.payplug.com,https://www.payplug.com/wp-json/wp/v2/categories/1666,6,401,id_non_derive_session(+6),"Cloudflare,HSTS,MySQL,PHP,WordPress"
www.payplug.com,https://www.payplug.com/wp-json/wp/v2/categories/1668,6,401,id_non_derive_session(+6),"Cloudflare,HSTS,MySQL,PHP,WordPress"
www.payplug.com,https://www.payplug.com/wp-json/wp/v2/categories/1040,6,401,id_non_derive_session(+6),"Cloudflare,HSTS,MySQL,PHP,WordPress"
www.payplug.com,https://www.payplug.com/wp-json/wp/v2/modules/8648,6,401,id_non_derive_session(+6),"Cloudflare,HSTS,MySQL,PHP,WordPress"
www.payplug.com,https://www.payplug.com/wp-json/wp/v2/modules/8647,6,401,id_non_derive_session(+6),"Cloudflare,HSTS,MySQL,PHP,WordPress"
www.payplug.com,https://www.payplug.com/wp-json/wp/v2/categories/3884,6,401,id_non_derive_session(+6),"Cloudflare,HSTS,MySQL,PHP,WordPress"
www.payplug.com,https://www.payplug.com/wp-json/wp/v2/modules/8644,6,401,id_non_derive_session(+6),"Cloudflare,HSTS,MySQL,PHP,WordPress"
www.payplug.com,https://www.payplug.com/wp-json/wp/v2/modules/8645,6,401,id_non_derive_session(+6),"Cloudflare,HSTS,MySQL,PHP,WordPress"
www.payplug.com,https://www.payplug.com/wp-json/wp/v2/modules/8646,6,401,id_non_derive_session(+6),"Cloudflare,HSTS,MySQL,PHP,WordPress"
www.payplug.com,https://www.payplug.com/wp-json/wp/v2/posts/8982,6,401,id_non_derive_session(+6),"Cloudflare,HSTS,MySQL,PHP,WordPress"
www.payplug.com,https://www.payplug.com/wp-json/wp/v2/modules/8680,6,401,id_non_derive_session(+6),"Cloudflare,HSTS,MySQL,PHP,WordPress"
www.payplug.com,https://www.payplug.com/wp-json/wp/v2/modules/8694,6,401,id_non_derive_session(+6),"Cloudflare,HSTS,MySQL,PHP,WordPress"
www.payplug.com,https://www.payplug.com/wp-json/wp/v2/modules/8665,6,401,id_non_derive_session(+6),"Cloudflare,HSTS,MySQL,PHP,WordPress"
www.payplug.com,https://www.payplug.com/wp-json/wp/v2/modules/8696,6,401,id_non_derive_session(+6),"Cloudflare,HSTS,MySQL,PHP,WordPress"
www.payplug.com,https://www.payplug.com/wp-json/wp/v2/modules/8695,6,401,id_non_derive_session(+6),"Cloudflare,HSTS,MySQL,PHP,WordPress"
www.payplug.com,https://www.payplug.com/wp-json/wp/v2/modules/8700,6,401,id_non_derive_session(+6),"Cloudflare,HSTS,MySQL,PHP,WordPress"
www.payplug.com,https://www.payplug.com/wp-json/wp/v2/posts/8987,6,401,id_non_derive_session(+6),"Cloudflare,HSTS,MySQL,PHP,WordPress"
www.payplug.com,https://www.payplug.com/wp-json/wp/v2/modules/8699,6,401,id_non_derive_session(+6),"Cloudflare,HSTS,MySQL,PHP,WordPress"
www.payplug.com,https://www.payplug.com/wp-json/wp/v2/modules/8697,6,401,id_non_derive_session(+6),"Cloudflare,HSTS,MySQL,PHP,WordPress"
www.payplug.com,https://www.payplug.com/wp-json/wp/v2/pages/97,6,401,id_non_derive_session(+6),"Cloudflare,HSTS,MySQL,PHP,WordPress"
www.payplug.com,https://www.payplug.com/wp-json/wp/v2/modules/8701,6,401,id_non_derive_session(+6),"Cloudflare,HSTS,MySQL,PHP,WordPress"
www.payplug.com,https://www.payplug.com/wp-json/wp/v2/modules/8698,6,401,id_non_derive_session(+6),"Cloudflare,HSTS,MySQL,PHP,WordPress"
www.payplug.com,https://www.payplug.com/wp-json/wp/v2/modules/8720,6,401,id_non_derive_session(+6),"Cloudflare,HSTS,MySQL,PHP,WordPress"
www.payplug.com,https://www.payplug.com/wp-json/wp/v2/modules/8728,6,401,id_non_derive_session(+6),"Cloudflare,HSTS,MySQL,PHP,WordPress"
www.payplug.com,https://www.payplug.com/wp-json/wp/v2/modules/8725,6,401,id_non_derive_session(+6),"Cloudflare,HSTS,MySQL,PHP,WordPress"
www.payplug.com,https://www.payplug.com/wp-json/wp/v2/modules/8711,6,401,id_non_derive_session(+6),"Cloudflare,HSTS,MySQL,PHP,WordPress"
www.payplug.com,https://www.payplug.com/wp-json/wp/v2/modules/8733,6,401,id_non_derive_session(+6),"Cloudflare,HSTS,MySQL,PHP,WordPress"
www.payplug.com,https://www.payplug.com/wp-json/wp/v2/pages/1104,6,401,id_non_derive_session(+6),"Cloudflare,HSTS,MySQL,PHP,WordPress"
www.payplug.com,https://www.payplug.com/wp-json/wp/v2/modules/8734,6,401,id_non_derive_session(+6),"Cloudflare,HSTS,MySQL,PHP,WordPress"
www.payplug.com,https://www.payplug.com/wp-json/wp/v2/posts/3901,6,401,id_non_derive_session(+6),"Cloudflare,HSTS,MySQL,PHP,WordPress"
www.payplug.com,https://www.payplug.com/wp-json/wp/v2/pages/1103,6,401,id_non_derive_session(+6),"Cloudflare,HSTS,MySQL,PHP,WordPress"
www.payplug.com,https://www.payplug.com/wp-json/wp/v2/pages/1809,6,401,id_non_derive_session(+6),"Cloudflare,HSTS,MySQL,PHP,WordPress"
www.payplug.com,https://www.payplug.com/wp-json/wp/v2/pages/1609,6,401,id_non_derive_session(+6),"Cloudflare,HSTS,MySQL,PHP,WordPress"
www.payplug.com,https://www.payplug.com/wp-json/wp/v2/pages/325,6,429,id_non_derive_session(+6),"Cloudflare,HSTS"
www.payplug.com,https://www.payplug.com/wp-json/wp/v2/pages/1426,6,429,id_non_derive_session(+6),"Cloudflare,HSTS"
www.payplug.com,https://www.payplug.com/fr/blog/category/temoignages/page/3,6,200,id_non_derive_session(+6) | hors_cible_de_lancement:vega-is.com,"AddToAny,Bootstrap,Cloudflare,EWWW Image Optimizer,Google PageSpeed:1.13.35.2,Google Tag Manager,HSTS,HubSpot,MySQL,PHP,Redux Framework:4.4.5,Site Kit:1.183.0,WordPress,jQuery"
www.payplug.com,https://www.payplug.com/blog/page/9,6,200,id_non_derive_session(+6) | hors_cible_de_lancement:vega-is.com,"AddToAny,Bootstrap,Cloudflare,EWWW Image Optimizer,Google PageSpeed:1.13.35.2,Google Tag Manager,HSTS,HubSpot,MySQL,PHP,Redux Framework:4.4.5,Site Kit:1.183.0,WordPress,jQuery"
www.payplug.com,https://www.payplug.com/blog/page/5,6,200,id_non_derive_session(+6) | hors_cible_de_lancement:vega-is.com,"AddToAny,Bootstrap,Cloudflare,EWWW Image Optimizer,Google PageSpeed:1.13.35.2,Google Tag Manager,HSTS,HubSpot,MySQL,PHP,Redux Framework:4.4.5,Site Kit:1.183.0,WordPress,jQuery"
www.payplug.com,https://www.payplug.com/blog/page/3,6,200,id_non_derive_session(+6) | hors_cible_de_lancement:vega-is.com,"AddToAny,Bootstrap,Cloudflare,EWWW Image Optimizer,Google PageSpeed:1.13.35.2,Google Tag Manager,HSTS,HubSpot,MySQL,PHP,Redux Framework:4.4.5,Site Kit:1.183.0,WordPress,jQuery"
www.payplug.com,https://www.payplug.com/blog/page/2,6,200,id_non_derive_session(+6) | hors_cible_de_lancement:vega-is.com,"AddToAny,Bootstrap,Cloudflare,EWWW Image Optimizer,Google PageSpeed:1.13.35.2,Google Tag Manager,HSTS,HubSpot,MySQL,PHP,Redux Framework:4.4.5,Site Kit:1.183.0,WordPress,jQuery"
www.payplug.com,https://www.payplug.com/blog/page/4,6,200,id_non_derive_session(+6) | hors_cible_de_lancement:vega-is.com,"AddToAny,Bootstrap,Cloudflare,EWWW Image Optimizer,Google PageSpeed:1.13.35.2,Google Tag Manager,HSTS,HubSpot,MySQL,PHP,Redux Framework:4.4.5,Site Kit:1.183.0,WordPress,jQuery"
www.payplug.com,https://www.payplug.com/wp-json/wp/v2/pages/1607,6,401,id_non_derive_session(+6),"Cloudflare,HSTS,MySQL,PHP,WordPress"
www.payplug.com,https://www.payplug.com/wp-json/wp/v2/posts/3747,6,401,id_non_derive_session(+6),"Cloudflare,HSTS,MySQL,PHP,WordPress"
www.payplug.com,https://www.payplug.com/fr/blog/page/4,6,200,id_non_derive_session(+6) | hors_cible_de_lancement:vega-is.com,"AddToAny,Bootstrap,Cloudflare,EWWW Image Optimizer,Google PageSpeed:1.13.35.2,Google Tag Manager,HSTS,HubSpot,MySQL,PHP,Redux Framework:4.4.5,Site Kit:1.183.0,WordPress,jQuery"
www.payplug.com,https://www.payplug.com/fr/blog/page/9,6,200,id_non_derive_session(+6) | hors_cible_de_lancement:vega-is.com,"AddToAny,Bootstrap,Cloudflare,EWWW Image Optimizer,Google PageSpeed:1.13.35.2,Google Tag Manager,HSTS,HubSpot,MySQL,PHP,Redux Framework:4.4.5,Site Kit:1.183.0,WordPress,jQuery"
www.payplug.com,https://www.payplug.com/fr/blog/page/5,6,200,id_non_derive_session(+6) | hors_cible_de_lancement:vega-is.com,"AddToAny,Bootstrap,Cloudflare,EWWW Image Optimizer,Google PageSpeed:1.13.35.2,Google Tag Manager,HSTS,HubSpot,MySQL,PHP,Redux Framework:4.4.5,Site Kit:1.183.0,WordPress,jQuery"
www.payplug.com,https://www.payplug.com/fr/blog/page/15,6,200,id_non_derive_session(+6) | hors_cible_de_lancement:vega-is.com,"AddToAny,Bootstrap,Cloudflare,EWWW Image Optimizer,Google PageSpeed:1.13.35.2,Google Tag Manager,HSTS,HubSpot,MySQL,PHP,Redux Framework:4.4.5,Site Kit:1.183.0,WordPress,jQuery"
www.payplug.com,https://www.payplug.com/fr/blog/page/3,6,200,id_non_derive_session(+6) | hors_cible_de_lancement:vega-is.com,"AddToAny,Bootstrap,Cloudflare,EWWW Image Optimizer,Google PageSpeed:1.13.35.2,Google Tag Manager,HSTS,HubSpot,MySQL,PHP,Redux Framework:4.4.5,Site Kit:1.183.0,WordPress,jQuery"
www.payplug.com,https://www.payplug.com/fr/blog/page/2,6,200,id_non_derive_session(+6) | hors_cible_de_lancement:vega-is.com,"AddToAny,Bootstrap,Cloudflare,EWWW Image Optimizer,Google PageSpeed:1.13.35.2,Google Tag Manager,HSTS,HubSpot,MySQL,PHP,Redux Framework:4.4.5,Site Kit:1.183.0,WordPress,jQuery"
www.payplug.com,https://www.payplug.com/fr/blog/page/12,6,200,id_non_derive_session(+6) | hors_cible_de_lancement:vega-is.com,"AddToAny,Bootstrap,Cloudflare,EWWW Image Optimizer,Google PageSpeed:1.13.35.2,Google Tag Manager,HSTS,HubSpot,MySQL,PHP,Redux Framework:4.4.5,Site Kit:1.183.0,WordPress,jQuery"
www.payplug.com,https://www.payplug.com/blog/page/8,6,200,id_non_derive_session(+6) | hors_cible_de_lancement:vega-is.com,"AddToAny,Bootstrap,Cloudflare,EWWW Image Optimizer,Google PageSpeed:1.13.35.2,Google Tag Manager,HSTS,HubSpot,MySQL,PHP,Redux Framework:4.4.5,Site Kit:1.183.0,WordPress,jQuery"
www.payplug.com,https://www.payplug.com/blog/page/6,6,200,id_non_derive_session(+6) | hors_cible_de_lancement:vega-is.com,"AddToAny,Bootstrap,Cloudflare,EWWW Image Optimizer,Google PageSpeed:1.13.35.2,Google Tag Manager,HSTS,HubSpot,MySQL,PHP,Redux Framework:4.4.5,Site Kit:1.183.0,WordPress,jQuery"
www.payplug.com,https://www.payplug.com/blog/page/7,6,200,id_non_derive_session(+6) | hors_cible_de_lancement:vega-is.com,"AddToAny,Bootstrap,Cloudflare,EWWW Image Optimizer,Google PageSpeed:1.13.35.2,Google Tag Manager,HSTS,HubSpot,MySQL,PHP,Redux Framework:4.4.5,Site Kit:1.183.0,WordPress,jQuery"
www.payplug.com,https://www.payplug.com/blog/category/trends/page/2,6,200,id_non_derive_session(+6) | hors_cible_de_lancement:vega-is.com,"AddToAny,Bootstrap,Cloudflare,EWWW Image Optimizer,Google PageSpeed:1.13.35.2,Google Tag Manager,HSTS,HubSpot,MySQL,PHP,Redux Framework:4.4.5,Site Kit:1.183.0,WordPress,jQuery"
www.payplug.com,https://www.payplug.com/wp-json/wp/v2/modules/8650,6,401,id_non_derive_session(+6),"Cloudflare,HSTS,MySQL,PHP,WordPress"
www.payplug.com,https://www.payplug.com/wp-json/wp/v2/categories/1038,6,401,id_non_derive_session(+6),"Cloudflare,HSTS,MySQL,PHP,WordPress"
www.payplug.com,https://www.payplug.com/wp-json/wp/v2/modules/8664,6,401,id_non_derive_session(+6),"Cloudflare,HSTS,MySQL,PHP,WordPress"
www.payplug.com,https://www.payplug.com/wp-json/wp/v2/categories/1034,6,401,id_non_derive_session(+6),"Cloudflare,HSTS,MySQL,PHP,WordPress"
www.payplug.com,https://www.payplug.com/wp-json/wp/v2/modules/8659,6,401,id_non_derive_session(+6),"Cloudflare,HSTS,MySQL,PHP,WordPress"
www.payplug.com,https://www.payplug.com/wp-json/wp/v2/categories/2731,6,401,id_non_derive_session(+6),"Cloudflare,HSTS,MySQL,PHP,WordPress"
www.payplug.com,https://www.payplug.com/wp-json/wp/v2/categories/1670,6,401,id_non_derive_session(+6),"Cloudflare,HSTS,MySQL,PHP,WordPress"
www.payplug.com,https://www.payplug.com/blog/category/news-payplug/page/2,6,200,id_non_derive_session(+6) | hors_cible_de_lancement:vega-is.com,"AddToAny,Bootstrap,Cloudflare,EWWW Image Optimizer,Google PageSpeed:1.13.35.2,Google Tag Manager,HSTS,HubSpot,MySQL,PHP,Redux Framework:4.4.5,Site Kit:1.183.0,WordPress,jQuery"
www.payplug.com,https://www.payplug.com/it/blog/category/testimonianze/page/2,6,200,id_non_derive_session(+6) | hors_cible_de_lancement:vega-is.com,"AddToAny,Bootstrap,Cloudflare,EWWW Image Optimizer,Google PageSpeed:1.13.35.2,Google Tag Manager,HSTS,HubSpot,MySQL,PHP,Redux Framework:4.4.5,Site Kit:1.183.0,WordPress,jQuery"
www.payplug.com,https://www.payplug.com/wp-json/wp/v2/posts/582,6,429,id_non_derive_session(+6),"Cloudflare,HSTS"
www.payplug.com,https://www.payplug.com/fr/blog/category/temoignages/page/2,6,200,id_non_derive_session(+6) | hors_cible_de_lancement:vega-is.com,"AddToAny,Bootstrap,Cloudflare,EWWW Image Optimizer,Google PageSpeed:1.13.35.2,Google Tag Manager,HSTS,HubSpot,MySQL,PHP,Redux Framework:4.4.5,Site Kit:1.183.0,WordPress,jQuery"
www.payplug.com,https://www.payplug.com/wp-json/wp/v2/pages/327,6,429,id_non_derive_session(+6),"Cloudflare,HSTS"
www.pramex.com,https://www.pramex.com/wp-json/wp/v2/categories/511,6,200,id_non_derive_session(+6) | hors_cible_de_lancement:vega-is.com,"Apache HTTP Server,HSTS,MySQL,PHP,WordPress,Yoast SEO:27.1.1"
www.pramex.com,https://www.pramex.com/implantation-etats-unis/page/2,6,200,id_non_derive_session(+6) | hors_cible_de_lancement:vega-is.com,"Apache HTTP Server,Google Tag Manager,HSTS,MySQL,PHP,WP Rocket,WordPress,Yoast SEO:27.1.1"
www.pramex.com,https://www.pramex.com/wp-json/wp/v2/pages/10,6,200,id_non_derive_session(+6) | hors_cible_de_lancement:vega-is.com,"Apache HTTP Server,HSTS,WordPress,Yoast SEO:27.1.1"
www.pramex.com,https://www.pramex.com/wp-json/wp/v2/posts/5699,6,200,id_non_derive_session(+6) | hors_cible_de_lancement:vega-is.com,"Apache HTTP Server,HSTS,WordPress,Yoast SEO:27.1.1"
www.pramex.com,https://www.pramex.com/wp-json/wp/v2/posts/5649,6,200,id_non_derive_session(+6) | hors_cible_de_lancement:vega-is.com,"Apache HTTP Server,HSTS,WordPress,Yoast SEO:27.1.1"
www.pramex.com,https://www.pramex.com/implantation-allemagne/page/2,6,200,id_non_derive_session(+6) | hors_cible_de_lancement:vega-is.com,"Apache HTTP Server,Google Tag Manager,HSTS,MySQL,PHP,WP Rocket,WordPress,Yoast SEO:27.1.1"
www.pramex.com,https://www.pramex.com/wp-json/wp/v2/posts/8922,6,200,id_non_derive_session(+6) | hors_cible_de_lancement:vega-is.com,"Apache HTTP Server,HSTS,WordPress,Yoast SEO:27.1.1"
www.pramex.com,https://www.pramex.com/wp-json/wp/v2/categories/503,6,200,id_non_derive_session(+6) | hors_cible_de_lancement:vega-is.com,"Apache HTTP Server,HSTS,MySQL,PHP,WordPress,Yoast SEO:27.1.1"
www.seventure.fr,https://www.seventure.fr/en/partner/hepster?cat=107,6,200,id_non_derive_session(+6) | hors_cible_de_lancement:vega-is.com,"Apache HTTP Server,MySQL,PHP,WordPress"
www.seventure.fr,https://www.seventure.fr/en/digital-technologies?cat=109,6,200,id_non_derive_session(+6) | hors_cible_de_lancement:vega-is.com | sonde: 0 reponse 200 exploitable sur 4 id -> indetermine,"Apache HTTP Server,MySQL,PHP,WPML:4.9.5,WordPress,Yoast SEO:28.1,jQuery,jQuery UI"
www.seventure.fr,https://www.seventure.fr/actualites/page/3,6,200,id_non_derive_session(+6) | hors_cible_de_lancement:vega-is.com | sonde: 0 reponse 200 exploitable sur 4 id -> indetermine,"Apache HTTP Server,MySQL,PHP,WPML:4.9.5,WordPress,Yoast SEO:28.1,jQuery,jQuery UI"
www.seventure.fr,https://www.seventure.fr/team/isabelle-de-cremoux?cat=11,6,200,id_non_derive_session(+6) | hors_cible_de_lancement:vega-is.com,"Apache HTTP Server,MySQL,PHP,WPML:4.9.5,WordPress,Yoast SEO:28.1,jQuery,jQuery UI"
www.seventure.fr,https://www.seventure.fr/team/david-manjarres?cat=12,6,200,id_non_derive_session(+6) | hors_cible_de_lancement:vega-is.com,"Apache HTTP Server,MySQL,PHP,WPML:4.9.5,WordPress,Yoast SEO:28.1,jQuery,jQuery UI"
www.seventure.fr,https://www.seventure.fr/actualites/page/40,6,200,id_non_derive_session(+6) | hors_cible_de_lancement:vega-is.com | sonde: 0 reponse 200 exploitable sur 4 id -> indetermine,"Apache HTTP Server,MySQL,PHP,WPML:4.9.5,WordPress,Yoast SEO:28.1,jQuery,jQuery UI"
www.seventure.fr,https://www.seventure.fr/actualites/page/41,6,200,id_non_derive_session(+6) | hors_cible_de_lancement:vega-is.com | sonde: 0 reponse 200 exploitable sur 4 id -> indetermine,"Apache HTTP Server,MySQL,PHP,WPML:4.9.5,WordPress,Yoast SEO:28.1,jQuery,jQuery UI"
www.seventure.fr,https://www.seventure.fr/actualites/page/2,6,200,id_non_derive_session(+6) | hors_cible_de_lancement:vega-is.com | sonde: 0 reponse 200 exploitable sur 4 id -> indetermine,"Apache HTTP Server,MySQL,PHP,WPML:4.9.5,WordPress,Yoast SEO:28.1,jQuery,jQuery UI"
www.seventure.fr,https://www.seventure.fr/science-de-vie?cat=93,6,200,id_non_derive_session(+6) | hors_cible_de_lancement:vega-is.com | sonde: 0 reponse 200 exploitable sur 4 id -> indetermine,"Apache HTTP Server,MySQL,PHP,WPML:4.9.5,WordPress,Yoast SEO:28.1,jQuery,jQuery UI"
www.seventure.fr,https://www.seventure.fr/science-de-vie?cat=91,6,200,id_non_derive_session(+6) | hors_cible_de_lancement:vega-is.com | sonde: 0 reponse 200 exploitable sur 4 id -> indetermine,"Apache HTTP Server,MySQL,PHP,WPML:4.9.5,WordPress,Yoast SEO:28.1,jQuery,jQuery UI"
www.seventure.fr,https://www.seventure.fr/science-de-vie?cat=92,6,200,id_non_derive_session(+6) | hors_cible_de_lancement:vega-is.com | sonde: 0 reponse 200 exploitable sur 4 id -> indetermine,"Apache HTTP Server,MySQL,PHP,WPML:4.9.5,WordPress,Yoast SEO:28.1,jQuery,jQuery UI"
www.seventure.fr,https://www.seventure.fr/science-de-vie?cat=89,6,200,id_non_derive_session(+6) | hors_cible_de_lancement:vega-is.com | sonde: 0 reponse 200 exploitable sur 4 id -> indetermine,"Apache HTTP Server,MySQL,PHP,WPML:4.9.5,WordPress,Yoast SEO:28.1,jQuery,jQuery UI"
www.seventure.fr,https://www.seventure.fr/science-de-vie?cat=157,6,200,id_non_derive_session(+6) | hors_cible_de_lancement:vega-is.com | sonde: 0 reponse 200 exploitable sur 4 id -> indetermine,"Apache HTTP Server,MySQL,PHP,WPML:4.9.5,WordPress,Yoast SEO:28.1,jQuery,jQuery UI"
www.seventure.fr,https://www.seventure.fr/science-de-vie?cat=136,6,200,id_non_derive_session(+6) | hors_cible_de_lancement:vega-is.com | sonde: 0 reponse 200 exploitable sur 4 id -> indetermine,"Apache HTTP Server,MySQL,PHP,WPML:4.9.5,WordPress,Yoast SEO:28.1,jQuery,jQuery UI"
www.seventure.fr,https://www.seventure.fr/science-de-vie?cat=90,6,200,id_non_derive_session(+6) | hors_cible_de_lancement:vega-is.com | sonde: 0 reponse 200 exploitable sur 4 id -> indetermine,"Apache HTTP Server,MySQL,PHP,WPML:4.9.5,WordPress,Yoast SEO:28.1,jQuery,jQuery UI"
www.seventure.fr,https://www.seventure.fr/en/digital-technologies?cat=110,6,200,id_non_derive_session(+6) | hors_cible_de_lancement:vega-is.com | sonde: 0 reponse 200 exploitable sur 4 id -> indetermine,"Apache HTTP Server,MySQL,PHP,WPML:4.9.5,WordPress,Yoast SEO:28.1,jQuery,jQuery UI"
www.seventure.fr,https://www.seventure.fr/en/digital-technologies?cat=111,6,200,id_non_derive_session(+6) | hors_cible_de_lancement:vega-is.com | sonde: 0 reponse 200 exploitable sur 4 id -> indetermine,"Apache HTTP Server,MySQL,PHP,WPML:4.9.5,WordPress,Yoast SEO:28.1,jQuery,jQuery UI"
www.seventure.fr,https://www.seventure.fr/en/digital-technologies?cat=108,6,200,id_non_derive_session(+6) | hors_cible_de_lancement:vega-is.com | sonde: 0 reponse 200 exploitable sur 4 id -> indetermine,"Apache HTTP Server,MySQL,PHP,WPML:4.9.5,WordPress,Yoast SEO:28.1,jQuery,jQuery UI"
www.seventure.fr,https://www.seventure.fr/team/guilhem-stoll?cat=11,6,200,id_non_derive_session(+6) | hors_cible_de_lancement:vega-is.com,"Apache HTTP Server,MySQL,PHP,WPML:4.9.5,WordPress,Yoast SEO:28.1,jQuery,jQuery UI"
www.seventure.fr,https://www.seventure.fr/en/partner/wultra?cat=107,6,200,id_non_derive_session(+6) | hors_cible_de_lancement:vega-is.com,"Apache HTTP Server,MySQL,PHP,WordPress"
www.seventure.fr,https://www.seventure.fr/en/wp-json/wp/v2/pages/2054,6,200,id_non_derive_session(+6) | hors_cible_de_lancement:vega-is.com,"Apache HTTP Server,WordPress,Yoast SEO:28.1"
www.seventure.fr,https://www.seventure.fr/partner/galecto-biotech?cat=6,6,200,id_non_derive_session(+6) | hors_cible_de_lancement:vega-is.com,"Apache HTTP Server,MySQL,PHP,WordPress"
www.seventure.fr,https://www.seventure.fr/wp-json/wp/v2/pages/971,6,200,id_non_derive_session(+6) | hors_cible_de_lancement:vega-is.com,"Apache HTTP Server,WordPress,Yoast SEO:28.1"
www.seventure.fr,https://www.seventure.fr/wp-json/wp/v2/pages/9885,6,200,id_non_derive_session(+6) | hors_cible_de_lancement:vega-is.com,"Apache HTTP Server,WordPress,Yoast SEO:28.1"
www.seventure.fr,https://www.seventure.fr/wp-json/wp/v2/pages/7,6,200,id_non_derive_session(+6) | hors_cible_de_lancement:vega-is.com,"Apache HTTP Server,WordPress,Yoast SEO:28.1"
www.seventure.fr,https://www.seventure.fr/wp-json/wp/v2/pages/648,6,200,id_non_derive_session(+6) | hors_cible_de_lancement:vega-is.com,"Apache HTTP Server,WordPress,Yoast SEO:28.1"
www.seventure.fr,https://www.seventure.fr/wp-json/wp/v2/pages/644,6,200,id_non_derive_session(+6) | hors_cible_de_lancement:vega-is.com,"Apache HTTP Server,WordPress,Yoast SEO:28.1"
www.seventure.fr,https://www.seventure.fr/wp-json/wp/v2/pages/63,6,200,id_non_derive_session(+6) | hors_cible_de_lancement:vega-is.com,"Apache HTTP Server,WordPress,Yoast SEO:28.1"
www.seventure.fr,https://www.seventure.fr/wp-json/wp/v2/pages/631,6,200,id_non_derive_session(+6) | hors_cible_de_lancement:vega-is.com,"Apache HTTP Server,WordPress,Yoast SEO:28.1"
www.seventure.fr,https://www.seventure.fr/wp-json/wp/v2/pages/43,6,200,id_non_derive_session(+6) | hors_cible_de_lancement:vega-is.com,"Apache HTTP Server,WordPress,Yoast SEO:28.1"
www.seventure.fr,https://www.seventure.fr/wp-json/wp/v2/pages/52,6,200,id_non_derive_session(+6) | hors_cible_de_lancement:vega-is.com,"Apache HTTP Server,WordPress,Yoast SEO:28.1"
www.seventure.fr,https://www.seventure.fr/wp-json/wp/v2/pages/54,6,200,id_non_derive_session(+6) | hors_cible_de_lancement:vega-is.com,"Apache HTTP Server,WordPress,Yoast SEO:28.1"
www.seventure.fr,https://www.seventure.fr/wp-json/wp/v2/pages/50,6,200,id_non_derive_session(+6) | hors_cible_de_lancement:vega-is.com,"Apache HTTP Server,WordPress,Yoast SEO:28.1"
www.seventure.fr,https://www.seventure.fr/wp-json/wp/v2/pages/5581,6,200,id_non_derive_session(+6) | hors_cible_de_lancement:vega-is.com,"Apache HTTP Server,WordPress,Yoast SEO:28.1"
www.seventure.fr,https://www.seventure.fr/wp-json/wp/v2/pages/254,6,200,id_non_derive_session(+6) | hors_cible_de_lancement:vega-is.com,"Apache HTTP Server,WordPress,Yoast SEO:28.1"
www.seventure.fr,https://www.seventure.fr/wp-json/wp/v2/pages/262,6,200,id_non_derive_session(+6) | hors_cible_de_lancement:vega-is.com,"Apache HTTP Server,WordPress,Yoast SEO:28.1"
www.seventure.fr,https://www.seventure.fr/wp-json/wp/v2/pages/37,6,200,id_non_derive_session(+6) | hors_cible_de_lancement:vega-is.com,"Apache HTTP Server,WordPress,Yoast SEO:28.1"
www.seventure.fr,https://www.seventure.fr/wp-json/wp/v2/pages/39,6,200,id_non_derive_session(+6) | hors_cible_de_lancement:vega-is.com,"Apache HTTP Server,WordPress,Yoast SEO:28.1"
www.seventure.fr,https://www.seventure.fr/wp-json/wp/v2/pages/108,6,200,id_non_derive_session(+6) | hors_cible_de_lancement:vega-is.com,"Apache HTTP Server,WordPress,Yoast SEO:28.1"
www.seventure.fr,https://www.seventure.fr/wp-json/wp/v2/pages/110,6,200,id_non_derive_session(+6) | hors_cible_de_lancement:vega-is.com,"Apache HTTP Server,WordPress,Yoast SEO:28.1"
www.seventure.fr,https://www.seventure.fr/wp-json/wp/v2/pages/1392,6,200,id_non_derive_session(+6) | hors_cible_de_lancement:vega-is.com,"Apache HTTP Server,WordPress,Yoast SEO:28.1"
www.seventure.fr,https://www.seventure.fr/technologie-digital?cat=88,6,200,id_non_derive_session(+6) | hors_cible_de_lancement:vega-is.com,"Apache HTTP Server,MySQL,PHP,WPML:4.9.5,WordPress,Yoast SEO:28.1,jQuery,jQuery UI"
www.seventure.fr,https://www.seventure.fr/technologie-digital?cat=86,6,200,id_non_derive_session(+6) | hors_cible_de_lancement:vega-is.com,"Apache HTTP Server,MySQL,PHP,WPML:4.9.5,WordPress,Yoast SEO:28.1,jQuery,jQuery UI"
www.seventure.fr,https://www.seventure.fr/technologie-digital?cat=85,6,200,id_non_derive_session(+6) | hors_cible_de_lancement:vega-is.com,"Apache HTTP Server,MySQL,PHP,WPML:4.9.5,WordPress,Yoast SEO:28.1,jQuery,jQuery UI"
www.seventure.fr,https://www.seventure.fr/technologie-digital?cat=87,6,200,id_non_derive_session(+6) | hors_cible_de_lancement:vega-is.com,"Apache HTTP Server,MySQL,PHP,WPML:4.9.5,WordPress,Yoast SEO:28.1,jQuery,jQuery UI"
www.seventure.fr,https://www.seventure.fr/team/quang-le?cat=11,6,200,id_non_derive_session(+6) | hors_cible_de_lancement:vega-is.com,"Apache HTTP Server,MySQL,PHP,WPML:4.9.5,WordPress,Yoast SEO:28.1,jQuery,jQuery UI"
www.seventure.fr,https://www.seventure.fr/team/oxana-kukhaneva-consultante?cat=11,6,200,id_non_derive_session(+6) | hors_cible_de_lancement:vega-is.com,"Apache HTTP Server,MySQL,PHP,WPML:4.9.5,WordPress,Yoast SEO:28.1,jQuery,jQuery UI"
www.seventure.fr,https://www.seventure.fr/team/tudy-lollivier?cat=11,6,200,id_non_derive_session(+6) | hors_cible_de_lancement:vega-is.com,"Apache HTTP Server,MySQL,PHP,WPML:4.9.5,WordPress,Yoast SEO:28.1,jQuery,jQuery UI"
www.seventure.fr,https://www.seventure.fr/team/philippe-tramoy-2?cat=11,6,200,id_non_derive_session(+6) | hors_cible_de_lancement:vega-is.com,"Apache HTTP Server,MySQL,PHP,WPML:4.9.5,WordPress,Yoast SEO:28.1,jQuery,jQuery UI"
www.seventure.fr,https://www.seventure.fr/team/thibault-canton-2?cat=12,6,200,id_non_derive_session(+6) | hors_cible_de_lancement:vega-is.com,"Apache HTTP Server,MySQL,PHP,WPML:4.9.5,WordPress,Yoast SEO:28.1,jQuery,jQuery UI"
www.seventure.fr,https://www.seventure.fr/team/marie-gabrielle-pellerin-de-beauvais?cat=11,6,200,id_non_derive_session(+6) | hors_cible_de_lancement:vega-is.com,"Apache HTTP Server,MySQL,PHP,WPML:4.9.5,WordPress,Yoast SEO:28.1,jQuery,jQuery UI"
www.seventure.fr,https://www.seventure.fr/team/nora-frey-2?cat=11,6,200,id_non_derive_session(+6) | hors_cible_de_lancement:vega-is.com,"Apache HTTP Server,MySQL,PHP,WPML:4.9.5,WordPress,Yoast SEO:28.1,jQuery,jQuery UI"
www.seventure.fr,https://www.seventure.fr/team/ludovic-denis-consultant?cat=12,6,200,id_non_derive_session(+6) | hors_cible_de_lancement:vega-is.com,"Apache HTTP Server,MySQL,PHP,WPML:4.9.5,WordPress,Yoast SEO:28.1,jQuery,jQuery UI"
www.seventure.fr,https://www.seventure.fr/team/emmanuel-fiessinger?cat=11,6,200,id_non_derive_session(+6) | hors_cible_de_lancement:vega-is.com,"Apache HTTP Server,MySQL,PHP,WPML:4.9.5,WordPress,Yoast SEO:28.1,jQuery,jQuery UI"
www.seventure.fr,https://www.seventure.fr/team/jeanne-berron?cat=11,6,200,id_non_derive_session(+6) | hors_cible_de_lancement:vega-is.com,"Apache HTTP Server,MySQL,PHP,WPML:4.9.5,WordPress,Yoast SEO:28.1,jQuery,jQuery UI"
www.seventure.fr,https://www.seventure.fr/team/iain-wilcock-consultant?cat=11,6,200,id_non_derive_session(+6) | hors_cible_de_lancement:vega-is.com,"Apache HTTP Server,MySQL,PHP,WPML:4.9.5,WordPress,Yoast SEO:28.1,jQuery,jQuery UI"
www.seventure.fr,https://www.seventure.fr/team/jacques-li?cat=11,6,200,id_non_derive_session(+6) | hors_cible_de_lancement:vega-is.com,"Apache HTTP Server,MySQL,PHP,WPML:4.9.5,WordPress,Yoast SEO:28.1,jQuery,jQuery UI"
www.seventure.fr,https://www.seventure.fr/team/louise-thueux?cat=11,6,200,id_non_derive_session(+6) | hors_cible_de_lancement:vega-is.com,"Apache HTTP Server,MySQL,PHP,WPML:4.9.5,WordPress,Yoast SEO:28.1,jQuery,jQuery UI"
www.seventure.fr,https://www.seventure.fr/team/julien-cazor?cat=12,6,200,id_non_derive_session(+6) | hors_cible_de_lancement:vega-is.com,"Apache HTTP Server,MySQL,PHP,WPML:4.9.5,WordPress,Yoast SEO:28.1,jQuery,jQuery UI"
www.seventure.fr,https://www.seventure.fr/team/denise-kelly?cat=11,6,200,id_non_derive_session(+6) | hors_cible_de_lancement:vega-is.com,"Apache HTTP Server,MySQL,PHP,WPML:4.9.5,WordPress,Yoast SEO:28.1,jQuery,jQuery UI"
www.seventure.fr,https://www.seventure.fr/sport-bien-etre?cat=145,6,200,id_non_derive_session(+6) | hors_cible_de_lancement:vega-is.com,"Apache HTTP Server,MySQL,PHP,WPML:4.9.5,WordPress,Yoast SEO:28.1,jQuery,jQuery UI"
www.seventure.fr,https://www.seventure.fr/team/claire-derlot?cat=11,6,200,id_non_derive_session(+6) | hors_cible_de_lancement:vega-is.com,"Apache HTTP Server,MySQL,PHP,WPML:4.9.5,WordPress,Yoast SEO:28.1,jQuery,jQuery UI"
www.seventure.fr,https://www.seventure.fr/team/arthur-bourgade?cat=11,6,200,id_non_derive_session(+6) | hors_cible_de_lancement:vega-is.com,"Apache HTTP Server,MySQL,PHP,WPML:4.9.5,WordPress,Yoast SEO:28.1,jQuery,jQuery UI"
www.seventure.fr,https://www.seventure.fr/team/guillaume-echaudemaison?cat=12,6,200,id_non_derive_session(+6) | hors_cible_de_lancement:vega-is.com,"Apache HTTP Server,MySQL,PHP,WPML:4.9.5,WordPress,Yoast SEO:28.1,jQuery,jQuery UI"
www.seventure.fr,https://www.seventure.fr/team/bruno-rivet?cat=12,6,200,id_non_derive_session(+6) | hors_cible_de_lancement:vega-is.com,"Apache HTTP Server,MySQL,PHP,WPML:4.9.5,WordPress,Yoast SEO:28.1,jQuery,jQuery UI"
www.seventure.fr,https://www.seventure.fr/team/annegret-de-baey?cat=11,6,200,id_non_derive_session(+6) | hors_cible_de_lancement:vega-is.com,"Apache HTTP Server,MySQL,PHP,WPML:4.9.5,WordPress,Yoast SEO:28.1,jQuery,jQuery UI"
www.seventure.fr,https://www.seventure.fr/partner/zipongo?cat=6,6,200,id_non_derive_session(+6) | hors_cible_de_lancement:vega-is.com,"Apache HTTP Server,MySQL,PHP,WordPress"
www.seventure.fr,https://www.seventure.fr/partner/yeswehack?cat=5,6,200,id_non_derive_session(+6) | hors_cible_de_lancement:vega-is.com,"Apache HTTP Server,MySQL,PHP,WordPress"
www.seventure.fr,https://www.seventure.fr/partner/wallix?cat=5,6,200,id_non_derive_session(+6) | hors_cible_de_lancement:vega-is.com,"Apache HTTP Server,MySQL,PHP,WordPress"
www.seventure.fr,https://www.seventure.fr/partner/wultra?cat=5,6,200,id_non_derive_session(+6) | hors_cible_de_lancement:vega-is.com,"Apache HTTP Server,MySQL,PHP,WordPress"
www.seventure.fr,https://www.seventure.fr/partner/zenniz?cat=143,6,200,id_non_derive_session(+6) | hors_cible_de_lancement:vega-is.com,"Apache HTTP Server,MySQL,PHP,WordPress"
www.seventure.fr,https://www.seventure.fr/partner/vortex-io?cat=6,6,200,id_non_derive_session(+6) | hors_cible_de_lancement:vega-is.com,"Apache HTTP Server,MySQL,PHP,WordPress"
www.seventure.fr,https://www.seventure.fr/partner/tibot?cat=6,6,200,id_non_derive_session(+6) | hors_cible_de_lancement:vega-is.com,"Apache HTTP Server,MySQL,PHP,WordPress"
www.seventure.fr,https://www.seventure.fr/partner/vedanta?cat=6,6,200,id_non_derive_session(+6) | hors_cible_de_lancement:vega-is.com,"Apache HTTP Server,MySQL,PHP,WordPress"
www.seventure.fr,https://www.seventure.fr/partner/virovet?cat=6,6,200,id_non_derive_session(+6) | hors_cible_de_lancement:vega-is.com,"Apache HTTP Server,MySQL,PHP,WordPress"
www.seventure.fr,https://www.seventure.fr/partner/tubulis?cat=6,6,200,id_non_derive_session(+6) | hors_cible_de_lancement:vega-is.com,"Apache HTTP Server,MySQL,PHP,WordPress"
www.seventure.fr,https://www.seventure.fr/partner/testbirds?cat=5,6,200,id_non_derive_session(+6) | hors_cible_de_lancement:vega-is.com,"Apache HTTP Server,MySQL,PHP,WordPress"
www.seventure.fr,https://www.seventure.fr/partner/targedys?cat=6,6,200,id_non_derive_session(+6) | hors_cible_de_lancement:vega-is.com,"Apache HTTP Server,MySQL,PHP,WordPress"
www.seventure.fr,https://www.seventure.fr/partner/the-sancturary-group?cat=143,6,200,id_non_derive_session(+6) | hors_cible_de_lancement:vega-is.com,"Apache HTTP Server,MySQL,PHP,WordPress"
www.seventure.fr,https://www.seventure.fr/partner/syroco?cat=6,6,200,id_non_derive_session(+6) | hors_cible_de_lancement:vega-is.com,"Apache HTTP Server,MySQL,PHP,WordPress"
www.seventure.fr,https://www.seventure.fr/partner/the-sancturary-group?cat=145,6,200,id_non_derive_session(+6) | hors_cible_de_lancement:vega-is.com,"Apache HTTP Server,MySQL,PHP,WordPress"
www.seventure.fr,https://www.seventure.fr/partner/sumup?cat=5,6,200,id_non_derive_session(+6) | hors_cible_de_lancement:vega-is.com,"Apache HTTP Server,MySQL,PHP,WordPress"
www.seventure.fr,https://www.seventure.fr/partner/string-bio?cat=6,6,200,id_non_derive_session(+6) | hors_cible_de_lancement:vega-is.com,"Apache HTTP Server,MySQL,PHP,WordPress"
www.seventure.fr,https://www.seventure.fr/partner/starfish?cat=6,6,200,id_non_derive_session(+6) | hors_cible_de_lancement:vega-is.com,"Apache HTTP Server,MySQL,PHP,WordPress"
www.seventure.fr,https://www.seventure.fr/partner/standing-ovation?cat=6,6,200,id_non_derive_session(+6) | hors_cible_de_lancement:vega-is.com,"Apache HTTP Server,MySQL,PHP,WordPress"
www.seventure.fr,https://www.seventure.fr/partner/sunrise?cat=6,6,200,id_non_derive_session(+6) | hors_cible_de_lancement:vega-is.com,"Apache HTTP Server,MySQL,PHP,WordPress"
www.seventure.fr,https://www.seventure.fr/partner/skillcorner?cat=145,6,200,id_non_derive_session(+6) | hors_cible_de_lancement:vega-is.com,"Apache HTTP Server,MySQL,PHP,WordPress"
www.seventure.fr,https://www.seventure.fr/partner/siolta-therapeutics?cat=6,6,200,id_non_derive_session(+6) | hors_cible_de_lancement:vega-is.com,"Apache HTTP Server,MySQL,PHP,WordPress"
www.seventure.fr,https://www.seventure.fr/partner/sporteasy?cat=145,6,200,id_non_derive_session(+6) | hors_cible_de_lancement:vega-is.com,"Apache HTTP Server,MySQL,PHP,WordPress"
www.seventure.fr,https://www.seventure.fr/partner/sporteasy?cat=143,6,200,id_non_derive_session(+6) | hors_cible_de_lancement:vega-is.com,"Apache HTTP Server,MySQL,PHP,WordPress"
www.seventure.fr,https://www.seventure.fr/partner/skillcorner?cat=143,6,200,id_non_derive_session(+6) | hors_cible_de_lancement:vega-is.com,"Apache HTTP Server,MySQL,PHP,WordPress"
www.seventure.fr,https://www.seventure.fr/partner/sentryo?cat=5,6,200,id_non_derive_session(+6) | hors_cible_de_lancement:vega-is.com,"Apache HTTP Server,MySQL,PHP,WordPress"
www.seventure.fr,https://www.seventure.fr/partner/sekoia-io?cat=5,6,200,id_non_derive_session(+6) | hors_cible_de_lancement:vega-is.com,"Apache HTTP Server,MySQL,PHP,WordPress"
www.seventure.fr,https://www.seventure.fr/partner/siit?cat=5,6,200,id_non_derive_session(+6) | hors_cible_de_lancement:vega-is.com,"Apache HTTP Server,MySQL,PHP,WordPress"
www.seventure.fr,https://www.seventure.fr/partner/sinay?cat=6,6,200,id_non_derive_session(+6) | hors_cible_de_lancement:vega-is.com,"Apache HTTP Server,MySQL,PHP,WordPress"
www.seventure.fr,https://www.seventure.fr/partner/sequentia?cat=6,6,200,id_non_derive_session(+6) | hors_cible_de_lancement:vega-is.com,"Apache HTTP Server,MySQL,PHP,WordPress"
www.seventure.fr,https://www.seventure.fr/partner/revivbio?cat=6,6,200,id_non_derive_session(+6) | hors_cible_de_lancement:vega-is.com,"Apache HTTP Server,MySQL,PHP,WordPress"
www.seventure.fr,https://www.seventure.fr/partner/reelevant?cat=5,6,200,id_non_derive_session(+6) | hors_cible_de_lancement:vega-is.com,"Apache HTTP Server,MySQL,PHP,WordPress"
www.seventure.fr,https://www.seventure.fr/partner/protip?cat=6,6,200,id_non_derive_session(+6) | hors_cible_de_lancement:vega-is.com,"Apache HTTP Server,MySQL,PHP,WordPress"
www.seventure.fr,https://www.seventure.fr/partner/seaweed-concept?cat=6,6,200,id_non_derive_session(+6) | hors_cible_de_lancement:vega-is.com,"Apache HTTP Server,MySQL,PHP,WordPress"
www.seventure.fr,https://www.seventure.fr/partner/quanta?cat=6,6,200,id_non_derive_session(+6) | hors_cible_de_lancement:vega-is.com,"Apache HTTP Server,MySQL,PHP,WordPress"
www.seventure.fr,https://www.seventure.fr/partner/proteon-pharmaceuticals?cat=6,6,200,id_non_derive_session(+6) | hors_cible_de_lancement:vega-is.com,"Apache HTTP Server,MySQL,PHP,WordPress"
www.seventure.fr,https://www.seventure.fr/partner/pixium?cat=6,6,200,id_non_derive_session(+6) | hors_cible_de_lancement:vega-is.com,"Apache HTTP Server,MySQL,PHP,WordPress"
www.seventure.fr,https://www.seventure.fr/partner/polaris?cat=6,6,200,id_non_derive_session(+6) | hors_cible_de_lancement:vega-is.com,"Apache HTTP Server,MySQL,PHP,WordPress"
www.seventure.fr,https://www.seventure.fr/partner/pitchy?cat=5,6,200,id_non_derive_session(+6) | hors_cible_de_lancement:vega-is.com,"Apache HTTP Server,MySQL,PHP,WordPress"
www.seventure.fr,https://www.seventure.fr/partner/peptobiotics?cat=6,6,200,id_non_derive_session(+6) | hors_cible_de_lancement:vega-is.com,"Apache HTTP Server,MySQL,PHP,WordPress"
www.seventure.fr,https://www.seventure.fr/partner/otoqi?cat=5,6,200,id_non_derive_session(+6) | hors_cible_de_lancement:vega-is.com,"Apache HTTP Server,MySQL,PHP,WordPress"
www.seventure.fr,https://www.seventure.fr/partner/nimble-sciences?cat=6,6,200,id_non_derive_session(+6) | hors_cible_de_lancement:vega-is.com,"Apache HTTP Server,MySQL,PHP,WordPress"
www.seventure.fr,https://www.seventure.fr/partner/novobind?cat=6,6,200,id_non_derive_session(+6) | hors_cible_de_lancement:vega-is.com,"Apache HTTP Server,MySQL,PHP,WordPress"
www.seventure.fr,https://www.seventure.fr/partner/opencell?cat=5,6,200,id_non_derive_session(+6) | hors_cible_de_lancement:vega-is.com,"Apache HTTP Server,MySQL,PHP,WordPress"
www.seventure.fr,https://www.seventure.fr/partner/own-security?cat=5,6,200,id_non_derive_session(+6) | hors_cible_de_lancement:vega-is.com,"Apache HTTP Server,MySQL,PHP,WordPress"
www.seventure.fr,https://www.seventure.fr/partner/nanobiotix?cat=6,6,200,id_non_derive_session(+6) | hors_cible_de_lancement:vega-is.com,"Apache HTTP Server,MySQL,PHP,WordPress"
www.seventure.fr,https://www.seventure.fr/partner/movn-see?cat=145,6,200,id_non_derive_session(+6) | hors_cible_de_lancement:vega-is.com,"Apache HTTP Server,MySQL,PHP,WordPress"
www.seventure.fr,https://www.seventure.fr/partner/movn-see?cat=143,6,200,id_non_derive_session(+6) | hors_cible_de_lancement:vega-is.com,"Apache HTTP Server,MySQL,PHP,WordPress"
www.seventure.fr,https://www.seventure.fr/partner/myco-technology?cat=6,6,200,id_non_derive_session(+6) | hors_cible_de_lancement:vega-is.com,"Apache HTTP Server,MySQL,PHP,WordPress"
www.seventure.fr,https://www.seventure.fr/partner/nexess?cat=5,6,200,id_non_derive_session(+6) | hors_cible_de_lancement:vega-is.com,"Apache HTTP Server,MySQL,PHP,WordPress"
www.seventure.fr,https://www.seventure.fr/partner/medincell?cat=6,6,200,id_non_derive_session(+6) | hors_cible_de_lancement:vega-is.com,"Apache HTTP Server,MySQL,PHP,WordPress"
www.seventure.fr,https://www.seventure.fr/partner/mediads?cat=5,6,200,id_non_derive_session(+6) | hors_cible_de_lancement:vega-is.com,"Apache HTTP Server,MySQL,PHP,WordPress"
www.seventure.fr,https://www.seventure.fr/partner/mint?cat=6,6,200,id_non_derive_session(+6) | hors_cible_de_lancement:vega-is.com,"Apache HTTP Server,MySQL,PHP,WordPress"
www.seventure.fr,https://www.seventure.fr/partner/microbiotica?cat=6,6,200,id_non_derive_session(+6) | hors_cible_de_lancement:vega-is.com,"Apache HTTP Server,MySQL,PHP,WordPress"
www.seventure.fr,https://www.seventure.fr/partner/mauna-kea?cat=6,6,200,id_non_derive_session(+6) | hors_cible_de_lancement:vega-is.com,"Apache HTTP Server,MySQL,PHP,WordPress"
www.seventure.fr,https://www.seventure.fr/partner/mainstay?cat=6,6,200,id_non_derive_session(+6) | hors_cible_de_lancement:vega-is.com,"Apache HTTP Server,MySQL,PHP,WordPress"
www.seventure.fr,https://www.seventure.fr/partner/machtfit?cat=6,6,200,id_non_derive_session(+6) | hors_cible_de_lancement:vega-is.com,"Apache HTTP Server,MySQL,PHP,WordPress"
www.seventure.fr,https://www.seventure.fr/partner/maat?cat=6,6,200,id_non_derive_session(+6) | hors_cible_de_lancement:vega-is.com,"Apache HTTP Server,MySQL,PHP,WordPress"
www.seventure.fr,https://www.seventure.fr/partner/lecturio?cat=5,6,200,id_non_derive_session(+6) | hors_cible_de_lancement:vega-is.com,"Apache HTTP Server,MySQL,PHP,WordPress"
www.seventure.fr,https://www.seventure.fr/partner/larq?cat=6,6,200,id_non_derive_session(+6) | hors_cible_de_lancement:vega-is.com,"Apache HTTP Server,MySQL,PHP,WordPress"
www.seventure.fr,https://www.seventure.fr/partner/la-vie?cat=6,6,200,id_non_derive_session(+6) | hors_cible_de_lancement:vega-is.com,"Apache HTTP Server,MySQL,PHP,WordPress"
www.seventure.fr,https://www.seventure.fr/partner/kebony?cat=6,6,200,id_non_derive_session(+6) | hors_cible_de_lancement:vega-is.com,"Apache HTTP Server,MySQL,PHP,WordPress"
www.seventure.fr,https://www.seventure.fr/partner/kinomap?cat=143,6,200,id_non_derive_session(+6) | hors_cible_de_lancement:vega-is.com,"Apache HTTP Server,MySQL,PHP,WordPress"
www.seventure.fr,https://www.seventure.fr/partner/kinomap?cat=145,6,200,id_non_derive_session(+6) | hors_cible_de_lancement:vega-is.com,"Apache HTTP Server,MySQL,PHP,WordPress"
www.seventure.fr,https://www.seventure.fr/partner/karmen?cat=5,6,200,id_non_derive_session(+6) | hors_cible_de_lancement:vega-is.com,"Apache HTTP Server,MySQL,PHP,WordPress"
www.seventure.fr,https://www.seventure.fr/partner/kapsera?cat=6,6,200,id_non_derive_session(+6) | hors_cible_de_lancement:vega-is.com,"Apache HTTP Server,MySQL,PHP,WordPress"
www.seventure.fr,https://www.seventure.fr/partner/jolimoi?cat=5,6,200,id_non_derive_session(+6) | hors_cible_de_lancement:vega-is.com,"Apache HTTP Server,MySQL,PHP,WordPress"
www.seventure.fr,https://www.seventure.fr/partner/karius?cat=6,6,200,id_non_derive_session(+6) | hors_cible_de_lancement:vega-is.com,"Apache HTTP Server,MySQL,PHP,WordPress"
www.seventure.fr,https://www.seventure.fr/partner/jobteaser?cat=5,6,200,id_non_derive_session(+6) | hors_cible_de_lancement:vega-is.com,"Apache HTTP Server,MySQL,PHP,WordPress"
www.seventure.fr,https://www.seventure.fr/partner/ideel?cat=5,6,200,id_non_derive_session(+6) | hors_cible_de_lancement:vega-is.com,"Apache HTTP Server,MySQL,PHP,WordPress"
www.seventure.fr,https://www.seventure.fr/partner/inalve?cat=6,6,200,id_non_derive_session(+6) | hors_cible_de_lancement:vega-is.com,"Apache HTTP Server,MySQL,PHP,WordPress"
www.seventure.fr,https://www.seventure.fr/partner/impeto-medical?cat=6,6,200,id_non_derive_session(+6) | hors_cible_de_lancement:vega-is.com,"Apache HTTP Server,MySQL,PHP,WordPress"
www.seventure.fr,https://www.seventure.fr/partner/inspecto?cat=6,6,200,id_non_derive_session(+6) | hors_cible_de_lancement:vega-is.com,"Apache HTTP Server,MySQL,PHP,WordPress"
www.seventure.fr,https://www.seventure.fr/partner/idnow?cat=5,6,200,id_non_derive_session(+6) | hors_cible_de_lancement:vega-is.com,"Apache HTTP Server,MySQL,PHP,WordPress"
www.seventure.fr,https://www.seventure.fr/partner/homerez?cat=5,6,200,id_non_derive_session(+6) | hors_cible_de_lancement:vega-is.com,"Apache HTTP Server,MySQL,PHP,WordPress"
www.seventure.fr,https://www.seventure.fr/partner/humedics?cat=6,6,200,id_non_derive_session(+6) | hors_cible_de_lancement:vega-is.com,"Apache HTTP Server,MySQL,PHP,WordPress"
www.seventure.fr,https://www.seventure.fr/partner/hardloop?cat=145,6,200,id_non_derive_session(+6) | hors_cible_de_lancement:vega-is.com,"Apache HTTP Server,MySQL,PHP,WordPress"
www.seventure.fr,https://www.seventure.fr/partner/hardloop?cat=143,6,200,id_non_derive_session(+6) | hors_cible_de_lancement:vega-is.com,"Apache HTTP Server,MySQL,PHP,WordPress"
www.seventure.fr,https://www.seventure.fr/partner/hepster?cat=5,6,200,id_non_derive_session(+6) | hors_cible_de_lancement:vega-is.com,"Apache HTTP Server,MySQL,PHP,WordPress"
www.seventure.fr,https://www.seventure.fr/partner/goa-ventures?cat=6,6,200,id_non_derive_session(+6) | hors_cible_de_lancement:vega-is.com,"Apache HTTP Server,MySQL,PHP,WordPress"
www.seventure.fr,https://www.seventure.fr/partner/glopal?cat=5,6,200,id_non_derive_session(+6) | hors_cible_de_lancement:vega-is.com,"Apache HTTP Server,MySQL,PHP,WordPress"
www.seventure.fr,https://www.seventure.fr/partner/git?cat=6,6,200,id_non_derive_session(+6) | hors_cible_de_lancement:vega-is.com,"Apache HTTP Server,MySQL,PHP,WordPress"
www.seventure.fr,https://www.seventure.fr/partner/geovelo?cat=145,6,200,id_non_derive_session(+6) | hors_cible_de_lancement:vega-is.com,"Apache HTTP Server,MySQL,PHP,WordPress"
www.seventure.fr,https://www.seventure.fr/partner/hackuity?cat=5,6,200,id_non_derive_session(+6) | hors_cible_de_lancement:vega-is.com,"Apache HTTP Server,MySQL,PHP,WordPress"
www.seventure.fr,https://www.seventure.fr/partner/freejump?cat=143,6,200,id_non_derive_session(+6) | hors_cible_de_lancement:vega-is.com,"Apache HTTP Server,MySQL,PHP,WordPress"
www.seventure.fr,https://www.seventure.fr/partner/freejump?cat=145,6,200,id_non_derive_session(+6) | hors_cible_de_lancement:vega-is.com,"Apache HTTP Server,MySQL,PHP,WordPress"
www.seventure.fr,https://www.seventure.fr/partner/flexvelop?cat=5,6,200,id_non_derive_session(+6) | hors_cible_de_lancement:vega-is.com,"Apache HTTP Server,MySQL,PHP,WordPress"
www.seventure.fr,https://www.seventure.fr/partner/geovelo?cat=143,6,200,id_non_derive_session(+6) | hors_cible_de_lancement:vega-is.com,"Apache HTTP Server,MySQL,PHP,WordPress"
www.seventure.fr,https://www.seventure.fr/partner/fire1?cat=6,6,200,id_non_derive_session(+6) | hors_cible_de_lancement:vega-is.com,"Apache HTTP Server,MySQL,PHP,WordPress"
www.seventure.fr,https://www.seventure.fr/partner/expansya?cat=5,6,200,id_non_derive_session(+6) | hors_cible_de_lancement:vega-is.com,"Apache HTTP Server,MySQL,PHP,WordPress"
www.seventure.fr,https://www.seventure.fr/partner/feetme?cat=6,6,200,id_non_derive_session(+6) | hors_cible_de_lancement:vega-is.com,"Apache HTTP Server,MySQL,PHP,WordPress"
www.seventure.fr,https://www.seventure.fr/partner/federation-bio?cat=6,6,200,id_non_derive_session(+6) | hors_cible_de_lancement:vega-is.com,"Apache HTTP Server,MySQL,PHP,WordPress"
www.seventure.fr,https://www.seventure.fr/partner/exo?cat=145,6,200,id_non_derive_session(+6) | hors_cible_de_lancement:vega-is.com,"Apache HTTP Server,MySQL,PHP,WordPress"
www.seventure.fr,https://www.seventure.fr/partner/exo?cat=143,6,200,id_non_derive_session(+6) | hors_cible_de_lancement:vega-is.com,"Apache HTTP Server,MySQL,PHP,WordPress"
www.seventure.fr,https://www.seventure.fr/partner/ervaccine-technologies?cat=6,6,200,id_non_derive_session(+6) | hors_cible_de_lancement:vega-is.com,"Apache HTTP Server,MySQL,PHP,WordPress"
www.seventure.fr,https://www.seventure.fr/partner/endocontrol?cat=6,6,200,id_non_derive_session(+6) | hors_cible_de_lancement:vega-is.com,"Apache HTTP Server,MySQL,PHP,WordPress"
www.seventure.fr,https://www.seventure.fr/partner/enterome?cat=6,6,200,id_non_derive_session(+6) | hors_cible_de_lancement:vega-is.com,"Apache HTTP Server,MySQL,PHP,WordPress"
www.seventure.fr,https://www.seventure.fr/partner/eligo?cat=6,6,200,id_non_derive_session(+6) | hors_cible_de_lancement:vega-is.com,"Apache HTTP Server,MySQL,PHP,WordPress"
www.seventure.fr,https://www.seventure.fr/partner/ecto?cat=6,6,200,id_non_derive_session(+6) | hors_cible_de_lancement:vega-is.com,"Apache HTTP Server,MySQL,PHP,WordPress"
www.seventure.fr,https://www.seventure.fr/partner/ekstere?cat=145,6,200,id_non_derive_session(+6) | hors_cible_de_lancement:vega-is.com,"Apache HTTP Server,MySQL,PHP,WordPress"
www.seventure.fr,https://www.seventure.fr/partner/ekstere?cat=143,6,200,id_non_derive_session(+6) | hors_cible_de_lancement:vega-is.com,"Apache HTTP Server,MySQL,PHP,WordPress"
www.seventure.fr,https://www.seventure.fr/partner/eauzons?cat=6,6,200,id_non_derive_session(+6) | hors_cible_de_lancement:vega-is.com,"Apache HTTP Server,MySQL,PHP,WordPress"
www.seventure.fr,https://www.seventure.fr/partner/dielen-laboratoire?cat=6,6,200,id_non_derive_session(+6) | hors_cible_de_lancement:vega-is.com,"Apache HTTP Server,MySQL,PHP,WordPress"
www.seventure.fr,https://www.seventure.fr/partner/dopavision?cat=6,6,200,id_non_derive_session(+6) | hors_cible_de_lancement:vega-is.com,"Apache HTTP Server,MySQL,PHP,WordPress"
www.seventure.fr,https://www.seventure.fr/partner/domain-therapeutics?cat=6,6,200,id_non_derive_session(+6) | hors_cible_de_lancement:vega-is.com,"Apache HTTP Server,MySQL,PHP,WordPress"
www.seventure.fr,https://www.seventure.fr/partner/dashbook?cat=5,6,200,id_non_derive_session(+6) | hors_cible_de_lancement:vega-is.com,"Apache HTTP Server,MySQL,PHP,WordPress"
www.seventure.fr,https://www.seventure.fr/partner/dermala?cat=6,6,200,id_non_derive_session(+6) | hors_cible_de_lancement:vega-is.com,"Apache HTTP Server,MySQL,PHP,WordPress"
www.seventure.fr,https://www.seventure.fr/partner/daytwo?cat=6,6,200,id_non_derive_session(+6) | hors_cible_de_lancement:vega-is.com,"Apache HTTP Server,MySQL,PHP,WordPress"
www.seventure.fr,https://www.seventure.fr/partner/cytoki?cat=6,6,200,id_non_derive_session(+6) | hors_cible_de_lancement:vega-is.com,"Apache HTTP Server,MySQL,PHP,WordPress"
www.seventure.fr,https://www.seventure.fr/partner/corwave?cat=6,6,200,id_non_derive_session(+6) | hors_cible_de_lancement:vega-is.com,"Apache HTTP Server,MySQL,PHP,WordPress"
www.seventure.fr,https://www.seventure.fr/partner/cmbio-ex-clinical-microbiomics?cat=6,6,200,id_non_derive_session(+6) | hors_cible_de_lancement:vega-is.com,"Apache HTTP Server,MySQL,PHP,WordPress"
www.seventure.fr,https://www.seventure.fr/partner/corpowell-vecollal?cat=6,6,200,id_non_derive_session(+6) | hors_cible_de_lancement:vega-is.com,"Apache HTTP Server,MySQL,PHP,WordPress"
www.seventure.fr,https://www.seventure.fr/partner/clim8?cat=145,6,200,id_non_derive_session(+6) | hors_cible_de_lancement:vega-is.com,"Apache HTTP Server,MySQL,PHP,WordPress"
www.seventure.fr,https://www.seventure.fr/partner/citryll-2?cat=6,6,200,id_non_derive_session(+6) | hors_cible_de_lancement:vega-is.com,"Apache HTTP Server,MySQL,PHP,WordPress"
www.seventure.fr,https://www.seventure.fr/partner/clim8?cat=143,6,200,id_non_derive_session(+6) | hors_cible_de_lancement:vega-is.com,"Apache HTTP Server,MySQL,PHP,WordPress"
www.seventure.fr,https://www.seventure.fr/partner/citalid?cat=5,6,200,id_non_derive_session(+6) | hors_cible_de_lancement:vega-is.com,"Apache HTTP Server,MySQL,PHP,WordPress"
www.seventure.fr,https://www.seventure.fr/partner/chemdoc?cat=6,6,200,id_non_derive_session(+6) | hors_cible_de_lancement:vega-is.com,"Apache HTTP Server,MySQL,PHP,WordPress"
www.seventure.fr,https://www.seventure.fr/partner/cattleeye?cat=6,6,200,id_non_derive_session(+6) | hors_cible_de_lancement:vega-is.com,"Apache HTTP Server,MySQL,PHP,WordPress"
www.seventure.fr,https://www.seventure.fr/partner/business-table?cat=5,6,200,id_non_derive_session(+6) | hors_cible_de_lancement:vega-is.com,"Apache HTTP Server,MySQL,PHP,WordPress"
www.seventure.fr,https://www.seventure.fr/partner/bsport?cat=145,6,200,id_non_derive_session(+6) | hors_cible_de_lancement:vega-is.com,"Apache HTTP Server,MySQL,PHP,WordPress"
www.seventure.fr,https://www.seventure.fr/partner/cardiosecur?cat=6,6,200,id_non_derive_session(+6) | hors_cible_de_lancement:vega-is.com,"Apache HTTP Server,MySQL,PHP,WordPress"
www.seventure.fr,https://www.seventure.fr/partner/bsport?cat=143,6,200,id_non_derive_session(+6) | hors_cible_de_lancement:vega-is.com,"Apache HTTP Server,MySQL,PHP,WordPress"
www.seventure.fr,https://www.seventure.fr/partner/biomx?cat=6,6,200,id_non_derive_session(+6) | hors_cible_de_lancement:vega-is.com,"Apache HTTP Server,MySQL,PHP,WordPress"
www.seventure.fr,https://www.seventure.fr/partner/bcd-bioscience?cat=6,6,200,id_non_derive_session(+6) | hors_cible_de_lancement:vega-is.com,"Apache HTTP Server,MySQL,PHP,WordPress"
www.seventure.fr,https://www.seventure.fr/partner/biomatlante?cat=6,6,200,id_non_derive_session(+6) | hors_cible_de_lancement:vega-is.com,"Apache HTTP Server,MySQL,PHP,WordPress"
www.seventure.fr,https://www.seventure.fr/partner/baouw?cat=145,6,200,id_non_derive_session(+6) | hors_cible_de_lancement:vega-is.com,"Apache HTTP Server,MySQL,PHP,WordPress"
www.seventure.fr,https://www.seventure.fr/partner/axial-biotherapeutics?cat=6,6,200,id_non_derive_session(+6) | hors_cible_de_lancement:vega-is.com,"Apache HTTP Server,MySQL,PHP,WordPress"
www.seventure.fr,https://www.seventure.fr/partner/baouw?cat=143,6,200,id_non_derive_session(+6) | hors_cible_de_lancement:vega-is.com,"Apache HTTP Server,MySQL,PHP,WordPress"
www.seventure.fr,https://www.seventure.fr/partner/artifakt?cat=5,6,200,id_non_derive_session(+6) | hors_cible_de_lancement:vega-is.com,"Apache HTTP Server,MySQL,PHP,WordPress"
www.seventure.fr,https://www.seventure.fr/partner/anybuddy?cat=145,6,200,id_non_derive_session(+6) | hors_cible_de_lancement:vega-is.com,"Apache HTTP Server,MySQL,PHP,WordPress"
www.seventure.fr,https://www.seventure.fr/partner/anybuddy?cat=143,6,200,id_non_derive_session(+6) | hors_cible_de_lancement:vega-is.com,"Apache HTTP Server,MySQL,PHP,WordPress"
www.seventure.fr,https://www.seventure.fr/partner/animab?cat=6,6,200,id_non_derive_session(+6) | hors_cible_de_lancement:vega-is.com,"Apache HTTP Server,MySQL,PHP,WordPress"
www.seventure.fr,https://www.seventure.fr/partner/allozymes?cat=6,6,200,id_non_derive_session(+6) | hors_cible_de_lancement:vega-is.com,"Apache HTTP Server,MySQL,PHP,WordPress"
www.seventure.fr,https://www.seventure.fr/partner/anaeropharma?cat=6,6,200,id_non_derive_session(+6) | hors_cible_de_lancement:vega-is.com,"Apache HTTP Server,MySQL,PHP,WordPress"
www.seventure.fr,https://www.seventure.fr/partner/algoan?cat=5,6,200,id_non_derive_session(+6) | hors_cible_de_lancement:vega-is.com,"Apache HTTP Server,MySQL,PHP,WordPress"
www.seventure.fr,https://www.seventure.fr/partner/acarix?cat=6,6,200,id_non_derive_session(+6) | hors_cible_de_lancement:vega-is.com,"Apache HTTP Server,MySQL,PHP,WordPress"
www.seventure.fr,https://www.seventure.fr/partner/a-mansia?cat=6,6,200,id_non_derive_session(+6) | hors_cible_de_lancement:vega-is.com,"Apache HTTP Server,MySQL,PHP,WordPress"
www.seventure.fr,https://www.seventure.fr/partner/abalos?cat=6,6,200,id_non_derive_session(+6) | hors_cible_de_lancement:vega-is.com,"Apache HTTP Server,MySQL,PHP,WordPress"
www.seventure.fr,https://www.seventure.fr/en/sport-and-well-being?cat=147,6,200,id_non_derive_session(+6) | hors_cible_de_lancement:vega-is.com,"Apache HTTP Server,MySQL,PHP,WPML:4.9.5,WordPress,Yoast SEO:28.1,jQuery,jQuery UI"
www.seventure.fr,https://www.seventure.fr/en/life-sciences?cat=103,6,200,id_non_derive_session(+6) | hors_cible_de_lancement:vega-is.com,"Apache HTTP Server,MySQL,PHP,WPML:4.9.5,WordPress,Yoast SEO:28.1,jQuery,jQuery UI"
www.seventure.fr,https://www.seventure.fr/en/life-sciences?cat=139,6,200,id_non_derive_session(+6) | hors_cible_de_lancement:vega-is.com,"Apache HTTP Server,MySQL,PHP,WPML:4.9.5,WordPress,Yoast SEO:28.1,jQuery,jQuery UI"
www.seventure.fr,https://www.seventure.fr/en/life-sciences?cat=105,6,200,id_non_derive_session(+6) | hors_cible_de_lancement:vega-is.com,"Apache HTTP Server,MySQL,PHP,WPML:4.9.5,WordPress,Yoast SEO:28.1,jQuery,jQuery UI"
www.seventure.fr,https://www.seventure.fr/en/life-sciences?cat=104,6,200,id_non_derive_session(+6) | hors_cible_de_lancement:vega-is.com,"Apache HTTP Server,MySQL,PHP,WPML:4.9.5,WordPress,Yoast SEO:28.1,jQuery,jQuery UI"
www.seventure.fr,https://www.seventure.fr/en/life-sciences?cat=158,6,200,id_non_derive_session(+6) | hors_cible_de_lancement:vega-is.com,"Apache HTTP Server,MySQL,PHP,WPML:4.9.5,WordPress,Yoast SEO:28.1,jQuery,jQuery UI"
www.seventure.fr,https://www.seventure.fr/en/life-sciences?cat=106,6,200,id_non_derive_session(+6) | hors_cible_de_lancement:vega-is.com,"Apache HTTP Server,MySQL,PHP,WPML:4.9.5,WordPress,Yoast SEO:28.1,jQuery,jQuery UI"
www.seventure.fr,https://www.seventure.fr/en/life-sciences?cat=102,6,200,id_non_derive_session(+6) | hors_cible_de_lancement:vega-is.com,"Apache HTTP Server,MySQL,PHP,WPML:4.9.5,WordPress,Yoast SEO:28.1,jQuery,jQuery UI"
www.seventure.fr,https://www.seventure.fr/en/team/3603,6,200,id_non_derive_session(+6) | hors_cible_de_lancement:vega-is.com,"Apache HTTP Server,MySQL,PHP,WPML:4.9.5,WordPress,Yoast SEO:28.1,jQuery,jQuery UI"
www.seventure.fr,https://www.seventure.fr/en/wp-json/wp/v2/pages/2019,6,200,id_non_derive_session(+6) | hors_cible_de_lancement:vega-is.com,"Apache HTTP Server,WordPress,Yoast SEO:28.1"
www.seventure.fr,https://www.seventure.fr/en/partner/yeswehack?cat=107,6,200,id_non_derive_session(+6) | hors_cible_de_lancement:vega-is.com,"Apache HTTP Server,MySQL,PHP,WordPress"
www.seventure.fr,https://www.seventure.fr/en/partner/zenniz?cat=146,6,200,id_non_derive_session(+6) | hors_cible_de_lancement:vega-is.com,"Apache HTTP Server,MySQL,PHP,WordPress"
www.seventure.fr,https://www.seventure.fr/en/partner/wallix?cat=107,6,200,id_non_derive_session(+6) | hors_cible_de_lancement:vega-is.com,"Apache HTTP Server,MySQL,PHP,WordPress"
www.seventure.fr,https://www.seventure.fr/en/partner/the-sanctuary-group?cat=146,6,200,id_non_derive_session(+6) | hors_cible_de_lancement:vega-is.com,"Apache HTTP Server,MySQL,PHP,WordPress"
www.seventure.fr,https://www.seventure.fr/en/partner/sumup?cat=107,6,200,id_non_derive_session(+6) | hors_cible_de_lancement:vega-is.com,"Apache HTTP Server,MySQL,PHP,WordPress"
www.seventure.fr,https://www.seventure.fr/en/partner/testbirds?cat=107,6,200,id_non_derive_session(+6) | hors_cible_de_lancement:vega-is.com,"Apache HTTP Server,MySQL,PHP,WordPress"
www.seventure.fr,https://www.seventure.fr/en/partner/siit?cat=107,6,200,id_non_derive_session(+6) | hors_cible_de_lancement:vega-is.com,"Apache HTTP Server,MySQL,PHP,WordPress"
www.seventure.fr,https://www.seventure.fr/en/partner/sporteasy?cat=146,6,200,id_non_derive_session(+6) | hors_cible_de_lancement:vega-is.com,"Apache HTTP Server,MySQL,PHP,WordPress"
www.seventure.fr,https://www.seventure.fr/en/partner/skillcorner?cat=146,6,200,id_non_derive_session(+6) | hors_cible_de_lancement:vega-is.com,"Apache HTTP Server,MySQL,PHP,WordPress"
www.seventure.fr,https://www.seventure.fr/en/partner/sentryo?cat=107,6,200,id_non_derive_session(+6) | hors_cible_de_lancement:vega-is.com,"Apache HTTP Server,MySQL,PHP,WordPress"
www.seventure.fr,https://www.seventure.fr/en/partner/sekoia-io?cat=107,6,200,id_non_derive_session(+6) | hors_cible_de_lancement:vega-is.com,"Apache HTTP Server,MySQL,PHP,WordPress"
www.seventure.fr,https://www.seventure.fr/en/partner/reelevant?cat=107,6,200,id_non_derive_session(+6) | hors_cible_de_lancement:vega-is.com,"Apache HTTP Server,MySQL,PHP,WordPress"
www.seventure.fr,https://www.seventure.fr/en/partner/pitchy?cat=107,6,200,id_non_derive_session(+6) | hors_cible_de_lancement:vega-is.com,"Apache HTTP Server,MySQL,PHP,WordPress"
www.seventure.fr,https://www.seventure.fr/en/partner/own-security?cat=107,6,200,id_non_derive_session(+6) | hors_cible_de_lancement:vega-is.com,"Apache HTTP Server,MySQL,PHP,WordPress"
www.seventure.fr,https://www.seventure.fr/en/partner/nexess?cat=107,6,200,id_non_derive_session(+6) | hors_cible_de_lancement:vega-is.com,"Apache HTTP Server,MySQL,PHP,WordPress"
www.seventure.fr,https://www.seventure.fr/en/partner/opencell?cat=107,6,200,id_non_derive_session(+6) | hors_cible_de_lancement:vega-is.com,"Apache HTTP Server,MySQL,PHP,WordPress"
www.seventure.fr,https://www.seventure.fr/en/partner/otoqi?cat=107,6,200,id_non_derive_session(+6) | hors_cible_de_lancement:vega-is.com,"Apache HTTP Server,MySQL,PHP,WordPress"
www.seventure.fr,https://www.seventure.fr/en/partner/moven-see?cat=146,6,200,id_non_derive_session(+6) | hors_cible_de_lancement:vega-is.com,"Apache HTTP Server,MySQL,PHP,WordPress"
www.seventure.fr,https://www.seventure.fr/en/partner/mediads?cat=107,6,200,id_non_derive_session(+6) | hors_cible_de_lancement:vega-is.com,"Apache HTTP Server,MySQL,PHP,WordPress"
www.seventure.fr,https://www.seventure.fr/en/partner/lecturio?cat=107,6,200,id_non_derive_session(+6) | hors_cible_de_lancement:vega-is.com,"Apache HTTP Server,MySQL,PHP,WordPress"
www.seventure.fr,https://www.seventure.fr/en/partner/launchmetrics?cat=107,6,200,id_non_derive_session(+6) | hors_cible_de_lancement:vega-is.com,"Apache HTTP Server,MySQL,PHP,WordPress"
www.seventure.fr,https://www.seventure.fr/en/partner/kinomap?cat=146,6,200,id_non_derive_session(+6) | hors_cible_de_lancement:vega-is.com,"Apache HTTP Server,MySQL,PHP,WordPress"
www.seventure.fr,https://www.seventure.fr/en/partner/karmen?cat=107,6,200,id_non_derive_session(+6) | hors_cible_de_lancement:vega-is.com,"Apache HTTP Server,MySQL,PHP,WordPress"
www.seventure.fr,https://www.seventure.fr/en/partner/jolimoi?cat=107,6,200,id_non_derive_session(+6) | hors_cible_de_lancement:vega-is.com,"Apache HTTP Server,MySQL,PHP,WordPress"
www.seventure.fr,https://www.seventure.fr/en/partner/jobteaser?cat=107,6,200,id_non_derive_session(+6) | hors_cible_de_lancement:vega-is.com,"Apache HTTP Server,MySQL,PHP,WordPress"
www.seventure.fr,https://www.seventure.fr/en/partner/idnow?cat=107,6,200,id_non_derive_session(+6) | hors_cible_de_lancement:vega-is.com,"Apache HTTP Server,MySQL,PHP,WordPress"
www.seventure.fr,https://www.seventure.fr/en/partner/ideel?cat=107,6,200,id_non_derive_session(+6) | hors_cible_de_lancement:vega-is.com,"Apache HTTP Server,MySQL,PHP,WordPress"
www.seventure.fr,https://www.seventure.fr/en/partner/homerez?cat=107,6,200,id_non_derive_session(+6) | hors_cible_de_lancement:vega-is.com,"Apache HTTP Server,MySQL,PHP,WordPress"
www.seventure.fr,https://www.seventure.fr/en/partner/glopal?cat=107,6,200,id_non_derive_session(+6) | hors_cible_de_lancement:vega-is.com,"Apache HTTP Server,MySQL,PHP,WordPress"
www.seventure.fr,https://www.seventure.fr/en/partner/hardloop?cat=146,6,200,id_non_derive_session(+6) | hors_cible_de_lancement:vega-is.com,"Apache HTTP Server,MySQL,PHP,WordPress"
www.seventure.fr,https://www.seventure.fr/en/partner/hackuity?cat=107,6,200,id_non_derive_session(+6) | hors_cible_de_lancement:vega-is.com,"Apache HTTP Server,MySQL,PHP,WordPress"
www.seventure.fr,https://www.seventure.fr/en/partner/geovelo?cat=146,6,200,id_non_derive_session(+6) | hors_cible_de_lancement:vega-is.com,"Apache HTTP Server,MySQL,PHP,WordPress"
www.seventure.fr,https://www.seventure.fr/en/partner/freejump?cat=146,6,200,id_non_derive_session(+6) | hors_cible_de_lancement:vega-is.com,"Apache HTTP Server,MySQL,PHP,WordPress"
www.seventure.fr,https://www.seventure.fr/en/partner/flexvelop-2?cat=107,6,200,id_non_derive_session(+6) | hors_cible_de_lancement:vega-is.com,"Apache HTTP Server,MySQL,PHP,WordPress"
www.seventure.fr,https://www.seventure.fr/en/partner/expensya?cat=107,6,200,id_non_derive_session(+6) | hors_cible_de_lancement:vega-is.com,"Apache HTTP Server,MySQL,PHP,WordPress"
www.seventure.fr,https://www.seventure.fr/en/partner/exo?cat=146,6,200,id_non_derive_session(+6) | hors_cible_de_lancement:vega-is.com,"Apache HTTP Server,MySQL,PHP,WordPress"
www.seventure.fr,https://www.seventure.fr/en/partner/ekstere?cat=146,6,200,id_non_derive_session(+6) | hors_cible_de_lancement:vega-is.com,"Apache HTTP Server,MySQL,PHP,WordPress"
www.seventure.fr,https://www.seventure.fr/en/partner/dashbook?cat=107,6,200,id_non_derive_session(+6) | hors_cible_de_lancement:vega-is.com,"Apache HTTP Server,MySQL,PHP,WordPress"
www.seventure.fr,https://www.seventure.fr/en/partner/clim8?cat=146,6,200,id_non_derive_session(+6) | hors_cible_de_lancement:vega-is.com,"Apache HTTP Server,MySQL,PHP,WordPress"
www.seventure.fr,https://www.seventure.fr/en/partner/citalid?cat=107,6,200,id_non_derive_session(+6) | hors_cible_de_lancement:vega-is.com,"Apache HTTP Server,MySQL,PHP,WordPress"
www.seventure.fr,https://www.seventure.fr/en/partner/business-table?cat=107,6,200,id_non_derive_session(+6) | hors_cible_de_lancement:vega-is.com,"Apache HTTP Server,MySQL,PHP,WordPress"
www.seventure.fr,https://www.seventure.fr/en/partner/bsport?cat=146,6,200,id_non_derive_session(+6) | hors_cible_de_lancement:vega-is.com,"Apache HTTP Server,MySQL,PHP,WordPress"
www.seventure.fr,https://www.seventure.fr/en/partner/anybuddy?cat=146,6,200,id_non_derive_session(+6) | hors_cible_de_lancement:vega-is.com,"Apache HTTP Server,MySQL,PHP,WordPress"
www.seventure.fr,https://www.seventure.fr/en/partner/algoan?cat=107,6,200,id_non_derive_session(+6) | hors_cible_de_lancement:vega-is.com,"Apache HTTP Server,MySQL,PHP,WordPress"
www.seventure.fr,https://www.seventure.fr/en/partner/8047?cat=146,6,200,id_non_derive_session(+6) | hors_cible_de_lancement:vega-is.com,"Apache HTTP Server,MySQL,PHP,WordPress"
www.seventure.fr,https://www.seventure.fr/wp-json/wp/v2/pages/22,6,200,id_non_derive_session(+6) | hors_cible_de_lancement:vega-is.com,"Apache HTTP Server,WordPress,Yoast SEO:28.1"
www.seventure.fr,https://www.seventure.fr/team/philippe-tramoy?cat=14,6,200,id_non_derive_session(+6) | hors_cible_de_lancement:vega-is.com,"Apache HTTP Server,MySQL,PHP,WPML:4.9.5,WordPress,Yoast SEO:28.1,jQuery,jQuery UI"
www.sofider.fr,https://www.sofider.fr/?page_id=186,6,200,id_non_derive_session(+6) | hors_cible_de_lancement:vega-is.com,"Cloudflare,CookieYes,Elementor:4.2.0,HSTS,HTTP/3,MySQL,OWL Carousel,PHP,WordPress:7.0.2,cdnjs,jQuery"
www.sofider.fr,https://www.sofider.fr/?page_id=355,6,200,id_non_derive_session(+6) | hors_cible_de_lancement:vega-is.com,"Cloudflare,CookieYes,Elementor:4.2.0,HSTS,HTTP/3,MySQL,OWL Carousel,PHP,WordPress:7.0.2,cdnjs,jQuery"
www.sofider.fr,https://www.sofider.fr/wp-json/wp/v2/pages/210,6,200,id_non_derive_session(+6) | hors_cible_de_lancement:vega-is.com,"Cloudflare,HSTS,HTTP/3"
www.sofider.fr,https://www.sofider.fr/?page_id=171,6,200,id_non_derive_session(+6) | hors_cible_de_lancement:vega-is.com,"Cloudflare,CookieYes,Elementor:4.2.0,HSTS,HTTP/3,MySQL,OWL Carousel,PHP,WordPress:7.0.2,cdnjs,jQuery"
www.sofider.fr,https://www.sofider.fr/wp-json/wp/v2/pages/171,6,200,id_non_derive_session(+6) | hors_cible_de_lancement:vega-is.com,"Cloudflare,HSTS,HTTP/3"
www.sofider.fr,https://www.sofider.fr/?page_id=217,6,200,id_non_derive_session(+6) | hors_cible_de_lancement:vega-is.com,"Cloudflare,CookieYes,Elementor:4.2.0,HSTS,HTTP/3,MySQL,OWL Carousel,PHP,WordPress:7.0.2,cdnjs,jQuery"
www.sofider.fr,https://www.sofider.fr/wp-json/wp/v2/pages/195,6,200,id_non_derive_session(+6) | hors_cible_de_lancement:vega-is.com,"Cloudflare,HSTS,HTTP/3"
www.sofider.fr,https://www.sofider.fr/wp-json/wp/v2/pages/90,6,200,id_non_derive_session(+6) | hors_cible_de_lancement:vega-is.com,"Cloudflare,HSTS,HTTP/3"
www.sofider.fr,https://www.sofider.fr/?page_id=195,6,200,id_non_derive_session(+6) | hors_cible_de_lancement:vega-is.com,"Cloudflare,CookieYes,Elementor:4.2.0,HSTS,HTTP/3,MySQL,OWL Carousel,PHP,WordPress:7.0.2,cdnjs,jQuery"
www.sofider.fr,https://www.sofider.fr/wp-json/wp/v2/pages/186,6,200,id_non_derive_session(+6) | hors_cible_de_lancement:vega-is.com,"Cloudflare,HSTS,HTTP/3"
www.sofider.fr,https://www.sofider.fr/?page_id=210,6,200,id_non_derive_session(+6) | hors_cible_de_lancement:vega-is.com,"Cloudflare,CookieYes,Elementor:4.2.0,HSTS,HTTP/3,MySQL,OWL Carousel,PHP,WordPress:7.0.2,cdnjs,jQuery"
www.sofider.fr,https://www.sofider.fr/wp-json/wp/v2/pages/217,6,200,id_non_derive_session(+6) | hors_cible_de_lancement:vega-is.com,"Cloudflare,HSTS,HTTP/3"
www.vega-is.com,https://www.vega-is.com/fonds/4054/vega-transformation-responsable,6,200,id_non_derive_session(+6) | hors_cible_de_lancement:votreepargnesalariale.com,"Cloudflare,Drupal,Google Tag Manager,HSTS,PHP,hCaptcha,jQuery,jQuery CDN"
www.vega-is.com,https://www.vega-is.com/fonds/4365/natixis-horizon-2060-2064,6,200,id_non_derive_session(+6) | hors_cible_de_lancement:votreepargnesalariale.com,"Cloudflare,Drupal,Google Tag Manager,HSTS,PHP,hCaptcha,jQuery,jQuery CDN"
www.vega-is.com,https://www.vega-is.com/fonds/3796/vega-disruption,6,200,id_non_derive_session(+6) | hors_cible_de_lancement:votreepargnesalariale.com,"Cloudflare,Drupal,Google Tag Manager,HSTS,PHP,hCaptcha,jQuery,jQuery CDN"
www.vega-is.com,https://www.vega-is.com/fonds/3632/natixis-horizon-2055-2059,6,200,id_non_derive_session(+6) | hors_cible_de_lancement:votreepargnesalariale.com,"Cloudflare,Drupal,Google Tag Manager,HSTS,PHP,hCaptcha,jQuery,jQuery CDN"
www.vega-is.com,https://www.vega-is.com/fonds/3612/selectiz-plus,6,200,id_non_derive_session(+6) | hors_cible_de_lancement:votreepargnesalariale.com,"Cloudflare,Drupal,Google Tag Manager,HSTS,PHP,hCaptcha,jQuery,jQuery CDN"
www.vega-is.com,https://www.vega-is.com/fonds/3620/natixis-esg-pea,6,200,id_non_derive_session(+6) | hors_cible_de_lancement:votreepargnesalariale.com,"Cloudflare,Drupal,Google Tag Manager,HSTS,PHP,hCaptcha,jQuery,jQuery CDN"
www.vega-is.com,https://www.vega-is.com/fonds/3549/vega-alpha-opportunites-isr,6,200,id_non_derive_session(+6) | hors_cible_de_lancement:votreepargnesalariale.com,"Cloudflare,Drupal,Google Tag Manager,HSTS,PHP,hCaptcha,jQuery,jQuery CDN"
www.vega-is.com,https://www.vega-is.com/fonds/3126/natixis-horizon-2045-2049,6,200,id_non_derive_session(+6) | hors_cible_de_lancement:votreepargnesalariale.com,"Cloudflare,Drupal,Google Tag Manager,HSTS,PHP,hCaptcha,jQuery,jQuery CDN"
www.vega-is.com,https://www.vega-is.com/fonds/3619/selectiz,6,200,id_non_derive_session(+6) | hors_cible_de_lancement:votreepargnesalariale.com,"Cloudflare,Drupal,Google Tag Manager,HSTS,PHP,hCaptcha,jQuery,jQuery CDN"
www.vega-is.com,https://www.vega-is.com/fonds/3313/allocation-pilotee-offensive,6,200,id_non_derive_session(+6) | hors_cible_de_lancement:votreepargnesalariale.com,"Cloudflare,Drupal,Google Tag Manager,HSTS,PHP,hCaptcha,jQuery,jQuery CDN"
www.vega-is.com,https://www.vega-is.com/fonds/3120/natixis-horizon-2035-2039,6,200,id_non_derive_session(+6) | hors_cible_de_lancement:votreepargnesalariale.com,"Cloudflare,Drupal,Google Tag Manager,HSTS,PHP,hCaptcha,jQuery,jQuery CDN"
www.vega-is.com,https://www.vega-is.com/fonds/3314/allocation-pilotee-equilibre,6,200,id_non_derive_session(+6) | hors_cible_de_lancement:votreepargnesalariale.com,"Cloudflare,Drupal,Google Tag Manager,HSTS,PHP,hCaptcha,jQuery,jQuery CDN"
www.vega-is.com,https://www.vega-is.com/fonds/3125/natixis-horizon-2040-2044,6,200,id_non_derive_session(+6) | hors_cible_de_lancement:votreepargnesalariale.com,"Cloudflare,Drupal,Google Tag Manager,HSTS,PHP,hCaptcha,jQuery,jQuery CDN"
www.vega-is.com,https://www.vega-is.com/fonds/3119/natixis-horizon-2030-2034,6,200,id_non_derive_session(+6) | hors_cible_de_lancement:votreepargnesalariale.com,"Cloudflare,Drupal,Google Tag Manager,HSTS,PHP,hCaptcha,jQuery,jQuery CDN"
www.vega-is.com,https://www.vega-is.com/fonds/3114/elite-1818-monde-multi-secteurs,6,200,id_non_derive_session(+6) | hors_cible_de_lancement:votreepargnesalariale.com,"Cloudflare,Drupal,Google Tag Manager,HSTS,PHP,hCaptcha,jQuery,jQuery CDN"
www.vega-is.com,https://www.vega-is.com/fonds/3101/vega-europe-autonomie,6,200,id_non_derive_session(+6) | hors_cible_de_lancement:votreepargnesalariale.com,"Cloudflare,Drupal,Google Tag Manager,HSTS,PHP,hCaptcha,jQuery,jQuery CDN"
www.vega-is.com,https://www.vega-is.com/fonds/3099/vega-europe-convictions-isr,6,200,id_non_derive_session(+6) | hors_cible_de_lancement:votreepargnesalariale.com,"Cloudflare,Drupal,Google Tag Manager,HSTS,PHP,hCaptcha,jQuery,jQuery CDN"
www.vega-is.com,https://www.vega-is.com/fonds/3093/vega-euro-opportunites-isr,6,200,id_non_derive_session(+6) | hors_cible_de_lancement:votreepargnesalariale.com,"Cloudflare,Drupal,Google Tag Manager,HSTS,PHP,hCaptcha,jQuery,jQuery CDN"
www.vega-is.com,https://www.vega-is.com/fonds/3090/vega-patrimoine-isr,6,200,id_non_derive_session(+6) | hors_cible_de_lancement:votreepargnesalariale.com,"Cloudflare,Drupal,Google Tag Manager,HSTS,PHP,hCaptcha,jQuery,jQuery CDN"
www.vega-is.com,https://www.vega-is.com/fonds/3095/vega-france-opportunites-isr,6,200,id_non_derive_session(+6) | hors_cible_de_lancement:votreepargnesalariale.com,"Cloudflare,Drupal,Google Tag Manager,HSTS,PHP,hCaptcha,jQuery,jQuery CDN"
www.vega-is.com,https://www.vega-is.com/fonds/3086/vega-monde-rendement,6,200,id_non_derive_session(+6) | hors_cible_de_lancement:votreepargnesalariale.com,"Cloudflare,Drupal,Google Tag Manager,HSTS,PHP,hCaptcha,jQuery,jQuery CDN"
www.vega-is.com,https://www.vega-is.com/fr/fonds/3313/allocation-pilotee-offensive,6,200,id_non_derive_session(+6) | hors_cible_de_lancement:votreepargnesalariale.com,"Cloudflare,Drupal,Google Tag Manager,HSTS,PHP,hCaptcha,jQuery,jQuery CDN"
www.vega-is.com,https://www.vega-is.com/fonds/1605/fructifonds-profil-6,6,200,id_non_derive_session(+6) | hors_cible_de_lancement:votreepargnesalariale.com,"Cloudflare,Drupal,Google Tag Manager,HSTS,PHP,hCaptcha,jQuery,jQuery CDN"
www.vega-is.com,https://www.vega-is.com/fonds/1833/natixis-horizon-2025-2029,6,200,id_non_derive_session(+6) | hors_cible_de_lancement:votreepargnesalariale.com,"Cloudflare,Drupal,Google Tag Manager,HSTS,PHP,hCaptcha,jQuery,jQuery CDN"
www.vega-is.com,https://www.vega-is.com/fonds/1604/fructifonds-profil-3,6,200,id_non_derive_session(+6) | hors_cible_de_lancement:votreepargnesalariale.com,"Cloudflare,Drupal,Google Tag Manager,HSTS,PHP,hCaptcha,jQuery,jQuery CDN"
www.vega-is.com,https://www.vega-is.com/fonds/1852/vega-grande-amerique,6,200,id_non_derive_session(+6) | hors_cible_de_lancement:votreepargnesalariale.com,"Cloudflare,Drupal,Google Tag Manager,HSTS,PHP,hCaptcha,jQuery,jQuery CDN"
www.vega-is.com,https://www.vega-is.com/fonds/1606/fructifonds-profil-9,6,200,id_non_derive_session(+6) | hors_cible_de_lancement:votreepargnesalariale.com,"Cloudflare,Drupal,Google Tag Manager,HSTS,PHP,hCaptcha,jQuery,jQuery CDN"
www.vega-is.com,https://www.vega-is.com/fonds/1876/natixis-profil-serenite,6,200,id_non_derive_session(+6) | hors_cible_de_lancement:votreepargnesalariale.com,"Cloudflare,Drupal,Google Tag Manager,HSTS,PHP,hCaptcha,jQuery,jQuery CDN"
www.vega-is.com,https://www.vega-is.com/fonds/1834/natixis-horizon-2050-2054,6,200,id_non_derive_session(+6) | hors_cible_de_lancement:votreepargnesalariale.com,"Cloudflare,Drupal,Google Tag Manager,HSTS,PHP,hCaptcha,jQuery,jQuery CDN"
www.vega-is.com,https://www.vega-is.com/fonds/5083/jomon-actions-europeennes,6,200,id_non_derive_session(+6) | hors_cible_de_lancement:votreepargnesalariale.com,"Cloudflare,Drupal,Google Tag Manager,HSTS,PHP,hCaptcha,jQuery,jQuery CDN"
www.vega-is.com,https://www.vega-is.com/fonds/5028/natixis-global-multi-strategies,6,200,id_non_derive_session(+6) | hors_cible_de_lancement:votreepargnesalariale.com,"Cloudflare,Drupal,Google Tag Manager,HSTS,PHP,hCaptcha,jQuery,jQuery CDN"
www.vega-is.com,https://www.vega-is.com/fonds/5107/vega-euro-call-2030,6,200,id_non_derive_session(+6) | hors_cible_de_lancement:votreepargnesalariale.com,"Cloudflare,Drupal,Google Tag Manager,HSTS,PHP,hCaptcha,jQuery,jQuery CDN"
www.vega-is.com,https://www.vega-is.com/fonds/4302/vega-global-care-isr,6,200,id_non_derive_session(+6) | hors_cible_de_lancement:votreepargnesalariale.com,"Cloudflare,Drupal,Google Tag Manager,HSTS,PHP,hCaptcha,jQuery,jQuery CDN"
www.vega-is.com,https://www.vega-is.com/fonds/4379/vega-europe-active,6,200,id_non_derive_session(+6) | hors_cible_de_lancement:votreepargnesalariale.com,"Cloudflare,Drupal,Google Tag Manager,HSTS,PHP,hCaptcha,jQuery,jQuery CDN"
www.vega-is.com,https://www.vega-is.com/fonds/719/vega-grande-europe,6,200,id_non_derive_session(+6) | hors_cible_de_lancement:votreepargnesalariale.com,"Cloudflare,Drupal,Google Tag Manager,HSTS,PHP,hCaptcha,jQuery,jQuery CDN"
www.vega-is.com,https://www.vega-is.com/fonds/005/ecureuil-harmonie,6,200,id_non_derive_session(+6) | hors_cible_de_lancement:votreepargnesalariale.com,"Cloudflare,Drupal,Google Tag Manager,HSTS,PHP,hCaptcha,jQuery,jQuery CDN"
www.vega-is.com,https://www.vega-is.com/fonds/004/ecureuil-profil-30,6,200,id_non_derive_session(+6) | hors_cible_de_lancement:votreepargnesalariale.com,"Cloudflare,Drupal,Google Tag Manager,HSTS,PHP,hCaptcha,jQuery,jQuery CDN"
www.vega-is.com,https://www.vega-is.com/fonds/111/natixis-diversified-solution,6,200,id_non_derive_session(+6) | hors_cible_de_lancement:votreepargnesalariale.com,"Cloudflare,Drupal,Google Tag Manager,HSTS,PHP,hCaptcha,jQuery,jQuery CDN"
www.vega-is.com,https://www.vega-is.com/fonds/3078/vega-monde-patrimoine,6,200,id_non_derive_session(+6) | hors_cible_de_lancement:votreepargnesalariale.com,"Cloudflare,Drupal,Google Tag Manager,HSTS,PHP,hCaptcha,jQuery,jQuery CDN"
www.vega-is.com,https://www.vega-is.com/fonds/3067/vega-court-terme-dynamique,6,200,id_non_derive_session(+6) | hors_cible_de_lancement:votreepargnesalariale.com,"Cloudflare,Drupal,Google Tag Manager,HSTS,PHP,hCaptcha,jQuery,jQuery CDN"
www.vega-is.com,https://www.vega-is.com/fonds/3071/vega-euro-spread-isr,6,200,id_non_derive_session(+6) | hors_cible_de_lancement:votreepargnesalariale.com,"Cloudflare,Drupal,Google Tag Manager,HSTS,PHP,hCaptcha,jQuery,jQuery CDN"
www.vega-is.com,https://www.vega-is.com/fonds/3077/vega-euro-rendement-isr,6,200,id_non_derive_session(+6) | hors_cible_de_lancement:votreepargnesalariale.com,"Cloudflare,Drupal,Google Tag Manager,HSTS,PHP,hCaptcha,jQuery,jQuery CDN"
www.vega-is.com,https://www.vega-is.com/fonds/3027/natixis-conservative-risk-parity,6,200,id_non_derive_session(+6) | hors_cible_de_lancement:votreepargnesalariale.com,"Cloudflare,Drupal,Google Tag Manager,HSTS,PHP,hCaptcha,jQuery,jQuery CDN"
www.vega-is.com,https://www.vega-is.com/fonds/206/vega-monde,6,200,id_non_derive_session(+6) | hors_cible_de_lancement:votreepargnesalariale.com,"Cloudflare,Drupal,Google Tag Manager,HSTS,PHP,hCaptcha,jQuery,jQuery CDN"
www.vega-is.com,https://www.vega-is.com/fonds/2213/ecureuil-actions-monde,6,200,id_non_derive_session(+6) | hors_cible_de_lancement:votreepargnesalariale.com,"Cloudflare,Drupal,Google Tag Manager,HSTS,PHP,hCaptcha,jQuery,jQuery CDN"
www.vega-is.com,https://www.vega-is.com/fonds/2135/zelis-actions-europeennes,6,200,id_non_derive_session(+6) | hors_cible_de_lancement:votreepargnesalariale.com,"Cloudflare,Drupal,Google Tag Manager,HSTS,PHP,hCaptcha,jQuery,jQuery CDN"
www.vega-is.com,https://www.vega-is.com/fonds/2140/zelis-asie-pacifique,6,200,id_non_derive_session(+6) | hors_cible_de_lancement:votreepargnesalariale.com,"Cloudflare,Drupal,Google Tag Manager,HSTS,PHP,hCaptcha,jQuery,jQuery CDN"
www.vega-is.com,https://www.vega-is.com/fonds/2134/zelis-actions-amerique,6,200,id_non_derive_session(+6) | hors_cible_de_lancement:votreepargnesalariale.com,"Cloudflare,Drupal,Google Tag Manager,HSTS,PHP,hCaptcha,jQuery,jQuery CDN"
www.vega-is.com,https://www.vega-is.com/fonds/2136/zelis-actions-monde,6,200,id_non_derive_session(+6) | hors_cible_de_lancement:votreepargnesalariale.com,"Cloudflare,Drupal,Google Tag Manager,HSTS,PHP,hCaptcha,jQuery,jQuery CDN"
www.vega-is.com,https://www.vega-is.com/fonds/1878/natixis-profil-dynamique,6,200,id_non_derive_session(+6) | hors_cible_de_lancement:votreepargnesalariale.com,"Cloudflare,Drupal,Google Tag Manager,HSTS,PHP,hCaptcha,jQuery,jQuery CDN"
www.vega-is.com,https://www.vega-is.com/fonds/1877/natixis-profil-equilibre,6,200,id_non_derive_session(+6) | hors_cible_de_lancement:votreepargnesalariale.com,"Cloudflare,Drupal,Google Tag Manager,HSTS,PHP,hCaptcha,jQuery,jQuery CDN"
www.vega-is.com,https://www.vega-is.com/fonds/007/ecureuil-tonique,6,200,id_non_derive_session(+6) | hors_cible_de_lancement:votreepargnesalariale.com,"Cloudflare,Drupal,Google Tag Manager,HSTS,PHP,hCaptcha,jQuery,jQuery CDN"
www.vega-is.com,https://www.vega-is.com/fonds/006/ecureuil-profil-5,6,200,id_non_derive_session(+6) | hors_cible_de_lancement:votreepargnesalariale.com,"Cloudflare,Drupal,Google Tag Manager,HSTS,PHP,hCaptcha,jQuery,jQuery CDN"
www.vega-is.com,https://www.vega-is.com/fonds/120/ecureuil-profil-90,6,200,id_non_derive_session(+6) | hors_cible_de_lancement:votreepargnesalariale.com,"Cloudflare,Drupal,Google Tag Manager,HSTS,PHP,hCaptcha,jQuery,jQuery CDN"
www.vega-is.com,https://www.vega-is.com/fonds/008/ecureuil-profil-50,6,200,id_non_derive_session(+6) | hors_cible_de_lancement:votreepargnesalariale.com,"Cloudflare,Drupal,Google Tag Manager,HSTS,PHP,hCaptcha,jQuery,jQuery CDN"
www.vega-is.com,https://www.vega-is.com/fonds/2209/ecureuil-actions-asie,6,200,id_non_derive_session(+6) | hors_cible_de_lancement:votreepargnesalariale.com,"Cloudflare,Drupal,Google Tag Manager,HSTS,PHP,hCaptcha,jQuery,jQuery CDN"
www.vega-is.com,https://www.vega-is.com/fonds/1107/vega-grande-asie,6,200,id_non_derive_session(+6) | hors_cible_de_lancement:votreepargnesalariale.com,"Cloudflare,Drupal,Google Tag Manager,HSTS,PHP,hCaptcha,jQuery,jQuery CDN"
aclink.csebpce.com,https://aclink.csebpce.com/,5,401,flux_auth,"Apache HTTP Server,Basic,HSTS"
actiflow.qualif.nxbp.banquepopulaire.fr,https://actiflow.qualif.nxbp.banquepopulaire.fr/,5,200,flux_auth,"Highcharts,RequireJS,jQuery"
actiflow.qualif.nxbp.banquepopulaire.fr,https://actiflow.qualif.nxbp.banquepopulaire.fr/vordel/apiportal/app-login/dojo-index-vordel.config,5,200,flux_auth,""
actiflow.qualif.nxbp.banquepopulaire.fr,https://actiflow.qualif.nxbp.banquepopulaire.fr/vordel/apiportal/app-login/app.config,5,200,flux_auth,""
agences.banquebcp.fr,https://agences.banquebcp.fr/agences/agences-pont-a-mousson-C54431,5,200,flux_auth,"HSTS,Microsoft ASP.NET,Nginx,Unpkg"
agences.banquebcp.fr,https://agences.banquebcp.fr/agences/agences-issoudun-C36088,5,200,flux_auth,"HSTS,Microsoft ASP.NET,Nginx,Unpkg"
agences.banquebcp.fr,https://agences.banquebcp.fr/agences/agences-issoire-C63178,5,200,flux_auth,"HSTS,Microsoft ASP.NET,Nginx,Unpkg"
agences.banquebcp.fr,https://agences.banquebcp.fr/agences/agence-ormesson-id29,5,200,flux_auth,"HSTS,Microsoft ASP.NET,Nginx,Unpkg"
agences.banquebcp.fr,https://agences.banquebcp.fr/agences/agences-verrieres-le-buisson-C91645,5,200,flux_auth,"HSTS,Microsoft ASP.NET,Nginx,Unpkg"
agences.banquebcp.fr,https://agences.banquebcp.fr/agences/agences-cesson-sevigne-C35051,5,200,flux_auth,"HSTS,Microsoft ASP.NET,Nginx,Unpkg"
agences.banquebcp.fr,https://agences.banquebcp.fr/agences/agences-corbeil-essonnes-C91174,5,200,flux_auth,"HSTS,Microsoft ASP.NET,Nginx,Unpkg"
agences.banquebcp.fr,https://agences.banquebcp.fr/agences/agences-essonne-91,5,200,flux_auth,"HSTS,Microsoft ASP.NET,Nginx,Unpkg"
agences.banquebcp.fr,https://agences.banquebcp.fr/agences/agences-montesson-C78418,5,200,flux_auth,"HSTS,Microsoft ASP.NET,Nginx,Unpkg"
agences.banquebcp.fr,https://agences.banquebcp.fr/agences/agences-ormesson-sur-marne-C94055,5,200,flux_auth,"HSTS,Microsoft ASP.NET,Nginx,Unpkg"
agences.banquebcp.fr,https://agences.banquebcp.fr/agences/agences-carcassonne-C11069,5,200,flux_auth,"HSTS,Microsoft ASP.NET,Nginx,Unpkg"
agences.banquebcp.fr,https://agences.banquebcp.fr/agences/agences-soissons-C02722,5,200,flux_auth,"HSTS,Microsoft ASP.NET,Nginx,Unpkg"
app.aewpatrimoine.com,https://app.aewpatrimoine.com/MonCompte,5,200,flux_auth,HSTS
bpce.fr,https://bpce.fr/?subject=Demande_Acces%3A+Payment-Online-Services,5,403,mouvement_argent,"Amazon CloudFront,Amazon Web Services,HTTP/3"
bully.dev4-audace.fr,https://bully.dev4-audace.fr/ville-sportive-et-dynamique/annuaire-des-associations,5,200,flux_auth,"Apache HTTP Server,DataTables,Elementor:4.2.0,Font Awesome,Google Maps,Moment.js,MySQL,OWL Carousel,PHP,SVG Support,Underscore.js:1.13.8,WooCommerce,WordPress:7.0.2,jQuery,jQuery UI"
bully.dev4-audace.fr,https://bully.dev4-audace.fr/ville-attractive/ex-poissonnerie-boutique-51,5,200,flux_auth,"Apache HTTP Server,Elementor:4.2.0,Font Awesome,Moment.js,MySQL,PHP,SVG Support,Swiper,Underscore.js:1.13.8,WooCommerce,WordPress:7.0.2,jQuery,jQuery UI"
business.bcimr.dj,https://business.bcimr.dj/CIB/dist/Afterlogin/OtherService,5,302,flux_auth,"Cloudflare,HSTS,HTTP/3"
card-authentication.groupebpce.com,https://card-authentication.groupebpce.com/user/logout,5,200,flux_auth,"HSTS,hCaptcha"
card-authentication.groupebpce.com,https://card-authentication.groupebpce.com/ta/generate-otp,5,200,flux_auth,"HSTS,hCaptcha"
card-authentication.groupebpce.com,https://card-authentication.groupebpce.com/payment/otrc,5,200,mouvement_argent,"HSTS,hCaptcha"
card-authentication.groupebpce.com,https://card-authentication.groupebpce.com/card/authentication,5,200,flux_auth,"HSTS,hCaptcha"
card-authentication.groupebpce.com,https://card-authentication.groupebpce.com/card/session,5,200,flux_auth,"HSTS,hCaptcha"
card-authentication.groupebpce.com,https://card-authentication.groupebpce.com/card/email-otp,5,200,flux_auth,"HSTS,hCaptcha"
card-authentication.groupebpce.com,https://card-authentication.groupebpce.com/payment/phone-number-ivr?means=EXPR,5,200,mouvement_argent,"HSTS,hCaptcha"
card-authentication.groupebpce.com,https://card-authentication.groupebpce.com/ta/auth-status,5,200,flux_auth,"HSTS,hCaptcha"
card-authentication.groupebpce.com,https://card-authentication.groupebpce.com/payment,5,200,mouvement_argent,"HSTS,hCaptcha"
card-authentication.groupebpce.com,https://card-authentication.groupebpce.com/user/authenticated,5,200,flux_auth,"HSTS,hCaptcha"
card-authentication.groupebpce.com,https://card-authentication.groupebpce.com/payment/phone-number?means=EXPR,5,200,mouvement_argent,"HSTS,hCaptcha"
card-authentication.groupebpce.com,https://card-authentication.groupebpce.com/payment/pwd?means=,5,200,mouvement_argent,"HSTS,hCaptcha"
carrieres.bci.nc,https://carrieres.bci.nc/author/webmaster-coupdouest,5,200,flux_auth,"Bootstrap,Gravatar,HSTS,MySQL,Nginx,OWL Carousel,PHP:8.5.8,Popper,WordPress,Yoast SEO:28.1,jQuery"
cgpi.aewpatrimoine.com,https://cgpi.aewpatrimoine.com/app,5,200,flux_auth,"Bootstrap:5.3.0,Google Maps,HSTS,Popper:2.11.6,jsDelivr,reCAPTCHA"
cgpi.aewpatrimoine.com,https://cgpi.aewpatrimoine.com/signup,5,200,flux_auth,"Bootstrap:5.3.0,Google Maps,HSTS,Popper:2.11.6,jsDelivr,reCAPTCHA"
cgpi.aewpatrimoine.com,https://cgpi.aewpatrimoine.com/signup-operation-manager,5,200,flux_auth,"Bootstrap:5.3.0,Google Maps,HSTS,Popper:2.11.6,jsDelivr"
cgpi.aewpatrimoine.com,https://cgpi.aewpatrimoine.com/login,5,200,flux_auth,"Bootstrap:5.3.0,Google Maps,HSTS,Popper:2.11.6,jsDelivr,reCAPTCHA"
cgpi.aewpatrimoine.com,https://cgpi.aewpatrimoine.com/project/list?fundraise_type=FUNDRAISE_EQUITY,5,200,mouvement_argent,"Bootstrap:5.3.0,Google Maps,HSTS,Popper:2.11.6,jsDelivr"
cgpi.aewpatrimoine.com,https://cgpi.aewpatrimoine.com/app/projects/list,5,200,flux_auth,"Bootstrap:5.3.0,Google Maps,HSTS,Popper:2.11.6,jsDelivr,reCAPTCHA"
collaborateur.cadocheque.com,https://collaborateur.cadocheque.com/cadocheque_bo/login.action?etb=370,5,200,flux_auth,"HSTS,Java"
connect-fip.seventure.fr,https://connect-fip.seventure.fr/wp-login.php?reauth=1&redirect_to=https%3A%2F%2Fconnect-fip.seventure.fr%2Fwp-admin%2F,5,200,flux_auth,"Apache HTTP Server,Clipboard.js,HSTS,MySQL,PHP:8.2,Underscore.js:1.13.8,WordPress,jQuery"
connect-fip.seventure.fr,https://connect-fip.seventure.fr/wp-admin,5,200,flux_auth,"Apache HTTP Server,Clipboard.js,HSTS,MySQL,PHP:8.2,Underscore.js:1.13.8,WordPress,jQuery"
connect-partenaires-externes-qua.natixis.com,https://connect-partenaires-externes-qua.natixis.com/public/download/C,5,200,flux_auth,"F5 BigIP,HSTS"
connect-partenaires-externes-qua.natixis.com,https://connect-partenaires-externes-qua.natixis.com/public/download,5,200,flux_auth,"F5 BigIP,HSTS"
connect-partenaires-externes-qua.natixis.com,https://connect-partenaires-externes-qua.natixis.com/public/download/z,5,200,flux_auth,"F5 BigIP,HSTS"
connect-partenaires-externes-qua.natixis.com,https://connect-partenaires-externes-qua.natixis.com/public/images/customization/Common/connect-partenaires-externes.natixis.com_logout,5,200,flux_auth,"F5 BigIP,HSTS"
connect-partenaires-externes-qua.natixis.com,https://connect-partenaires-externes-qua.natixis.com/public/images/customization/Common/connect-partenaires-externes.natixis.com_logout/W,5,200,flux_auth,"F5 BigIP,HSTS"
connect-partenaires-externes-qua.natixis.com,https://connect-partenaires-externes-qua.natixis.com/public/download/E,5,200,flux_auth,"F5 BigIP,HSTS"
connect-partenaires-externes-qua.natixis.com,https://connect-partenaires-externes-qua.natixis.com/public/download/G,5,200,flux_auth,"F5 BigIP,HSTS"
connect-partenaires-externes-qua.natixis.com,https://connect-partenaires-externes-qua.natixis.com/public/download/J,5,200,flux_auth,"F5 BigIP,HSTS"
connect-partenaires-externes-qua.natixis.com,https://connect-partenaires-externes-qua.natixis.com/public/download/@,5,200,flux_auth,"F5 BigIP,HSTS"
connect-partenaires-externes-qua.natixis.com,https://connect-partenaires-externes-qua.natixis.com/public/download/x,5,200,flux_auth,"F5 BigIP,HSTS"
connect-rt.natixis.com,https://connect-rt.natixis.com/public/download/x,5,200,flux_auth,"F5 BigIP,HSTS"
connect-rt.natixis.com,https://connect-rt.natixis.com/public/download/@,5,200,flux_auth,"F5 BigIP,HSTS"
connect-rt.natixis.com,https://connect-rt.natixis.com/public/download/J,5,200,flux_auth,"F5 BigIP,HSTS"
connect-rt.natixis.com,https://connect-rt.natixis.com/public/download/z,5,200,flux_auth,"F5 BigIP,HSTS"
connect-rt.natixis.com,https://connect-rt.natixis.com/public/download/G,5,200,flux_auth,"F5 BigIP,HSTS"
connect-rt.natixis.com,https://connect-rt.natixis.com/public/download/E,5,200,flux_auth,"F5 BigIP,HSTS"
connect-rt.natixis.com,https://connect-rt.natixis.com/public/download,5,200,flux_auth,"F5 BigIP,HSTS"
connect-rt.natixis.com,https://connect-rt.natixis.com/public/download/C,5,200,flux_auth,"F5 BigIP,HSTS"
connect.seventure.fr,https://connect.seventure.fr/,5,200,flux_auth,"Apache HTTP Server,HSTS,MySQL,PHP:8.2,WordPress"
connect.socrambanque.fr,https://connect.socrambanque.fr/auth,5,200,flux_auth,HSTS
contact.banquebcp.fr,https://contact.banquebcp.fr/backend/askNewPassword?target=%2Fbackend%2F,5,200,flux_auth,"Bootstrap:3,Cloudflare,HSTS,HTTP/3,Slick,Summernote,Zendesk,jQuery,jQuery UI:1.10.4,metisMenu"
contact.banquebcp.fr,https://contact.banquebcp.fr/backend/login?key=s80966q5&target=L2JhY2tlbmQv,5,200,flux_auth,"Bootstrap:3,Cloudflare,HSTS,HTTP/3,Slick,Summernote,Zendesk,jQuery,jQuery UI:1.10.4,metisMenu"
contact.palatine.fr,https://contact.palatine.fr/backend/askNewPassword?target=%2Fbackend%2F,5,200,flux_auth,"Bootstrap:3,Cloudflare,HSTS,HTTP/3,Slick,Summernote,Zendesk,jQuery,jQuery UI:1.10.4,metisMenu"
contact.palatine.fr,https://contact.palatine.fr/backend/login?key=s80966q5&target=L2JhY2tlbmQv,5,200,flux_auth,"Bootstrap:3,Cloudflare,HSTS,HTTP/3,Slick,Summernote,Zendesk,jQuery,jQuery UI:1.10.4,metisMenu"
content.payplug.com,https://content.payplug.com/rapport-envoye-votre-page-de-paiement-est-elle-optimisee,5,200,mouvement_argent,"Cloudflare,Cloudflare Bot Management,Google Analytics,Google Tag Manager,HSTS,HTTP/3,HubSpot,HubSpot CMS Hub,jQuery"
copernic.natixis.com,https://copernic.natixis.com/auth?contextId=bjjyk2rgx793e8tnrbnzjw65g6,5,401,flux_auth,Basic
copernicsms.natixis.com,https://copernicsms.natixis.com/public/download/E,5,200,flux_auth,"F5 BigIP,HSTS"
copernicsms.natixis.com,https://copernicsms.natixis.com/public/download/C,5,200,flux_auth,"F5 BigIP,HSTS"
copernicsms.natixis.com,https://copernicsms.natixis.com/public/download/@,5,200,flux_auth,"F5 BigIP,HSTS"
copernicsms.natixis.com,https://copernicsms.natixis.com/public/download/x,5,200,flux_auth,"F5 BigIP,HSTS"
copernicsms.natixis.com,https://copernicsms.natixis.com/public/download/z,5,200,flux_auth,"F5 BigIP,HSTS"
copernicsms.natixis.com,https://copernicsms.natixis.com/public/download/G,5,200,flux_auth,"F5 BigIP,HSTS"
copernicsms.natixis.com,https://copernicsms.natixis.com/public/download/J,5,200,flux_auth,"F5 BigIP,HSTS"
copernicsms.natixis.com,https://copernicsms.natixis.com/public/download,5,200,flux_auth,"F5 BigIP,HSTS"
dev2-connect.bred.vu,https://dev2-connect.bred.vu/connect,5,200,flux_auth,"Cloudflare,HSTS,HTTP/3"
dev.aew.com,https://dev.aew.com/,5,401,flux_auth,"Apache HTTP Server,Basic"
dev-connect.bred.vu,https://dev-connect.bred.vu/connect,5,200,flux_auth,"Cloudflare,HSTS,HTTP/3"
developer.dalenys.com,https://developer.dalenys.com/payment-methods/multibanco.html,5,200,mouvement_argent,"Cloudflare,Google Cloud,Google Cloud Storage"
developer.dalenys.com,https://developer.dalenys.com/ui/developer-doc/payment-methods/paypal.html,5,200,mouvement_argent,"Cloudflare,Google Cloud,Google Cloud Storage"
developer.dalenys.com,https://developer.dalenys.com/ui/developer-doc/payment-methods/american-express.html,5,200,mouvement_argent,"Cloudflare,Google Cloud,Google Cloud Storage"
developer.dalenys.com,https://developer.dalenys.com/ui/developer-doc/authentication-service.html,5,200,flux_auth,"Cloudflare,Google Cloud,Google Cloud Storage"
developer.dalenys.com,https://developer.dalenys.com/ui/developer-doc/payment-methods/p24.html,5,200,mouvement_argent,"Cloudflare,Google Cloud,Google Cloud Storage"
developer.dalenys.com,https://developer.dalenys.com/ui/developer-doc/payment-methods/xpay.html,5,200,mouvement_argent,"Cloudflare,Google Cloud,Google Cloud Storage"
developer.dalenys.com,https://developer.dalenys.com/payment-methods/bank-card.html,5,200,mouvement_argent,"Cloudflare,Google Cloud,Google Cloud Storage"
developer.dalenys.com,https://developer.dalenys.com/ui/developer-doc/authentication.html,5,200,flux_auth,"Cloudflare,Google Cloud,Google Cloud Storage"
developer.dalenys.com,https://developer.dalenys.com/payment-methods/american-express.html,5,200,mouvement_argent,"Cloudflare,Google Cloud,Google Cloud Storage"
developer.dalenys.com,https://developer.dalenys.com/payment-methods/xpay.html,5,200,mouvement_argent,"Cloudflare,Google Cloud,Google Cloud Storage"
developer.dalenys.com,https://developer.dalenys.com/ui/developer-doc/payment-methods/cofidis.html,5,200,mouvement_argent,"Cloudflare,Google Cloud,Google Cloud Storage"
developer.dalenys.com,https://developer.dalenys.com/payment-methods/paypal.html,5,200,mouvement_argent,"Cloudflare,Google Cloud,Google Cloud Storage"
developer.dalenys.com,https://developer.dalenys.com/payment-methods/oney.html,5,200,mouvement_argent,"Cloudflare,Google Cloud,Google Cloud Storage"
developer.dalenys.com,https://developer.dalenys.com/payment-methods/sdd.html,5,200,mouvement_argent,"Cloudflare,Google Cloud,Google Cloud Storage"
developer.dalenys.com,https://developer.dalenys.com/ui/developer-doc/payment-methods/bank-card.html,5,200,mouvement_argent,"Cloudflare,Google Cloud,Google Cloud Storage"
developer.dalenys.com,https://developer.dalenys.com/authentication-service.html,5,200,flux_auth,"Cloudflare,Google Cloud,Google Cloud Storage"
developer.dalenys.com,https://developer.dalenys.com/ui/developer-doc/payment-methods/oney.html,5,200,mouvement_argent,"Cloudflare,Google Cloud,Google Cloud Storage"
developer.dalenys.com,https://developer.dalenys.com/payment-methods/apple-pay.html,5,200,mouvement_argent,"Cloudflare,Google Cloud,Google Cloud Storage"
developer.dalenys.com,https://developer.dalenys.com/ui/developer-doc/payment-methods/sdd.html,5,200,mouvement_argent,"Cloudflare,Google Cloud,Google Cloud Storage"
developer.dalenys.com,https://developer.dalenys.com/ui/developer-doc/payment-methods/multibanco.html,5,200,mouvement_argent,"Cloudflare,Google Cloud,Google Cloud Storage"
developer.dalenys.com,https://developer.dalenys.com/ui/developer-doc/payment-methods/index.html,5,200,mouvement_argent,"Cloudflare,Google Cloud,Google Cloud Storage"
developer.dalenys.com,https://developer.dalenys.com/payment-methods/index.html,5,200,mouvement_argent,"Cloudflare,Google Cloud,Google Cloud Storage"
developer.dalenys.com,https://developer.dalenys.com/ui/developer-doc/payment-methods,5,200,mouvement_argent,"Cloudflare,Google Cloud,Google Cloud Storage"
developer.dalenys.com,https://developer.dalenys.com/authentication.html,5,200,flux_auth,"Cloudflare,Google Cloud,Google Cloud Storage"
developer.dalenys.com,https://developer.dalenys.com/payment-methods/ancv.html,5,200,mouvement_argent,"Cloudflare,Google Cloud,Google Cloud Storage"
developer.dalenys.com,https://developer.dalenys.com/payment-methods/klarna-pay-later.html,5,200,mouvement_argent,"Cloudflare,Google Cloud,Google Cloud Storage"
developer.dalenys.com,https://developer.dalenys.com/payment-methods/p24.html,5,200,mouvement_argent,"Cloudflare,Google Cloud,Google Cloud Storage"
developer.dalenys.com,https://developer.dalenys.com/payment-methods/cofidis.html,5,200,mouvement_argent,"Cloudflare,Google Cloud,Google Cloud Storage"
doc.epalatine.fr,https://doc.epalatine.fr/sycomore/ihm/connexion,5,200,flux_auth,"Apache HTTP Server,HSTS,Material Design Lite"
doc.palatine.fr,https://doc.palatine.fr/sycomore/ihm/connexion,5,200,flux_auth,"Apache HTTP Server,HSTS,Material Design Lite"
docs.epalatine.fr,https://docs.epalatine.fr/sycomore/ihm/connexion,5,200,flux_auth,"Apache HTTP Server,HSTS,Material Design Lite"
docs.palatine.fr,https://docs.palatine.fr/sycomore/ihm/connexion,5,200,flux_auth,"Apache HTTP Server,HSTS,Material Design Lite"
docs.payplug.com,https://docs.payplug.com/api/guide-payment-en.html?php=,5,200,mouvement_argent,"Clipboard.js,Google Hosted Libraries,Highlight.js,Nginx,Reveal.js,jQuery"
docs.payplug.com,https://docs.payplug.com/api/paymentpage.html,5,200,mouvement_argent,"Google Hosted Libraries,Nginx,jQuery"
docs.payplug.com,https://docs.payplug.com/api/integratedpayments.html,5,200,mouvement_argent,"Clipboard.js,Google Hosted Libraries,Nginx,jQuery"
docs.payplug.com,https://docs.payplug.com/api/guide-paymentrequest-fr.html?php=,5,200,mouvement_argent,"Clipboard.js,Google Hosted Libraries,Highlight.js,Nginx,Reveal.js,jQuery"
docs.payplug.com,https://docs.payplug.com/api/guide-refund-en.html,5,200,mouvement_argent,"Clipboard.js,Google Hosted Libraries,Highlight.js,Nginx,Reveal.js,jQuery"
docs.payplug.com,https://docs.payplug.com/api/guide-paymentrequest-en.html?python=,5,200,mouvement_argent,"Clipboard.js,Google Hosted Libraries,Highlight.js,Nginx,Reveal.js,jQuery"
docs.payplug.com,https://docs.payplug.com/api/guide-refund-fr.html,5,200,mouvement_argent,"Clipboard.js,Google Hosted Libraries,Highlight.js,Nginx,Reveal.js,jQuery"
docs.payplug.com,https://docs.payplug.com/api/guide-payment-fr.html?python=,5,200,mouvement_argent,"Clipboard.js,Google Hosted Libraries,Highlight.js,Nginx,Reveal.js,jQuery"
docs-qa.payplug.com,https://docs-qa.payplug.com/api/guide-paymentrequest-fr.html,5,200,mouvement_argent,"Clipboard.js,Google Hosted Libraries,Highlight.js,Nginx,Reveal.js,jQuery"
docs-qa.payplug.com,https://docs-qa.payplug.com/api/guide-paymentrequest-en.html?python=,5,200,mouvement_argent,"Clipboard.js,Google Hosted Libraries,Highlight.js,Nginx,Reveal.js,jQuery"
docs-qa.payplug.com,https://docs-qa.payplug.com/api/guide-payment-fr.html?php=,5,200,mouvement_argent,"Clipboard.js,Google Hosted Libraries,Highlight.js,Nginx,Reveal.js,jQuery"
docs-qa.payplug.com,https://docs-qa.payplug.com/api/integratedpayments.html,5,200,mouvement_argent,"Clipboard.js,Google Hosted Libraries,Nginx,jQuery"
docs-qa.payplug.com,https://docs-qa.payplug.com/api/guide-refund-fr.html,5,200,mouvement_argent,"Clipboard.js,Google Hosted Libraries,Highlight.js,Nginx,Reveal.js,jQuery"
docs-qa.payplug.com,https://docs-qa.payplug.com/api/guide-refund-en.html?python=,5,200,mouvement_argent,"Clipboard.js,Google Hosted Libraries,Highlight.js,Nginx,Reveal.js,jQuery"
docs-qa.payplug.com,https://docs-qa.payplug.com/api/paymentpage.html,5,200,mouvement_argent,"Google Hosted Libraries,Nginx,jQuery"
docs-qa.payplug.com,https://docs-qa.payplug.com/api/guide-payment-en.html,5,200,mouvement_argent,"Clipboard.js,Google Hosted Libraries,Highlight.js,Nginx,Reveal.js,jQuery"
eb.banqueduleman.ch,https://eb.banqueduleman.ch/authen/ui,5,200,flux_auth,"Apache HTTP Server,Envoy,HSTS"
eb.banqueduleman.ch,https://eb.banqueduleman.ch/authen/ui/app/auth/application/access,5,200,flux_auth,"Apache HTTP Server,Envoy,HSTS"
eb.banqueduleman.ch,https://eb.banqueduleman.ch/authen/check-login,5,200,flux_auth,"Apache HTTP Server,Envoy,HSTS"
equityderivatives.natixis.com,https://equityderivatives.natixis.com/fr/wp-json/wp/v2/posts/61121,5,200,id_non_derive_session(+5) | hors_cible_de_lancement:vega-is.com,"WordPress,Yoast SEO:24.8.1"
equityderivatives.natixis.com,https://equityderivatives.natixis.com/fr/wp-json/wp/v2/posts/62500,5,200,id_non_derive_session(+5) | hors_cible_de_lancement:vega-is.com,"WordPress,Yoast SEO:24.8.1"
equityderivatives.natixis.com,https://equityderivatives.natixis.com/fr/wp-json/wp/v2/posts/61890,5,200,id_non_derive_session(+5) | hors_cible_de_lancement:vega-is.com,"WordPress,Yoast SEO:24.8.1"
equityderivatives.natixis.com,https://equityderivatives.natixis.com/fr/wp-json/wp/v2/posts/90221,5,200,id_non_derive_session(+5) | hors_cible_de_lancement:vega-is.com,"WordPress,Yoast SEO:24.8.1"
equityderivatives.natixis.com,https://equityderivatives.natixis.com/en-es/wp-json/wp/v2/pages/116659,5,200,id_non_derive_session(+5) | hors_cible_de_lancement:vega-is.com,"WordPress,Yoast SEO:24.8.1"
equityderivatives.natixis.com,https://equityderivatives.natixis.com/en-us/wp-json/wp/v2/pages/118195,5,200,id_non_derive_session(+5) | hors_cible_de_lancement:vega-is.com,"WordPress,Yoast SEO:24.8.1"
equityderivatives.natixis.com,https://equityderivatives.natixis.com/en-us/wp-json/wp/v2/pages/118042,5,200,id_non_derive_session(+5) | hors_cible_de_lancement:vega-is.com,"WordPress,Yoast SEO:24.8.1"
equityderivatives.natixis.com,https://equityderivatives.natixis.com/en-us/wp-json/wp/v2/pages/118202,5,200,id_non_derive_session(+5) | hors_cible_de_lancement:vega-is.com,"WordPress,Yoast SEO:24.8.1"
equityderivatives.natixis.com,https://equityderivatives.natixis.com/fr/wp-json/wp/v2/posts/96210,5,200,id_non_derive_session(+5) | hors_cible_de_lancement:vega-is.com,"WordPress,Yoast SEO:24.8.1"
equityderivatives.natixis.com,https://equityderivatives.natixis.com/fr/wp-json/wp/v2/posts/96139,5,200,id_non_derive_session(+5) | hors_cible_de_lancement:vega-is.com,"WordPress,Yoast SEO:24.8.1"
equityderivatives.natixis.com,https://equityderivatives.natixis.com/fr/wp-json/wp/v2/posts/95491,5,200,id_non_derive_session(+5) | hors_cible_de_lancement:vega-is.com,"WordPress,Yoast SEO:24.8.1"
equityderivatives.natixis.com,https://equityderivatives.natixis.com/fr/wp-json/wp/v2/posts/89104,5,200,id_non_derive_session(+5) | hors_cible_de_lancement:vega-is.com,"WordPress,Yoast SEO:24.8.1"
equityderivatives.natixis.com,https://equityderivatives.natixis.com/en-us/wp-json/wp/v2/pages/118208,5,200,id_non_derive_session(+5) | hors_cible_de_lancement:vega-is.com,"WordPress,Yoast SEO:24.8.1"
equityderivatives.natixis.com,https://equityderivatives.natixis.com/en-ap/author/admin_eqs,5,200,flux_auth,"Google Hosted Libraries,MySQL,PHP,WPML:4.7.3,WordPress,Yoast SEO:24.8.1,jQuery"
equityderivatives.natixis.com,https://equityderivatives.natixis.com/en-ch/author/admin_eqs,5,200,flux_auth,"Google Hosted Libraries,MySQL,PHP,WPML:4.7.3,WordPress,Yoast SEO:24.8.1,jQuery"
equityderivatives.natixis.com,https://equityderivatives.natixis.com/en-us/wp-json/wp/v2/pages/118210,5,200,id_non_derive_session(+5) | hors_cible_de_lancement:vega-is.com,"WordPress,Yoast SEO:24.8.1"
equityderivatives.natixis.com,https://equityderivatives.natixis.com/fr/wp-json/wp/v2/posts/56844,5,200,id_non_derive_session(+5) | hors_cible_de_lancement:vega-is.com,"WordPress,Yoast SEO:24.8.1"
equityderivatives.natixis.com,https://equityderivatives.natixis.com/en-us/wp-json/wp/v2/pages/118204,5,200,id_non_derive_session(+5) | hors_cible_de_lancement:vega-is.com,"WordPress,Yoast SEO:24.8.1"
equityderivatives.natixis.com,https://equityderivatives.natixis.com/en-us/wp-json/wp/v2/pages/118200,5,200,id_non_derive_session(+5) | hors_cible_de_lancement:vega-is.com,"WordPress,Yoast SEO:24.8.1"
equityderivatives.natixis.com,https://equityderivatives.natixis.com/en-ee/46883,5,200,id_non_derive_session(+5) | hors_cible_de_lancement:vega-is.com,"Google Hosted Libraries,MySQL,PHP,WPML:4.7.3,WordPress,Yoast SEO:24.8.1,jQuery"
equityderivatives.natixis.com,https://equityderivatives.natixis.com/fr/wp-json/wp/v2/posts/55043,5,200,id_non_derive_session(+5) | hors_cible_de_lancement:vega-is.com,"WordPress,Yoast SEO:24.8.1"
equityderivatives.natixis.com,https://equityderivatives.natixis.com/fr/wp-json/wp/v2/posts/55368,5,200,id_non_derive_session(+5) | hors_cible_de_lancement:vega-is.com,"WordPress,Yoast SEO:24.8.1"
equityderivatives.natixis.com,https://equityderivatives.natixis.com/fr/wp-json/wp/v2/posts/49726,5,200,id_non_derive_session(+5) | hors_cible_de_lancement:vega-is.com,"WordPress,Yoast SEO:24.8.1"
equityderivatives.natixis.com,https://equityderivatives.natixis.com/en-us/author/tchandat,5,200,flux_auth,"Google Hosted Libraries,Gravatar,MySQL,PHP,WPML:4.7.3,WordPress,Yoast SEO:24.8.1,jQuery"
equityderivatives.natixis.com,https://equityderivatives.natixis.com/fr/wp-json/wp/v2/posts/93644,5,200,id_non_derive_session(+5) | hors_cible_de_lancement:vega-is.com,"WordPress,Yoast SEO:24.8.1"
equityderivatives.natixis.com,https://equityderivatives.natixis.com/fr/wp-json/wp/v2/posts/61449,5,200,id_non_derive_session(+5) | hors_cible_de_lancement:vega-is.com,"WordPress,Yoast SEO:24.8.1"
equityderivatives.natixis.com,https://equityderivatives.natixis.com/fr/wp-json/wp/v2/posts/54785,5,200,id_non_derive_session(+5) | hors_cible_de_lancement:vega-is.com,"WordPress,Yoast SEO:24.8.1"
equityderivatives.natixis.com,https://equityderivatives.natixis.com/fr/wp-json/wp/v2/posts/53025,5,200,id_non_derive_session(+5) | hors_cible_de_lancement:vega-is.com,"WordPress,Yoast SEO:24.8.1"
equityderivatives.natixis.com,https://equityderivatives.natixis.com/en-us/wp-json/wp/v2/pages/118037,5,200,id_non_derive_session(+5) | hors_cible_de_lancement:vega-is.com,"WordPress,Yoast SEO:24.8.1"
equityderivatives.natixis.com,https://equityderivatives.natixis.com/en-us/wp-json/wp/v2/pages/118035,5,200,id_non_derive_session(+5) | hors_cible_de_lancement:vega-is.com,"WordPress,Yoast SEO:24.8.1"
equityderivatives.natixis.com,https://equityderivatives.natixis.com/en-us/wp-json/wp/v2/pages/118032,5,200,id_non_derive_session(+5) | hors_cible_de_lancement:vega-is.com,"WordPress,Yoast SEO:24.8.1"
equityderivatives.natixis.com,https://equityderivatives.natixis.com/fr/wp-json/wp/v2/posts/50102,5,200,id_non_derive_session(+5) | hors_cible_de_lancement:vega-is.com,"WordPress,Yoast SEO:24.8.1"
equityderivatives.natixis.com,https://equityderivatives.natixis.com/fr/wp-json/wp/v2/posts/118995,5,200,id_non_derive_session(+5) | hors_cible_de_lancement:vega-is.com,"WordPress,Yoast SEO:24.8.1"
equityderivatives.natixis.com,https://equityderivatives.natixis.com/fr/wp-json/wp/v2/posts/117696,5,200,id_non_derive_session(+5) | hors_cible_de_lancement:vega-is.com,"WordPress,Yoast SEO:24.8.1"
equityderivatives.natixis.com,https://equityderivatives.natixis.com/it/wp-json/wp/v2/posts/113182,5,200,id_non_derive_session(+5) | hors_cible_de_lancement:vega-is.com,"WordPress,Yoast SEO:24.8.1"
equityderivatives.natixis.com,https://equityderivatives.natixis.com/it/wp-json/wp/v2/posts/106921,5,200,id_non_derive_session(+5) | hors_cible_de_lancement:vega-is.com,"WordPress,Yoast SEO:24.8.1"
equityderivatives.natixis.com,https://equityderivatives.natixis.com/it/wp-json/wp/v2/posts/109830,5,200,id_non_derive_session(+5) | hors_cible_de_lancement:vega-is.com,"WordPress,Yoast SEO:24.8.1"
equityderivatives.natixis.com,https://equityderivatives.natixis.com/fr/wp-json/wp/v2/posts/111744,5,200,id_non_derive_session(+5) | hors_cible_de_lancement:vega-is.com,"WordPress,Yoast SEO:24.8.1"
equityderivatives.natixis.com,https://equityderivatives.natixis.com/fr/wp-json/wp/v2/posts/112139,5,200,id_non_derive_session(+5) | hors_cible_de_lancement:vega-is.com,"WordPress,Yoast SEO:24.8.1"
equityderivatives.natixis.com,https://equityderivatives.natixis.com/it/wp-json/wp/v2/pages/64299,5,200,id_non_derive_session(+5) | hors_cible_de_lancement:vega-is.com,"WordPress,Yoast SEO:24.8.1"
equityderivatives.natixis.com,https://equityderivatives.natixis.com/it/wp-json/wp/v2/pages/116823,5,200,id_non_derive_session(+5) | hors_cible_de_lancement:vega-is.com,"WordPress,Yoast SEO:24.8.1"
equityderivatives.natixis.com,https://equityderivatives.natixis.com/fr/wp-json/wp/v2/posts/109810,5,200,id_non_derive_session(+5) | hors_cible_de_lancement:vega-is.com,"WordPress,Yoast SEO:24.8.1"
equityderivatives.natixis.com,https://equityderivatives.natixis.com/fr/wp-json/wp/v2/pages/96000,5,200,id_non_derive_session(+5) | hors_cible_de_lancement:vega-is.com,"WordPress,Yoast SEO:24.8.1"
equityderivatives.natixis.com,https://equityderivatives.natixis.com/fr/wp-json/wp/v2/posts/107190,5,200,id_non_derive_session(+5) | hors_cible_de_lancement:vega-is.com,"WordPress,Yoast SEO:24.8.1"
equityderivatives.natixis.com,https://equityderivatives.natixis.com/fr/wp-json/wp/v2/posts/113158,5,200,id_non_derive_session(+5) | hors_cible_de_lancement:vega-is.com,"WordPress,Yoast SEO:24.8.1"
equityderivatives.natixis.com,https://equityderivatives.natixis.com/fr/wp-json/wp/v2/posts/112692,5,200,id_non_derive_session(+5) | hors_cible_de_lancement:vega-is.com,"WordPress,Yoast SEO:24.8.1"
equityderivatives.natixis.com,https://equityderivatives.natixis.com/fr/wp-json/wp/v2/posts/49729,5,200,id_non_derive_session(+5) | hors_cible_de_lancement:vega-is.com,"WordPress,Yoast SEO:24.8.1"
equityderivatives.natixis.com,https://equityderivatives.natixis.com/fr/wp-json/wp/v2/pages/116427,5,200,id_non_derive_session(+5) | hors_cible_de_lancement:vega-is.com,"WordPress,Yoast SEO:24.8.1"
equityderivatives.natixis.com,https://equityderivatives.natixis.com/fr/wp-json/wp/v2/pages/104214,5,200,id_non_derive_session(+5) | hors_cible_de_lancement:vega-is.com,"WordPress,Yoast SEO:24.8.1"
equityderivatives.natixis.com,https://equityderivatives.natixis.com/fr/wp-json/wp/v2/posts/47072,5,200,id_non_derive_session(+5) | hors_cible_de_lancement:vega-is.com,"WordPress,Yoast SEO:24.8.1"
equityderivatives.natixis.com,https://equityderivatives.natixis.com/fr/wp-json/wp/v2/posts/44262,5,200,id_non_derive_session(+5) | hors_cible_de_lancement:vega-is.com,"WordPress,Yoast SEO:24.8.1"
equityderivatives.natixis.com,https://equityderivatives.natixis.com/fr/wp-json/wp/v2/posts/44411,5,200,id_non_derive_session(+5) | hors_cible_de_lancement:vega-is.com,"WordPress,Yoast SEO:24.8.1"
equityderivatives.natixis.com,https://equityderivatives.natixis.com/fr/wp-json/wp/v2/posts/44600,5,200,id_non_derive_session(+5) | hors_cible_de_lancement:vega-is.com,"WordPress,Yoast SEO:24.8.1"
equityderivatives.natixis.com,https://equityderivatives.natixis.com/fr/wp-json/wp/v2/posts/91731,5,200,id_non_derive_session(+5) | hors_cible_de_lancement:vega-is.com,"WordPress,Yoast SEO:24.8.1"
equityderivatives.natixis.com,https://equityderivatives.natixis.com/fr/wp-json/wp/v2/posts/44651,5,200,id_non_derive_session(+5) | hors_cible_de_lancement:vega-is.com,"WordPress,Yoast SEO:24.8.1"
equityderivatives.natixis.com,https://equityderivatives.natixis.com/en-sc/wp-json/wp/v2/posts/77847,5,200,id_non_derive_session(+5) | hors_cible_de_lancement:vega-is.com,"WordPress,Yoast SEO:24.8.1"
equityderivatives.natixis.com,https://equityderivatives.natixis.com/fr/wp-json/wp/v2/posts/37064,5,200,id_non_derive_session(+5) | hors_cible_de_lancement:vega-is.com,"WordPress,Yoast SEO:24.8.1"
equityderivatives.natixis.com,https://equityderivatives.natixis.com/en-ch/wp-json/wp/v2/pages/119497,5,200,id_non_derive_session(+5) | hors_cible_de_lancement:vega-is.com,"WordPress,Yoast SEO:24.8.1"
equityderivatives.natixis.com,https://equityderivatives.natixis.com/fr/wp-json/wp/v2/posts/35410,5,200,id_non_derive_session(+5) | hors_cible_de_lancement:vega-is.com,"WordPress,Yoast SEO:24.8.1"
equityderivatives.natixis.com,https://equityderivatives.natixis.com/fr/wp-json/wp/v2/posts/40712,5,200,id_non_derive_session(+5) | hors_cible_de_lancement:vega-is.com,"WordPress,Yoast SEO:24.8.1"
equityderivatives.natixis.com,https://equityderivatives.natixis.com/fr/wp-json/wp/v2/posts/35260,5,200,id_non_derive_session(+5) | hors_cible_de_lancement:vega-is.com,"WordPress,Yoast SEO:24.8.1"
equityderivatives.natixis.com,https://equityderivatives.natixis.com/fr/wp-json/wp/v2/posts/106309,5,200,id_non_derive_session(+5) | hors_cible_de_lancement:vega-is.com,"WordPress,Yoast SEO:24.8.1"
equityderivatives.natixis.com,https://equityderivatives.natixis.com/fr/wp-json/wp/v2/posts/85175,5,200,id_non_derive_session(+5) | hors_cible_de_lancement:vega-is.com,"WordPress,Yoast SEO:24.8.1"
equityderivatives.natixis.com,https://equityderivatives.natixis.com/it/wp-json/wp/v2/pages/96010,5,200,id_non_derive_session(+5) | hors_cible_de_lancement:vega-is.com,"WordPress,Yoast SEO:24.8.1"
equityderivatives.natixis.com,https://equityderivatives.natixis.com/it/wp-json/wp/v2/posts/111767,5,200,id_non_derive_session(+5) | hors_cible_de_lancement:vega-is.com,"WordPress,Yoast SEO:24.8.1"
equityderivatives.natixis.com,https://equityderivatives.natixis.com/it/wp-json/wp/v2/pages/56849,5,200,id_non_derive_session(+5) | hors_cible_de_lancement:vega-is.com,"WordPress,Yoast SEO:24.8.1"
equityderivatives.natixis.com,https://equityderivatives.natixis.com/fr/wp-json/wp/v2/posts/92741,5,200,id_non_derive_session(+5) | hors_cible_de_lancement:vega-is.com,"WordPress,Yoast SEO:24.8.1"
equityderivatives.natixis.com,https://equityderivatives.natixis.com/it/wp-json/wp/v2/pages/116812,5,200,id_non_derive_session(+5) | hors_cible_de_lancement:vega-is.com,"WordPress,Yoast SEO:24.8.1"
equityderivatives.natixis.com,https://equityderivatives.natixis.com/fr/wp-json/wp/v2/posts/93357,5,200,id_non_derive_session(+5) | hors_cible_de_lancement:vega-is.com,"WordPress,Yoast SEO:24.8.1"
equityderivatives.natixis.com,https://equityderivatives.natixis.com/it/wp-json/wp/v2/pages/28439,5,200,id_non_derive_session(+5) | hors_cible_de_lancement:vega-is.com,"WordPress,Yoast SEO:24.8.1"
equityderivatives.natixis.com,https://equityderivatives.natixis.com/fr/wp-json/wp/v2/posts/112770,5,200,id_non_derive_session(+5) | hors_cible_de_lancement:vega-is.com,"WordPress,Yoast SEO:24.8.1"
equityderivatives.natixis.com,https://equityderivatives.natixis.com/fr/wp-json/wp/v2/posts/118595,5,200,id_non_derive_session(+5) | hors_cible_de_lancement:vega-is.com,"WordPress,Yoast SEO:24.8.1"
equityderivatives.natixis.com,https://equityderivatives.natixis.com/fr/wp-json/wp/v2/pages/65207,5,200,id_non_derive_session(+5) | hors_cible_de_lancement:vega-is.com,"WordPress,Yoast SEO:24.8.1"
equityderivatives.natixis.com,https://equityderivatives.natixis.com/fr/wp-json/wp/v2/pages/116634,5,200,id_non_derive_session(+5) | hors_cible_de_lancement:vega-is.com,"WordPress,Yoast SEO:24.8.1"
equityderivatives.natixis.com,https://equityderivatives.natixis.com/fr/wp-json/wp/v2/pages/116342,5,200,id_non_derive_session(+5) | hors_cible_de_lancement:vega-is.com,"WordPress,Yoast SEO:24.8.1"
equityderivatives.natixis.com,https://equityderivatives.natixis.com/en-sc/wp-json/wp/v2/posts/64247,5,200,id_non_derive_session(+5) | hors_cible_de_lancement:vega-is.com,"WordPress,Yoast SEO:24.8.1"
equityderivatives.natixis.com,https://equityderivatives.natixis.com/en-sc/wp-json/wp/v2/posts/64615,5,200,id_non_derive_session(+5) | hors_cible_de_lancement:vega-is.com,"WordPress,Yoast SEO:24.8.1"
equityderivatives.natixis.com,https://equityderivatives.natixis.com/en/login,5,200,flux_auth,"Clipboard.js,MySQL,PHP,Underscore.js,WordPress,jQuery"
equityderivatives.natixis.com,https://equityderivatives.natixis.com/en-sc/wp-json/wp/v2/posts/65312,5,200,id_non_derive_session(+5) | hors_cible_de_lancement:vega-is.com,"WordPress,Yoast SEO:24.8.1"
equityderivatives.natixis.com,https://equityderivatives.natixis.com/en-sc/wp-json/wp/v2/pages/64293,5,200,id_non_derive_session(+5) | hors_cible_de_lancement:vega-is.com,"WordPress,Yoast SEO:24.8.1"
equityderivatives.natixis.com,https://equityderivatives.natixis.com/en-es/wp-json/wp/v2/posts/65313,5,200,id_non_derive_session(+5) | hors_cible_de_lancement:vega-is.com,"WordPress,Yoast SEO:24.8.1"
equityderivatives.natixis.com,https://equityderivatives.natixis.com/en-es/wp-json/wp/v2/posts/64634,5,200,id_non_derive_session(+5) | hors_cible_de_lancement:vega-is.com,"WordPress,Yoast SEO:24.8.1"
equityderivatives.natixis.com,https://equityderivatives.natixis.com/en-es/wp-json/wp/v2/posts/64616,5,200,id_non_derive_session(+5) | hors_cible_de_lancement:vega-is.com,"WordPress,Yoast SEO:24.8.1"
equityderivatives.natixis.com,https://equityderivatives.natixis.com/fr?p=59291,5,200,flux_auth,"Google Hosted Libraries,MySQL,PHP,WPML:4.7.3,WordPress,Yoast SEO:24.8.1,jQuery"
equityderivatives.natixis.com,https://equityderivatives.natixis.com/en-es/wp-json/wp/v2/posts/77848,5,200,id_non_derive_session(+5) | hors_cible_de_lancement:vega-is.com,"WordPress,Yoast SEO:24.8.1"
equityderivatives.natixis.com,https://equityderivatives.natixis.com/en-ap/wp-json/wp/v2/pages/118639,5,200,id_non_derive_session(+5) | hors_cible_de_lancement:vega-is.com,"WordPress,Yoast SEO:24.8.1"
equityderivatives.natixis.com,https://equityderivatives.natixis.com/en-es/wp-json/wp/v2/pages/117976,5,200,id_non_derive_session(+5) | hors_cible_de_lancement:vega-is.com,"WordPress,Yoast SEO:24.8.1"
equityderivatives.natixis.com,https://equityderivatives.natixis.com/en-ap/wp-json/wp/v2/pages/118649,5,200,id_non_derive_session(+5) | hors_cible_de_lancement:vega-is.com,"WordPress,Yoast SEO:24.8.1"
equityderivatives.natixis.com,https://equityderivatives.natixis.com/en-ch/wp-json/wp/v2/pages/119486,5,200,id_non_derive_session(+5) | hors_cible_de_lancement:vega-is.com,"WordPress,Yoast SEO:24.8.1"
equityderivatives.natixis.com,https://equityderivatives.natixis.com/fr?p=64901,5,200,flux_auth,"Google Hosted Libraries,MySQL,PHP,WPML:4.7.3,WordPress,Yoast SEO:24.8.1,jQuery"
equityderivatives.natixis.com,https://equityderivatives.natixis.com/en-ee/login,5,200,flux_auth,"Clipboard.js,MySQL,PHP,Underscore.js,WordPress,jQuery"
equityderivatives.natixis.com,https://equityderivatives.natixis.com/en-ch/wp-json/wp/v2/pages/119495,5,200,id_non_derive_session(+5) | hors_cible_de_lancement:vega-is.com,"WordPress,Yoast SEO:24.8.1"
equityderivatives.natixis.com,https://equityderivatives.natixis.com/en-ch/wp-json/wp/v2/pages/119499,5,200,id_non_derive_session(+5) | hors_cible_de_lancement:vega-is.com,"WordPress,Yoast SEO:24.8.1"
equityderivatives.natixis.com,https://equityderivatives.natixis.com/en-ch/wp-json/wp/v2/pages/119493,5,200,id_non_derive_session(+5) | hors_cible_de_lancement:vega-is.com,"WordPress,Yoast SEO:24.8.1"
equityderivatives.natixis.com,https://equityderivatives.natixis.com/en-ch/wp-json/wp/v2/pages/119491,5,200,id_non_derive_session(+5) | hors_cible_de_lancement:vega-is.com,"WordPress,Yoast SEO:24.8.1"
equityderivatives.natixis.com,https://equityderivatives.natixis.com/fr/le-groupe-groupama-et-natixis-innovent-avec-une-unite-de-compte-engagee-dans-la-transition-energetique,5,200,flux_auth,"Google Hosted Libraries,MySQL,PHP,WPML:4.7.3,WordPress,Yoast SEO:24.8.1,jQuery"
equityderivatives.natixis.com,https://equityderivatives.natixis.com/fr/preservons-nos-ressources-en-eau,5,200,flux_auth,"Google Hosted Libraries,MySQL,PHP,WPML:4.7.3,WordPress,Yoast SEO:24.8.1,jQuery"
equityderivatives.natixis.com,https://equityderivatives.natixis.com/fr/wp-json/wp/v2/posts/35630,5,200,id_non_derive_session(+5) | hors_cible_de_lancement:vega-is.com,"WordPress,Yoast SEO:24.8.1"
equityderivatives.natixis.com,https://equityderivatives.natixis.com/en-ch/wp-json/wp/v2/pages/119490,5,200,id_non_derive_session(+5) | hors_cible_de_lancement:vega-is.com,"WordPress,Yoast SEO:24.8.1"
equityderivatives.natixis.com,https://equityderivatives.natixis.com/en-ch/wp-json/wp/v2/pages/119505,5,200,id_non_derive_session(+5) | hors_cible_de_lancement:vega-is.com,"WordPress,Yoast SEO:24.8.1"
equityderivatives.natixis.com,https://equityderivatives.natixis.com/en-ch/wp-json/wp/v2/pages/119503,5,200,id_non_derive_session(+5) | hors_cible_de_lancement:vega-is.com,"WordPress,Yoast SEO:24.8.1"
equityderivatives.natixis.com,https://equityderivatives.natixis.com/en-ch/wp-json/wp/v2/pages/119502,5,200,id_non_derive_session(+5) | hors_cible_de_lancement:vega-is.com,"WordPress,Yoast SEO:24.8.1"
equityderivatives.natixis.com,https://equityderivatives.natixis.com/fr/wp-json/wp/v2/posts/59291,5,200,id_non_derive_session(+5) | hors_cible_de_lancement:vega-is.com,"WordPress,Yoast SEO:24.8.1"
equityderivatives.natixis.com,https://equityderivatives.natixis.com/fr/wp-json/wp/v2/posts/88719,5,200,id_non_derive_session(+5) | hors_cible_de_lancement:vega-is.com,"WordPress,Yoast SEO:24.8.1"
equityderivatives.natixis.com,https://equityderivatives.natixis.com/fr/wp-json/wp/v2/posts/91242,5,200,id_non_derive_session(+5) | hors_cible_de_lancement:vega-is.com,"WordPress,Yoast SEO:24.8.1"
equityderivatives.natixis.com,https://equityderivatives.natixis.com/fr/wp-json/wp/v2/posts/42800,5,200,id_non_derive_session(+5) | hors_cible_de_lancement:vega-is.com,"WordPress,Yoast SEO:24.8.1"
equityderivatives.natixis.com,https://equityderivatives.natixis.com/fr/author/admin_eqs/feed,5,200,flux_auth,"MySQL,PHP,WordPress"
equityderivatives.natixis.com,https://equityderivatives.natixis.com/fr/author/achakkar,5,200,flux_auth,"Google Hosted Libraries,Gravatar,MySQL,PHP,WPML:4.7.3,WordPress,Yoast SEO:24.8.1,jQuery"
equityderivatives.natixis.com,https://equityderivatives.natixis.com/fr/author/admin_eqs,5,200,flux_auth,"Google Hosted Libraries,MySQL,PHP,WPML:4.7.3,WordPress,Yoast SEO:24.8.1,jQuery"
equityderivatives.natixis.com,https://equityderivatives.natixis.com/fr/author/anthony-da-conceicao,5,200,flux_auth,"Google Hosted Libraries,Gravatar,MySQL,PHP,WPML:4.7.3,WordPress,Yoast SEO:24.8.1,jQuery"
equityderivatives.natixis.com,https://equityderivatives.natixis.com/fr/author/masmoudi,5,200,flux_auth,"Google Hosted Libraries,Gravatar,MySQL,PHP,WPML:4.7.3,WordPress,Yoast SEO:24.8.1,jQuery"
equityderivatives.natixis.com,https://equityderivatives.natixis.com/fr/author/jperrin,5,200,flux_auth,"Google Hosted Libraries,Gravatar,MySQL,PHP,WPML:4.7.3,WordPress,Yoast SEO:24.8.1,jQuery"
equityderivatives.natixis.com,https://equityderivatives.natixis.com/fr/author/hlesigne,5,200,flux_auth,"Google Hosted Libraries,Gravatar,MySQL,PHP,WPML:4.7.3,WordPress,Yoast SEO:24.8.1,jQuery"
equityderivatives.natixis.com,https://equityderivatives.natixis.com/fr/author/mahdadi-ismael,5,200,flux_auth,"Google Hosted Libraries,Gravatar,MySQL,PHP,WPML:4.7.3,WordPress,Yoast SEO:24.8.1,jQuery"
equityderivatives.natixis.com,https://equityderivatives.natixis.com/fr/author/tchandat,5,200,flux_auth,"Google Hosted Libraries,Gravatar,MySQL,PHP,WPML:4.7.3,WordPress,Yoast SEO:24.8.1,jQuery"
equityderivatives.natixis.com,https://equityderivatives.natixis.com/fr/author/ykhraiche,5,200,flux_auth,"Google Hosted Libraries,Gravatar,MySQL,PHP,WPML:4.7.3,WordPress,Yoast SEO:24.8.1,jQuery"
equityderivatives.natixis.com,https://equityderivatives.natixis.com/de/wp-json/wp/v2/pages/116822,5,200,id_non_derive_session(+5) | hors_cible_de_lancement:vega-is.com,"WordPress,Yoast SEO:24.8.1"
equityderivatives.natixis.com,https://equityderivatives.natixis.com/de/wp-json/wp/v2/pages/116811,5,200,id_non_derive_session(+5) | hors_cible_de_lancement:vega-is.com,"WordPress,Yoast SEO:24.8.1"
equityderivatives.natixis.com,https://equityderivatives.natixis.com/fr/wp-json/wp/v2/posts/92721,5,200,id_non_derive_session(+5) | hors_cible_de_lancement:vega-is.com,"WordPress,Yoast SEO:24.8.1"
equityderivatives.natixis.com,https://equityderivatives.natixis.com/de/wp-json/wp/v2/pages/79284,5,200,id_non_derive_session(+5) | hors_cible_de_lancement:vega-is.com,"WordPress,Yoast SEO:24.8.1"
equityderivatives.natixis.com,https://equityderivatives.natixis.com/de/wp-json/wp/v2/pages/64298,5,200,id_non_derive_session(+5) | hors_cible_de_lancement:vega-is.com,"WordPress,Yoast SEO:24.8.1"
equityderivatives.natixis.com,https://equityderivatives.natixis.com/fr/wp-json/wp/v2/posts/62607,5,200,id_non_derive_session(+5) | hors_cible_de_lancement:vega-is.com,"WordPress,Yoast SEO:24.8.1"
equityderivatives.natixis.com,https://equityderivatives.natixis.com/fr/indice/indice-natixis-best-fund-selection-er,5,200,mouvement_argent,"Google Hosted Libraries,MySQL,PHP,WPML:4.7.3,WordPress,Yoast SEO:24.8.1,jQuery"
equityderivatives.natixis.com,https://equityderivatives.natixis.com/fr/indice/indice-nxs-momentum-fund-stars-er,5,200,mouvement_argent,"Google Hosted Libraries,MySQL,PHP,WPML:4.7.3,WordPress,Yoast SEO:24.8.1,jQuery"
equityderivatives.natixis.com,https://equityderivatives.natixis.com/de/wp-json/wp/v2/pages/96008,5,200,id_non_derive_session(+5) | hors_cible_de_lancement:vega-is.com,"WordPress,Yoast SEO:24.8.1"
equityderivatives.natixis.com,https://equityderivatives.natixis.com/de/wp-json/wp/v2/posts/110006,5,200,id_non_derive_session(+5) | hors_cible_de_lancement:vega-is.com,"WordPress,Yoast SEO:24.8.1"
equityderivatives.natixis.com,https://equityderivatives.natixis.com/fr/indice/indice-nxs-smart-allocation-global-funds,5,200,mouvement_argent,"Google Hosted Libraries,MySQL,PHP,WPML:4.7.3,WordPress,Yoast SEO:24.8.1,jQuery"
equityderivatives.natixis.com,https://equityderivatives.natixis.com/fr/indice/indice-nxs-ultimate-fund-allocator,5,200,mouvement_argent,"Google Hosted Libraries,MySQL,PHP,WPML:4.7.3,WordPress,Yoast SEO:24.8.1,jQuery"
equityderivatives.natixis.com,https://equityderivatives.natixis.com/fr/wp-json/wp/v2/posts/58150,5,200,id_non_derive_session(+5) | hors_cible_de_lancement:vega-is.com,"WordPress,Yoast SEO:24.8.1"
equityderivatives.natixis.com,https://equityderivatives.natixis.com/fr/indice/nxs-risk-parity-fund-allocator-index,5,200,mouvement_argent,"Google Hosted Libraries,MySQL,PHP,WPML:4.7.3,WordPress,Yoast SEO:24.8.1,jQuery"
equityderivatives.natixis.com,https://equityderivatives.natixis.com/fr/indice/nxs-ultimate-diversified-fund-index,5,200,mouvement_argent,"Google Hosted Libraries,MySQL,PHP,WPML:4.7.3,WordPress,Yoast SEO:24.8.1,jQuery"
equityderivatives.natixis.com,https://equityderivatives.natixis.com/fr/wp-json/wp/v2/posts/88943,5,200,id_non_derive_session(+5) | hors_cible_de_lancement:vega-is.com,"WordPress,Yoast SEO:24.8.1"
equityderivatives.natixis.com,https://equityderivatives.natixis.com/fr/wp-json/wp/v2/posts/89009,5,200,id_non_derive_session(+5) | hors_cible_de_lancement:vega-is.com,"WordPress,Yoast SEO:24.8.1"
equityderivatives.natixis.com,https://equityderivatives.natixis.com/fr/wp-json/wp/v2/posts/88777,5,200,id_non_derive_session(+5) | hors_cible_de_lancement:vega-is.com,"WordPress,Yoast SEO:24.8.1"
equityderivatives.natixis.com,https://equityderivatives.natixis.com/de/wp-json/wp/v2/posts/106544,5,200,id_non_derive_session(+5) | hors_cible_de_lancement:vega-is.com,"WordPress,Yoast SEO:24.8.1"
equityderivatives.natixis.com,https://equityderivatives.natixis.com/de/wp-json/wp/v2/posts/113179,5,200,id_non_derive_session(+5) | hors_cible_de_lancement:vega-is.com,"WordPress,Yoast SEO:24.8.1"
equityderivatives.natixis.com,https://equityderivatives.natixis.com/de/wp-json/wp/v2/posts/111799,5,200,id_non_derive_session(+5) | hors_cible_de_lancement:vega-is.com,"WordPress,Yoast SEO:24.8.1"
equityderivatives.natixis.com,https://equityderivatives.natixis.com/fr/wp-json/wp/v2/posts/86721,5,200,id_non_derive_session(+5) | hors_cible_de_lancement:vega-is.com,"WordPress,Yoast SEO:24.8.1"
equityderivatives.natixis.com,https://equityderivatives.natixis.com/en-ap/wp-json/wp/v2/pages/118641,5,200,id_non_derive_session(+5) | hors_cible_de_lancement:vega-is.com,"WordPress,Yoast SEO:24.8.1"
equityderivatives.natixis.com,https://equityderivatives.natixis.com/fr/wp-json/wp/v2/posts/71470,5,200,id_non_derive_session(+5) | hors_cible_de_lancement:vega-is.com,"WordPress,Yoast SEO:24.8.1"
equityderivatives.natixis.com,https://equityderivatives.natixis.com/en-ap/wp-json/wp/v2/pages/118643,5,200,id_non_derive_session(+5) | hors_cible_de_lancement:vega-is.com,"WordPress,Yoast SEO:24.8.1"
equityderivatives.natixis.com,https://equityderivatives.natixis.com/fr/wp-json/wp/v2/posts/78075,5,200,id_non_derive_session(+5) | hors_cible_de_lancement:vega-is.com,"WordPress,Yoast SEO:24.8.1"
equityderivatives.natixis.com,https://equityderivatives.natixis.com/en-ap/wp-json/wp/v2/pages/118602,5,200,id_non_derive_session(+5) | hors_cible_de_lancement:vega-is.com,"WordPress,Yoast SEO:24.8.1"
equityderivatives.natixis.com,https://equityderivatives.natixis.com/fr/wp-json/wp/v2/posts/65458,5,200,id_non_derive_session(+5) | hors_cible_de_lancement:vega-is.com,"WordPress,Yoast SEO:24.8.1"
equityderivatives.natixis.com,https://equityderivatives.natixis.com/en-ap/wp-json/wp/v2/pages/118637,5,200,id_non_derive_session(+5) | hors_cible_de_lancement:vega-is.com,"WordPress,Yoast SEO:24.8.1"
equityderivatives.natixis.com,https://equityderivatives.natixis.com/fr/wp-json/wp/v2/posts/89189,5,200,id_non_derive_session(+5) | hors_cible_de_lancement:vega-is.com,"WordPress,Yoast SEO:24.8.1"
equityderivatives.natixis.com,https://equityderivatives.natixis.com/fr/wp-json/wp/v2/posts/64901,5,200,id_non_derive_session(+5) | hors_cible_de_lancement:vega-is.com,"WordPress,Yoast SEO:24.8.1"
equityderivatives.natixis.com,https://equityderivatives.natixis.com/fr/wp-json/wp/v2/posts/73268,5,200,id_non_derive_session(+5) | hors_cible_de_lancement:vega-is.com,"WordPress,Yoast SEO:24.8.1"
equityderivatives.natixis.com,https://equityderivatives.natixis.com/en-ee/wp-json/wp/v2/pages/64294,5,200,id_non_derive_session(+5) | hors_cible_de_lancement:vega-is.com,"WordPress,Yoast SEO:24.8.1"
equityderivatives.natixis.com,https://equityderivatives.natixis.com/en-ee/wp-json/wp/v2/posts/65310,5,200,id_non_derive_session(+5) | hors_cible_de_lancement:vega-is.com,"WordPress,Yoast SEO:24.8.1"
equityderivatives.natixis.com,https://equityderivatives.natixis.com/en-ee/wp-json/wp/v2/posts/64613,5,200,id_non_derive_session(+5) | hors_cible_de_lancement:vega-is.com,"WordPress,Yoast SEO:24.8.1"
equityderivatives.natixis.com,https://equityderivatives.natixis.com/en-ee/wp-json/wp/v2/posts/77845,5,200,id_non_derive_session(+5) | hors_cible_de_lancement:vega-is.com,"WordPress,Yoast SEO:24.8.1"
equityderivatives.natixis.com,https://equityderivatives.natixis.com/en-ee/wp-json/wp/v2/posts/64631,5,200,id_non_derive_session(+5) | hors_cible_de_lancement:vega-is.com,"WordPress,Yoast SEO:24.8.1"
eterminal.dalenys.com,https://eterminal.dalenys.com/,5,200,flux_auth,"Cloudflare,Google Cloud,Google Cloud CDN,HSTS"
extranetcautialis.bpce.fr,https://extranetcautialis.bpce.fr/login?redirect=%2F,5,403,flux_auth,"Bootstrap,Highcharts,PHP,jQuery,jQuery UI:1.10.2"
extranetcautialis.bpce.fr,https://extranetcautialis.bpce.fr/login/forgotten,5,200,flux_auth,"Bootstrap,Highcharts,PHP,jQuery,jQuery UI:1.10.2"
extranet.dalenys.com,https://extranet.dalenys.com/?switch-lang=fr_FR,5,200,flux_auth,"Cloudflare,Google Cloud,Google Cloud CDN,HSTS,PHP"
extranet.dalenys.com,https://extranet.dalenys.com/?switch-lang=en_US,5,200,flux_auth,"Cloudflare,Google Cloud,Google Cloud CDN,HSTS,PHP"
extranet-test.dalenys.com,https://extranet-test.dalenys.com/?switch-lang=fr_FR,5,200,flux_auth,"Cloudflare,Google Cloud,Google Cloud CDN,HSTS,PHP"
extranet-test.dalenys.com,https://extranet-test.dalenys.com/,5,200,flux_auth,"Cloudflare,Google Cloud,Google Cloud CDN,HSTS,PHP"
extranet-test.dalenys.com,https://extranet-test.dalenys.com/authentication/password?switch-lang=fr_FR,5,200,flux_auth,"Cloudflare,Google Cloud,Google Cloud CDN,HSTS,PHP"
extranet-test.dalenys.com,https://extranet-test.dalenys.com/authentication/password,5,200,flux_auth,"Cloudflare,Google Cloud,Google Cloud CDN,HSTS,PHP"
extranet-test.dalenys.com,https://extranet-test.dalenys.com/authentication/password/index?switch-lang=en_US,5,200,flux_auth,"Cloudflare,Google Cloud,Google Cloud CDN,HSTS,PHP"
extranet-test.dalenys.com,https://extranet-test.dalenys.com/authentication/password?switch-lang=en_US,5,200,flux_auth,"Cloudflare,Google Cloud,Google Cloud CDN,HSTS,PHP"
extranet-test.dalenys.com,https://extranet-test.dalenys.com/authentication/password/index?switch-lang=fr_FR,5,200,flux_auth,"Cloudflare,Google Cloud,Google Cloud CDN,HSTS,PHP"
extranet-test.dalenys.com,https://extranet-test.dalenys.com/authentication/password/index,5,200,flux_auth,"Cloudflare,Google Cloud,Google Cloud CDN,HSTS,PHP"
extranet-test.dalenys.com,https://extranet-test.dalenys.com/?switch-lang=en_US,5,200,flux_auth,"Cloudflare,Google Cloud,Google Cloud CDN,HSTS,PHP"
exxotest.audace.fr,https://exxotest.audace.fr/login,5,200,flux_auth,"Apache HTTP Server,Bootstrap,Cloudflare,DataTables,Moment.js,PHP:7.2.2,Select2,cdnjs,jQuery,jQuery CDN,jQuery UI"
gaap.natixis.com,https://gaap.natixis.com/,5,200,flux_auth,"Bootstrap,HSTS"
gaap.natixis.com,https://gaap.natixis.com/user/auth/chooseschema?sourceURL=%2FWSFed%2Fls%2FStrong_Authentification_ForteInternet%3Fwa%3Dwsignin1.0%26wtrealm%3Dhttps%253a%252f%252fauthentification.natixis.com%252fportalInternet%252f%26wctx%3Drm%253d0%2526id%253dpassive%2526ru%253d%25252fportalInternet%25252f%26wct%3D2026-07-27T23%253a28%253a19Z,5,200,flux_auth,"Bootstrap,HSTS,Java,jQuery,jQuery UI"
gaap.natixis.com,https://gaap.natixis.com/user/auth/dologin,5,200,flux_auth,"Bootstrap,HSTS,Java,jQuery,jQuery UI"
gaap.natixis.com,https://gaap.natixis.com/WSFed/ls/Strong_Authentification_ForteInternet,5,200,flux_auth,"Bootstrap,HSTS,Java,jQuery,jQuery UI"
home.cib.natixis.com,https://home.cib.natixis.com/api-website-feature/popups/the-passion-for-rugby-knows-no-boundaries?page_id=652218,5,403,id_non_derive_session(+5),""
home.cib.natixis.com,https://home.cib.natixis.com/api-website-feature/popups/the-passion-for-rugby-knows-no-boundaries?page_id=652222,5,403,id_non_derive_session(+5),""
home.cib.natixis.com,https://home.cib.natixis.com/api-website-feature/popups/the-passion-for-rugby-knows-no-boundaries?page_id=652220,5,403,id_non_derive_session(+5),""
home.cib.natixis.com,https://home.cib.natixis.com/api-website-feature/popups/v2-george-de-la-tour?page_id=626418,5,403,id_non_derive_session(+5),""
home.cib.natixis.com,https://home.cib.natixis.com/api-website-feature/popups/v2-george-de-la-tour?page_id=634500,5,403,id_non_derive_session(+5),""
home.cib.natixis.com,https://home.cib.natixis.com/api-website-feature/popups/v2-george-de-la-tour?page_id=636072,5,403,id_non_derive_session(+5),""
home.cib.natixis.com,https://home.cib.natixis.com/api-website-feature/popups/v2-george-de-la-tour?page_id=636075,5,403,id_non_derive_session(+5),""
home.cib.natixis.com,https://home.cib.natixis.com/api-website-feature/popups/v2-george-de-la-tour?page_id=626466,5,403,id_non_derive_session(+5),""
home.cib.natixis.com,https://home.cib.natixis.com/api-website-feature/popups/v2-george-de-la-tour?page_id=650384,5,403,id_non_derive_session(+5),""
home.cib.natixis.com,https://home.cib.natixis.com/api-website-feature/popups/a-shared-passion-with-our-employees-and-clients?page_id=650384,5,403,id_non_derive_session(+5),""
home.cib.natixis.com,https://home.cib.natixis.com/api-website-feature/popups/v2-george-de-la-tour?page_id=646968,5,403,id_non_derive_session(+5),""
home.cib.natixis.com,https://home.cib.natixis.com/api-website-feature/popups/v2-george-de-la-tour?page_id=636100,5,403,id_non_derive_session(+5),""
home.cib.natixis.com,https://home.cib.natixis.com/api-website-feature/popups/v2-george-de-la-tour?page_id=649658,5,403,id_non_derive_session(+5),""
home.cib.natixis.com,https://home.cib.natixis.com/api-website-feature/popups/v2-george-de-la-tour?page_id=652042,5,403,id_non_derive_session(+5),""
home.cib.natixis.com,https://home.cib.natixis.com/api-website-feature/popups/v2-george-de-la-tour?page_id=652218,5,403,id_non_derive_session(+5),""
home.cib.natixis.com,https://home.cib.natixis.com/api-website-feature/popups/v2-george-de-la-tour?page_id=652220,5,403,id_non_derive_session(+5),""
home.cib.natixis.com,https://home.cib.natixis.com/api-website-feature/popups/v2-george-de-la-tour?page_id=650576,5,403,id_non_derive_session(+5),""
home.cib.natixis.com,https://home.cib.natixis.com/api-website-feature/popups/v2-george-de-la-tour?page_id=652221,5,403,id_non_derive_session(+5),""
home.cib.natixis.com,https://home.cib.natixis.com/api-website-feature/popups/v2-george-de-la-tour?page_id=652222,5,403,id_non_derive_session(+5),""
home.cib.natixis.com,https://home.cib.natixis.com/articles/deal-contingent-the-optimal-hedging-for-m-a-transactions,5,403,mouvement_argent,""
home.cib.natixis.com,https://home.cib.natixis.com/api-website-feature/popups/v2-george-de-la-tour?page_id=652223,5,403,id_non_derive_session(+5),""
home.cib.natixis.com,https://home.cib.natixis.com/articles/natixis-pfandbriefbank-issues-first-digital-registered-covered-bond-on-the-swiat-blockchain,5,403,flux_auth,""
home.cib.natixis.com,https://home.cib.natixis.com/api-website-feature/popups/2007-2020-orchestre-de-paris?page_id=636100,5,403,id_non_derive_session(+5),""
home.cib.natixis.com,https://home.cib.natixis.com/api-website-feature/popups/2007-2020-orchestre-de-paris?page_id=646968,5,403,id_non_derive_session(+5),""
home.cib.natixis.com,https://home.cib.natixis.com/api-website-feature/popups/natixis-engaged-with-the-paris?page_id=649658,5,403,id_non_derive_session(+5),""
home.cib.natixis.com,https://home.cib.natixis.com/api-website-feature/popups/natixis-engaged-with-the-paris?page_id=636072,5,403,id_non_derive_session(+5),""
home.cib.natixis.com,https://home.cib.natixis.com/tags/energy-transition-natural-ressources,5,403,flux_auth,""
home.cib.natixis.com,https://home.cib.natixis.com/api-website-feature/popups/natixis-engaged-with-the-paris?page_id=636075,5,403,id_non_derive_session(+5),""
home.cib.natixis.com,https://home.cib.natixis.com/api-website-feature/popups/mecenat-natixis-astonishing-things-the-drawings-of-victor-hugo-in-london?page_id=650574,5,403,id_non_derive_session(+5),""
home.cib.natixis.com,https://home.cib.natixis.com/api-website-feature/popups/racing-92-natixis-sevens?page_id=652218,5,403,id_non_derive_session(+5),""
home.cib.natixis.com,https://home.cib.natixis.com/api-website-feature/popups/mecenat-natixis-astonishing-things-the-drawings-of-victor-hugo-in-london?page_id=636075,5,403,id_non_derive_session(+5),""
home.cib.natixis.com,https://home.cib.natixis.com/api-website-feature/popups/racing-92-rugby-schools?page_id=626466,5,403,id_non_derive_session(+5),""
home.cib.natixis.com,https://home.cib.natixis.com/api-website-feature/popups/racing-92-rugby-schools?page_id=636072,5,403,id_non_derive_session(+5),""
home.cib.natixis.com,https://home.cib.natixis.com/api-website-feature/popups/mecenat-natixis-astonishing-things-the-drawings-of-victor-hugo-in-london?page_id=634500,5,403,id_non_derive_session(+5),""
home.cib.natixis.com,https://home.cib.natixis.com/api-website-feature/popups/mecenat-natixis-astonishing-things-the-drawings-of-victor-hugo-in-london?page_id=626466,5,403,id_non_derive_session(+5),""
home.cib.natixis.com,https://home.cib.natixis.com/api-website-feature/popups/racing-92-rugby-schools?page_id=650384,5,403,id_non_derive_session(+5),""
home.cib.natixis.com,https://home.cib.natixis.com/api-website-feature/popups/natixis-engaged-with-the-paris?page_id=652042,5,403,id_non_derive_session(+5),""
home.cib.natixis.com,https://home.cib.natixis.com/api-website-feature/popups/mecenat-natixis-astonishing-things-the-drawings-of-victor-hugo-in-london?page_id=636100,5,403,id_non_derive_session(+5),""
home.cib.natixis.com,https://home.cib.natixis.com/api-website-feature/popups/mecenat-natixis-astonishing-things-the-drawings-of-victor-hugo-in-london?page_id=636072,5,403,id_non_derive_session(+5),""
home.cib.natixis.com,https://home.cib.natixis.com/api-website-feature/popups/georges-de-la-tour-exibition?page_id=652220,5,403,id_non_derive_session(+5),""
home.cib.natixis.com,https://home.cib.natixis.com/api-website-feature/popups/mecenat-natixis-astonishing-things-the-drawings-of-victor-hugo-in-london?page_id=626418,5,403,id_non_derive_session(+5),""
home.cib.natixis.com,https://home.cib.natixis.com/api-website-feature/popups/georges-de-la-tour-exibition?page_id=652221,5,403,id_non_derive_session(+5),""
home.cib.natixis.com,https://home.cib.natixis.com/api-website-feature/popups/georges-de-la-tour-exibition?page_id=652223,5,403,id_non_derive_session(+5),""
home.cib.natixis.com,https://home.cib.natixis.com/api-website-feature/popups/georges-de-la-tour-exibition?page_id=652222,5,403,id_non_derive_session(+5),""
home.cib.natixis.com,https://home.cib.natixis.com/api-website-feature/popups/georges-de-la-tour-exibition?page_id=652218,5,403,id_non_derive_session(+5),""
home.cib.natixis.com,https://home.cib.natixis.com/api-website-feature/popups/georges-de-la-tour-exibition?page_id=652042,5,403,id_non_derive_session(+5),""
home.cib.natixis.com,https://home.cib.natixis.com/api-website-feature/popups/georges-de-la-tour-exibition?page_id=650384,5,403,id_non_derive_session(+5),""
home.cib.natixis.com,https://home.cib.natixis.com/api-website-feature/popups/v2-george-de-la-tour?page_id=650574,5,403,id_non_derive_session(+5),""
home.cib.natixis.com,https://home.cib.natixis.com/api-website-feature/popups/a-shared-passion-with-our-employees-and-clients?page_id=650574,5,403,id_non_derive_session(+5),""
home.cib.natixis.com,https://home.cib.natixis.com/api-website-feature/popups/a-shared-passion-with-our-employees-and-clients?page_id=646968,5,403,id_non_derive_session(+5),""
home.cib.natixis.com,https://home.cib.natixis.com/api-website-feature/popups/a-shared-passion-with-our-employees-and-clients?page_id=649658,5,403,id_non_derive_session(+5),""
home.cib.natixis.com,https://home.cib.natixis.com/api-website-feature/popups/a-shared-passion-with-our-employees-and-clients?page_id=636100,5,403,id_non_derive_session(+5),""
home.cib.natixis.com,https://home.cib.natixis.com/api-website-feature/popups/a-shared-passion-with-our-employees-and-clients?page_id=650576,5,403,id_non_derive_session(+5),""
home.cib.natixis.com,https://home.cib.natixis.com/api-website-feature/popups/a-shared-passion-with-our-employees-and-clients?page_id=652218,5,403,id_non_derive_session(+5),""
home.cib.natixis.com,https://home.cib.natixis.com/api-website-feature/popups/a-shared-passion-with-our-employees-and-clients?page_id=652221,5,403,id_non_derive_session(+5),""
home.cib.natixis.com,https://home.cib.natixis.com/api-website-feature/popups/a-shared-passion-with-our-employees-and-clients?page_id=652220,5,403,id_non_derive_session(+5),""
home.cib.natixis.com,https://home.cib.natixis.com/api-website-feature/popups/a-shared-passion-with-our-employees-and-clients?page_id=652042,5,403,id_non_derive_session(+5),""
home.cib.natixis.com,https://home.cib.natixis.com/api-website-feature/popups/georges-de-la-tour-exibition?page_id=626466,5,403,id_non_derive_session(+5),""
home.cib.natixis.com,https://home.cib.natixis.com/api-website-feature/popups/georges-de-la-tour-exibition?page_id=626418,5,403,id_non_derive_session(+5),""
home.cib.natixis.com,https://home.cib.natixis.com/api-website-feature/popups/a-shared-passion-with-our-employees-and-clients?page_id=636075,5,403,id_non_derive_session(+5),""
home.cib.natixis.com,https://home.cib.natixis.com/api-website-feature/popups/georges-de-la-tour-exibition?page_id=634500,5,403,id_non_derive_session(+5),""
home.cib.natixis.com,https://home.cib.natixis.com/api-website-feature/popups/a-shared-passion-with-our-employees-and-clients?page_id=634500,5,403,id_non_derive_session(+5),""
home.cib.natixis.com,https://home.cib.natixis.com/api-website-feature/popups/a-shared-passion-with-our-employees-and-clients?page_id=626418,5,403,id_non_derive_session(+5),""
home.cib.natixis.com,https://home.cib.natixis.com/api-website-feature/popups/a-shared-passion-with-our-employees-and-clients?page_id=636072,5,403,id_non_derive_session(+5),""
home.cib.natixis.com,https://home.cib.natixis.com/api-website-feature/popups/a-shared-passion-with-our-employees-and-clients?page_id=626466,5,403,id_non_derive_session(+5),""
home.cib.natixis.com,https://home.cib.natixis.com/api-website-feature/popups/racing-92-natixis-sevens?page_id=650574,5,403,id_non_derive_session(+5),""
home.cib.natixis.com,https://home.cib.natixis.com/api-website-feature/popups/2007-2020-orchestre-de-paris?page_id=652222,5,403,id_non_derive_session(+5),""
home.cib.natixis.com,https://home.cib.natixis.com/api-website-feature/popups/2007-2020-orchestre-de-paris?page_id=652218,5,403,id_non_derive_session(+5),""
home.cib.natixis.com,https://home.cib.natixis.com/api-website-feature/popups/2007-2020-orchestre-de-paris?page_id=652220,5,403,id_non_derive_session(+5),""
home.cib.natixis.com,https://home.cib.natixis.com/api-website-feature/popups/2007-2020-orchestre-de-paris?page_id=652221,5,403,id_non_derive_session(+5),""
home.cib.natixis.com,https://home.cib.natixis.com/api-website-feature/popups/2007-2020-orchestre-de-paris?page_id=652223,5,403,id_non_derive_session(+5),""
home.cib.natixis.com,https://home.cib.natixis.com/api-website-feature/popups/2007-2020-orchestre-de-paris?page_id=650384,5,403,id_non_derive_session(+5),""
home.cib.natixis.com,https://home.cib.natixis.com/api-website-feature/popups/georges-de-la-tour-exibition?page_id=649658,5,403,id_non_derive_session(+5),""
home.cib.natixis.com,https://home.cib.natixis.com/api-website-feature/popups/2007-2020-orchestre-de-paris?page_id=634500,5,403,id_non_derive_session(+5),""
home.cib.natixis.com,https://home.cib.natixis.com/api-website-feature/popups/2007-2020-orchestre-de-paris?page_id=636072,5,403,id_non_derive_session(+5),""
home.cib.natixis.com,https://home.cib.natixis.com/api-website-feature/popups/a-shared-passion-with-our-employees-and-clients?page_id=652222,5,403,id_non_derive_session(+5),""
home.cib.natixis.com,https://home.cib.natixis.com/api-website-feature/popups/racing-92-natixis-sevens?page_id=652222,5,403,id_non_derive_session(+5),""
home.cib.natixis.com,https://home.cib.natixis.com/api-website-feature/popups/a-shared-passion-with-our-employees-and-clients?page_id=652223,5,403,id_non_derive_session(+5),""
home.cib.natixis.com,https://home.cib.natixis.com/api-website-feature/popups/racing-92-natixis-sevens?page_id=652221,5,403,id_non_derive_session(+5),""
home.cib.natixis.com,https://home.cib.natixis.com/api-website-feature/popups/racing-92-rugby-schools?page_id=636075,5,403,id_non_derive_session(+5),""
home.cib.natixis.com,https://home.cib.natixis.com/api-website-feature/popups/racing-92-natixis-sevens?page_id=652042,5,403,id_non_derive_session(+5),""
home.cib.natixis.com,https://home.cib.natixis.com/api-website-feature/popups/georges-de-la-tour-exibition?page_id=636072,5,403,id_non_derive_session(+5),""
home.cib.natixis.com,https://home.cib.natixis.com/api-website-feature/popups/racing-92-natixis-sevens?page_id=649658,5,403,id_non_derive_session(+5),""
home.cib.natixis.com,https://home.cib.natixis.com/api-website-feature/popups/racing-92-natixis-sevens?page_id=636075,5,403,id_non_derive_session(+5),""
home.cib.natixis.com,https://home.cib.natixis.com/api-website-feature/popups/georges-de-la-tour-exibition?page_id=646968,5,403,id_non_derive_session(+5),""
home.cib.natixis.com,https://home.cib.natixis.com/api-website-feature/popups/racing-92-natixis-sevens?page_id=626418,5,403,id_non_derive_session(+5),""
home.cib.natixis.com,https://home.cib.natixis.com/api-website-feature/popups/mecenat-natixis-astonishing-things-the-drawings-of-victor-hugo-in-london?page_id=646968,5,403,id_non_derive_session(+5),""
home.cib.natixis.com,https://home.cib.natixis.com/api-website-feature/popups/georges-de-la-tour-exibition?page_id=636075,5,403,id_non_derive_session(+5),""
home.cib.natixis.com,https://home.cib.natixis.com/api-website-feature/popups/racing-92-natixis-sevens?page_id=646968,5,403,id_non_derive_session(+5),""
home.cib.natixis.com,https://home.cib.natixis.com/api-website-feature/popups/2007-2020-orchestre-de-paris?page_id=652042,5,403,id_non_derive_session(+5),""
home.cib.natixis.com,https://home.cib.natixis.com/api-website-feature/popups/2007-2020-orchestre-de-paris?page_id=650576,5,403,id_non_derive_session(+5),""
home.cib.natixis.com,https://home.cib.natixis.com/api-website-feature/popups/2007-2020-orchestre-de-paris?page_id=650574,5,403,id_non_derive_session(+5),""
home.cib.natixis.com,https://home.cib.natixis.com/api-website-feature/popups/2007-2020-orchestre-de-paris?page_id=649658,5,403,id_non_derive_session(+5),""
home.cib.natixis.com,https://home.cib.natixis.com/api-website-feature/popups/georges-de-la-tour-exibition?page_id=636100,5,403,id_non_derive_session(+5),""
home.cib.natixis.com,https://home.cib.natixis.com/api-website-feature/popups/2007-2020-orchestre-de-paris?page_id=636075,5,403,id_non_derive_session(+5),""
home.cib.natixis.com,https://home.cib.natixis.com/api-website-feature/popups/2007-2020-orchestre-de-paris?page_id=626466,5,403,id_non_derive_session(+5),""
home.cib.natixis.com,https://home.cib.natixis.com/api-website-feature/popups/2007-2020-orchestre-de-paris?page_id=626418,5,403,id_non_derive_session(+5),""
home.cib.natixis.com,https://home.cib.natixis.com/api-website-feature/popups/mecenat-natixis-astonishing-things-the-drawings-of-victor-hugo-in-london?page_id=650384,5,403,id_non_derive_session(+5),""
home.cib.natixis.com,https://home.cib.natixis.com/api-website-feature/popups/mecenat-natixis-astonishing-things-the-drawings-of-victor-hugo-in-london?page_id=649658,5,403,id_non_derive_session(+5),""
home.cib.natixis.com,https://home.cib.natixis.com/api-website-feature/popups/mecenat-natixis-astonishing-things-the-drawings-of-victor-hugo-in-london?page_id=650576,5,403,id_non_derive_session(+5),""
home.cib.natixis.com,https://home.cib.natixis.com/api-website-feature/popups/mecenat-natixis-astonishing-things-the-drawings-of-victor-hugo-in-london?page_id=652222,5,403,id_non_derive_session(+5),""
home.cib.natixis.com,https://home.cib.natixis.com/api-website-feature/popups/mecenat-natixis-astonishing-things-the-drawings-of-victor-hugo-in-london?page_id=652218,5,403,id_non_derive_session(+5),""
home.cib.natixis.com,https://home.cib.natixis.com/api-website-feature/popups/mecenat-natixis-astonishing-things-the-drawings-of-victor-hugo-in-london?page_id=652042,5,403,id_non_derive_session(+5),""
home.cib.natixis.com,https://home.cib.natixis.com/api-website-feature/popups/mecenat-natixis-astonishing-things-the-drawings-of-victor-hugo-in-london?page_id=652220,5,403,id_non_derive_session(+5),""
home.cib.natixis.com,https://home.cib.natixis.com/api-website-feature/popups/mecenat-natixis-astonishing-things-the-drawings-of-victor-hugo-in-london?page_id=652221,5,403,id_non_derive_session(+5),""
home.cib.natixis.com,https://home.cib.natixis.com/api-website-feature/popups/mecenat-natixis-astonishing-things-the-drawings-of-victor-hugo-in-london?page_id=652223,5,403,id_non_derive_session(+5),""
home.cib.natixis.com,https://home.cib.natixis.com/api-website-feature/popups/natixis-cib-sponsorship-in-milan-a-journey-through-colour-and-time?page_id=626418,5,403,id_non_derive_session(+5),""
home.cib.natixis.com,https://home.cib.natixis.com/api-website-feature/popups/natixis-cib-sponsorship-in-milan-a-journey-through-colour-and-time?page_id=634500,5,403,id_non_derive_session(+5),""
home.cib.natixis.com,https://home.cib.natixis.com/api-website-feature/popups/natixis-cib-sponsorship-in-milan-a-journey-through-colour-and-time?page_id=636072,5,403,id_non_derive_session(+5),""
home.cib.natixis.com,https://home.cib.natixis.com/api-website-feature/popups/natixis-cib-sponsorship-in-milan-a-journey-through-colour-and-time?page_id=626466,5,403,id_non_derive_session(+5),""
home.cib.natixis.com,https://home.cib.natixis.com/api-website-feature/popups/natixis-cib-sponsorship-in-milan-a-journey-through-colour-and-time?page_id=636100,5,403,id_non_derive_session(+5),""
home.cib.natixis.com,https://home.cib.natixis.com/api-website-feature/popups/natixis-cib-sponsorship-in-milan-a-journey-through-colour-and-time?page_id=646968,5,403,id_non_derive_session(+5),""
home.cib.natixis.com,https://home.cib.natixis.com/api-website-feature/popups/natixis-cib-sponsorship-in-milan-a-journey-through-colour-and-time?page_id=649658,5,403,id_non_derive_session(+5),""
home.cib.natixis.com,https://home.cib.natixis.com/api-website-feature/popups/natixis-cib-sponsorship-in-milan-a-journey-through-colour-and-time?page_id=636075,5,403,id_non_derive_session(+5),""
home.cib.natixis.com,https://home.cib.natixis.com/api-website-feature/popups/natixis-cib-sponsorship-in-milan-a-journey-through-colour-and-time?page_id=650384,5,403,id_non_derive_session(+5),""
home.cib.natixis.com,https://home.cib.natixis.com/api-website-feature/popups/natixis-cib-sponsorship-in-milan-a-journey-through-colour-and-time?page_id=652042,5,403,id_non_derive_session(+5),""
home.cib.natixis.com,https://home.cib.natixis.com/api-website-feature/popups/natixis-cib-sponsorship-in-milan-a-journey-through-colour-and-time?page_id=650576,5,403,id_non_derive_session(+5),""
home.cib.natixis.com,https://home.cib.natixis.com/api-website-feature/popups/natixis-cib-sponsorship-in-milan-a-journey-through-colour-and-time?page_id=650574,5,403,id_non_derive_session(+5),""
home.cib.natixis.com,https://home.cib.natixis.com/api-website-feature/popups/natixis-cib-sponsorship-in-milan-a-journey-through-colour-and-time?page_id=652218,5,403,id_non_derive_session(+5),""
home.cib.natixis.com,https://home.cib.natixis.com/api-website-feature/popups/natixis-cib-sponsorship-in-milan-a-journey-through-colour-and-time?page_id=652220,5,403,id_non_derive_session(+5),""
home.cib.natixis.com,https://home.cib.natixis.com/api-website-feature/popups/natixis-cib-sponsorship-in-milan-a-journey-through-colour-and-time?page_id=652222,5,403,id_non_derive_session(+5),""
home.cib.natixis.com,https://home.cib.natixis.com/api-website-feature/popups/natixis-engaged-with-the-paris?page_id=626466,5,403,id_non_derive_session(+5),""
home.cib.natixis.com,https://home.cib.natixis.com/api-website-feature/popups/natixis-cib-sponsorship-in-milan-a-journey-through-colour-and-time?page_id=652223,5,403,id_non_derive_session(+5),""
home.cib.natixis.com,https://home.cib.natixis.com/api-website-feature/popups/natixis-engaged-with-the-paris?page_id=626418,5,403,id_non_derive_session(+5),""
home.cib.natixis.com,https://home.cib.natixis.com/api-website-feature/popups/natixis-cib-sponsorship-in-milan-a-journey-through-colour-and-time?page_id=652221,5,403,id_non_derive_session(+5),""
home.cib.natixis.com,https://home.cib.natixis.com/api-website-feature/popups/natixis-engaged-with-the-paris?page_id=636100,5,403,id_non_derive_session(+5),""
home.cib.natixis.com,https://home.cib.natixis.com/api-website-feature/popups/natixis-engaged-with-the-paris?page_id=646968,5,403,id_non_derive_session(+5),""
home.cib.natixis.com,https://home.cib.natixis.com/api-website-feature/popups/natixis-engaged-with-the-paris?page_id=634500,5,403,id_non_derive_session(+5),""
home.cib.natixis.com,https://home.cib.natixis.com/api-website-feature/popups/natixis-engaged-with-the-paris?page_id=650384,5,403,id_non_derive_session(+5),""
home.cib.natixis.com,https://home.cib.natixis.com/api-website-feature/popups/natixis-engaged-with-the-paris?page_id=650576,5,403,id_non_derive_session(+5),""
home.cib.natixis.com,https://home.cib.natixis.com/api-website-feature/popups/natixis-engaged-with-the-paris?page_id=650574,5,403,id_non_derive_session(+5),""
home.cib.natixis.com,https://home.cib.natixis.com/api-website-feature/popups/natixis-engaged-with-the-paris?page_id=652220,5,403,id_non_derive_session(+5),""
home.cib.natixis.com,https://home.cib.natixis.com/api-website-feature/popups/natixis-engaged-with-the-paris?page_id=652218,5,403,id_non_derive_session(+5),""
home.cib.natixis.com,https://home.cib.natixis.com/api-website-feature/popups/natixis-engaged-with-the-paris?page_id=652223,5,403,id_non_derive_session(+5),""
home.cib.natixis.com,https://home.cib.natixis.com/api-website-feature/popups/natixis-engaged-with-the-paris?page_id=652221,5,403,id_non_derive_session(+5),""
home.cib.natixis.com,https://home.cib.natixis.com/api-website-feature/popups/natixis-engaged-with-the-paris?page_id=652222,5,403,id_non_derive_session(+5),""
home.cib.natixis.com,https://home.cib.natixis.com/api-website-feature/popups/racing-92-15-a-side-rugby-team?page_id=636075,5,403,id_non_derive_session(+5),""
home.cib.natixis.com,https://home.cib.natixis.com/api-website-feature/popups/racing-92-15-a-side-rugby-team?page_id=636072,5,403,id_non_derive_session(+5),""
home.cib.natixis.com,https://home.cib.natixis.com/api-website-feature/popups/racing-92-15-a-side-rugby-team?page_id=626466,5,403,id_non_derive_session(+5),""
home.cib.natixis.com,https://home.cib.natixis.com/api-website-feature/popups/racing-92-15-a-side-rugby-team?page_id=626418,5,403,id_non_derive_session(+5),""
home.cib.natixis.com,https://home.cib.natixis.com/api-website-feature/popups/racing-92-15-a-side-rugby-team?page_id=634500,5,403,id_non_derive_session(+5),""
home.cib.natixis.com,https://home.cib.natixis.com/api-website-feature/popups/racing-92-15-a-side-rugby-team?page_id=636100,5,403,id_non_derive_session(+5),""
home.cib.natixis.com,https://home.cib.natixis.com/api-website-feature/popups/racing-92-15-a-side-rugby-team?page_id=649658,5,403,id_non_derive_session(+5),""
home.cib.natixis.com,https://home.cib.natixis.com/api-website-feature/popups/racing-92-15-a-side-rugby-team?page_id=650574,5,403,id_non_derive_session(+5),""
home.cib.natixis.com,https://home.cib.natixis.com/api-website-feature/popups/racing-92-15-a-side-rugby-team?page_id=646968,5,403,id_non_derive_session(+5),""
home.cib.natixis.com,https://home.cib.natixis.com/api-website-feature/popups/racing-92-15-a-side-rugby-team?page_id=650384,5,403,id_non_derive_session(+5),""
home.cib.natixis.com,https://home.cib.natixis.com/api-website-feature/popups/racing-92-15-a-side-rugby-team?page_id=652220,5,403,id_non_derive_session(+5),""
home.cib.natixis.com,https://home.cib.natixis.com/api-website-feature/popups/racing-92-15-a-side-rugby-team?page_id=652218,5,403,id_non_derive_session(+5),""
home.cib.natixis.com,https://home.cib.natixis.com/api-website-feature/popups/racing-92-15-a-side-rugby-team?page_id=652042,5,403,id_non_derive_session(+5),""
home.cib.natixis.com,https://home.cib.natixis.com/api-website-feature/popups/racing-92-15-a-side-rugby-team?page_id=650576,5,403,id_non_derive_session(+5),""
home.cib.natixis.com,https://home.cib.natixis.com/api-website-feature/popups/racing-92-15-a-side-rugby-team?page_id=652221,5,403,id_non_derive_session(+5),""
home.cib.natixis.com,https://home.cib.natixis.com/api-website-feature/popups/racing-92-natixis-sevens?page_id=626466,5,403,id_non_derive_session(+5),""
home.cib.natixis.com,https://home.cib.natixis.com/api-website-feature/popups/racing-92-15-a-side-rugby-team?page_id=652222,5,403,id_non_derive_session(+5),""
home.cib.natixis.com,https://home.cib.natixis.com/api-website-feature/popups/racing-92-15-a-side-rugby-team?page_id=652223,5,403,id_non_derive_session(+5),""
home.cib.natixis.com,https://home.cib.natixis.com/api-website-feature/popups/racing-92-natixis-sevens?page_id=634500,5,403,id_non_derive_session(+5),""
home.cib.natixis.com,https://home.cib.natixis.com/api-website-feature/popups/racing-92-natixis-sevens?page_id=636072,5,403,id_non_derive_session(+5),""
home.cib.natixis.com,https://home.cib.natixis.com/api-website-feature/popups/racing-92-natixis-sevens?page_id=636100,5,403,id_non_derive_session(+5),""
home.cib.natixis.com,https://home.cib.natixis.com/api-website-feature/popups/racing-92-natixis-sevens?page_id=650384,5,403,id_non_derive_session(+5),""
home.cib.natixis.com,https://home.cib.natixis.com/api-website-feature/popups/racing-92-natixis-sevens?page_id=650576,5,403,id_non_derive_session(+5),""
home.cib.natixis.com,https://home.cib.natixis.com/api-website-feature/popups/racing-92-rugby-schools-women?page_id=626418,5,403,id_non_derive_session(+5),""
home.cib.natixis.com,https://home.cib.natixis.com/api-website-feature/popups/racing-92-natixis-sevens?page_id=652223,5,403,id_non_derive_session(+5),""
home.cib.natixis.com,https://home.cib.natixis.com/api-website-feature/popups/racing-92-rugby-schools-women?page_id=636075,5,403,id_non_derive_session(+5),""
home.cib.natixis.com,https://home.cib.natixis.com/api-website-feature/popups/racing-92-rugby-schools-women?page_id=636072,5,403,id_non_derive_session(+5),""
home.cib.natixis.com,https://home.cib.natixis.com/api-website-feature/popups/racing-92-rugby-schools-women?page_id=636100,5,403,id_non_derive_session(+5),""
home.cib.natixis.com,https://home.cib.natixis.com/api-website-feature/popups/racing-92-rugby-schools-women?page_id=634500,5,403,id_non_derive_session(+5),""
home.cib.natixis.com,https://home.cib.natixis.com/api-website-feature/popups/racing-92-rugby-schools-women?page_id=626466,5,403,id_non_derive_session(+5),""
home.cib.natixis.com,https://home.cib.natixis.com/api-website-feature/popups/racing-92-rugby-schools-women?page_id=650574,5,403,id_non_derive_session(+5),""
home.cib.natixis.com,https://home.cib.natixis.com/api-website-feature/popups/racing-92-rugby-schools-women?page_id=650576,5,403,id_non_derive_session(+5),""
home.cib.natixis.com,https://home.cib.natixis.com/api-website-feature/popups/racing-92-rugby-schools-women?page_id=649658,5,403,id_non_derive_session(+5),""
home.cib.natixis.com,https://home.cib.natixis.com/api-website-feature/popups/racing-92-rugby-schools-women?page_id=646968,5,403,id_non_derive_session(+5),""
home.cib.natixis.com,https://home.cib.natixis.com/api-website-feature/popups/racing-92-rugby-schools-women?page_id=650384,5,403,id_non_derive_session(+5),""
home.cib.natixis.com,https://home.cib.natixis.com/api-website-feature/popups/racing-92-rugby-schools-women?page_id=652221,5,403,id_non_derive_session(+5),""
home.cib.natixis.com,https://home.cib.natixis.com/api-website-feature/popups/racing-92-rugby-schools-women?page_id=652220,5,403,id_non_derive_session(+5),""
home.cib.natixis.com,https://home.cib.natixis.com/api-website-feature/popups/racing-92-rugby-schools-women?page_id=652218,5,403,id_non_derive_session(+5),""
home.cib.natixis.com,https://home.cib.natixis.com/api-website-feature/popups/racing-92-rugby-schools-women?page_id=652222,5,403,id_non_derive_session(+5),""
home.cib.natixis.com,https://home.cib.natixis.com/api-website-feature/popups/racing-92-rugby-schools-women?page_id=652042,5,403,id_non_derive_session(+5),""
home.cib.natixis.com,https://home.cib.natixis.com/api-website-feature/popups/racing-92-rugby-schools-women?page_id=652223,5,403,id_non_derive_session(+5),""
home.cib.natixis.com,https://home.cib.natixis.com/api-website-feature/popups/racing-92-rugby-schools?page_id=626418,5,403,id_non_derive_session(+5),""
home.cib.natixis.com,https://home.cib.natixis.com/api-website-feature/popups/racing-92-rugby-schools?page_id=634500,5,403,id_non_derive_session(+5),""
home.cib.natixis.com,https://home.cib.natixis.com/api-website-feature/popups/racing-92-rugby-schools?page_id=646968,5,403,id_non_derive_session(+5),""
home.cib.natixis.com,https://home.cib.natixis.com/api-website-feature/popups/racing-92-rugby-schools?page_id=652220,5,403,id_non_derive_session(+5),""
home.cib.natixis.com,https://home.cib.natixis.com/api-website-feature/popups/racing-92-rugby-schools?page_id=650576,5,403,id_non_derive_session(+5),""
home.cib.natixis.com,https://home.cib.natixis.com/api-website-feature/popups/racing-92-rugby-schools?page_id=652218,5,403,id_non_derive_session(+5),""
home.cib.natixis.com,https://home.cib.natixis.com/api-website-feature/popups/racing-92-rugby-schools?page_id=650574,5,403,id_non_derive_session(+5),""
home.cib.natixis.com,https://home.cib.natixis.com/api-website-feature/popups/spotlight-apprenticeship-and-internship-programs?page_id=626466,5,403,id_non_derive_session(+5),""
home.cib.natixis.com,https://home.cib.natixis.com/api-website-feature/popups/racing-92-rugby-schools?page_id=652222,5,403,id_non_derive_session(+5),""
home.cib.natixis.com,https://home.cib.natixis.com/api-website-feature/popups/spotlight-apprenticeship-and-internship-programs?page_id=626418,5,403,id_non_derive_session(+5),""
home.cib.natixis.com,https://home.cib.natixis.com/api-website-feature/popups/racing-92-rugby-schools?page_id=652223,5,403,id_non_derive_session(+5),""
home.cib.natixis.com,https://home.cib.natixis.com/api-website-feature/popups/racing-92-rugby-schools?page_id=652221,5,403,id_non_derive_session(+5),""
home.cib.natixis.com,https://home.cib.natixis.com/api-website-feature/popups/spotlight-apprenticeship-and-internship-programs?page_id=634500,5,403,id_non_derive_session(+5),""
home.cib.natixis.com,https://home.cib.natixis.com/api-website-feature/popups/spotlight-apprenticeship-and-internship-programs?page_id=646968,5,403,id_non_derive_session(+5),""
home.cib.natixis.com,https://home.cib.natixis.com/api-website-feature/popups/spotlight-apprenticeship-and-internship-programs?page_id=636100,5,403,id_non_derive_session(+5),""
home.cib.natixis.com,https://home.cib.natixis.com/api-website-feature/popups/spotlight-apprenticeship-and-internship-programs?page_id=636075,5,403,id_non_derive_session(+5),""
home.cib.natixis.com,https://home.cib.natixis.com/api-website-feature/popups/spotlight-apprenticeship-and-internship-programs?page_id=636072,5,403,id_non_derive_session(+5),""
home.cib.natixis.com,https://home.cib.natixis.com/api-website-feature/popups/spotlight-apprenticeship-and-internship-programs?page_id=650576,5,403,id_non_derive_session(+5),""
home.cib.natixis.com,https://home.cib.natixis.com/api-website-feature/popups/spotlight-apprenticeship-and-internship-programs?page_id=652042,5,403,id_non_derive_session(+5),""
home.cib.natixis.com,https://home.cib.natixis.com/api-website-feature/popups/spotlight-apprenticeship-and-internship-programs?page_id=649658,5,403,id_non_derive_session(+5),""
home.cib.natixis.com,https://home.cib.natixis.com/api-website-feature/popups/spotlight-apprenticeship-and-internship-programs?page_id=650574,5,403,id_non_derive_session(+5),""
home.cib.natixis.com,https://home.cib.natixis.com/api-website-feature/popups/spotlight-apprenticeship-and-internship-programs?page_id=650384,5,403,id_non_derive_session(+5),""
home.cib.natixis.com,https://home.cib.natixis.com/api-website-feature/popups/spotlight-apprenticeship-and-internship-programs?page_id=652222,5,403,id_non_derive_session(+5),""
home.cib.natixis.com,https://home.cib.natixis.com/api-website-feature/popups/spotlight-apprenticeship-and-internship-programs?page_id=652218,5,403,id_non_derive_session(+5),""
home.cib.natixis.com,https://home.cib.natixis.com/api-website-feature/popups/spotlight-apprenticeship-and-internship-programs?page_id=652221,5,403,id_non_derive_session(+5),""
home.cib.natixis.com,https://home.cib.natixis.com/api-website-feature/popups/spotlight-apprenticeship-and-internship-programs?page_id=652223,5,403,id_non_derive_session(+5),""
home.cib.natixis.com,https://home.cib.natixis.com/api-website-feature/popups/spotlight-apprenticeship-and-internship-programs?page_id=652220,5,403,id_non_derive_session(+5),""
home.cib.natixis.com,https://home.cib.natixis.com/api-website-feature/popups/spotlight-on-analyst-programs?page_id=626418,5,403,id_non_derive_session(+5),""
home.cib.natixis.com,https://home.cib.natixis.com/api-website-feature/popups/spotlight-on-analyst-programs?page_id=626466,5,403,id_non_derive_session(+5),""
home.cib.natixis.com,https://home.cib.natixis.com/api-website-feature/popups/spotlight-on-analyst-programs?page_id=636075,5,403,id_non_derive_session(+5),""
home.cib.natixis.com,https://home.cib.natixis.com/api-website-feature/popups/spotlight-on-analyst-programs?page_id=634500,5,403,id_non_derive_session(+5),""
home.cib.natixis.com,https://home.cib.natixis.com/api-website-feature/popups/spotlight-on-analyst-programs?page_id=636072,5,403,id_non_derive_session(+5),""
home.cib.natixis.com,https://home.cib.natixis.com/api-website-feature/popups/spotlight-on-analyst-programs?page_id=649658,5,403,id_non_derive_session(+5),""
home.cib.natixis.com,https://home.cib.natixis.com/api-website-feature/popups/spotlight-on-analyst-programs?page_id=650384,5,403,id_non_derive_session(+5),""
home.cib.natixis.com,https://home.cib.natixis.com/api-website-feature/popups/spotlight-on-analyst-programs?page_id=646968,5,403,id_non_derive_session(+5),""
home.cib.natixis.com,https://home.cib.natixis.com/api-website-feature/popups/spotlight-on-analyst-programs?page_id=650574,5,403,id_non_derive_session(+5),""
home.cib.natixis.com,https://home.cib.natixis.com/api-website-feature/popups/spotlight-on-analyst-programs?page_id=636100,5,403,id_non_derive_session(+5),""
home.cib.natixis.com,https://home.cib.natixis.com/api-website-feature/popups/spotlight-on-analyst-programs?page_id=652220,5,403,id_non_derive_session(+5),""
home.cib.natixis.com,https://home.cib.natixis.com/api-website-feature/popups/spotlight-on-analyst-programs?page_id=652218,5,403,id_non_derive_session(+5),""
home.cib.natixis.com,https://home.cib.natixis.com/api-website-feature/popups/spotlight-on-analyst-programs?page_id=652042,5,403,id_non_derive_session(+5),""
home.cib.natixis.com,https://home.cib.natixis.com/api-website-feature/popups/spotlight-on-analyst-programs?page_id=652221,5,403,id_non_derive_session(+5),""
home.cib.natixis.com,https://home.cib.natixis.com/api-website-feature/popups/spotlight-on-analyst-programs?page_id=650576,5,403,id_non_derive_session(+5),""
home.cib.natixis.com,https://home.cib.natixis.com/api-website-feature/popups/spotlight-on-analyst-programs?page_id=652223,5,403,id_non_derive_session(+5),""
home.cib.natixis.com,https://home.cib.natixis.com/api-website-feature/popups/spotlight-on-analyst-programs?page_id=652222,5,403,id_non_derive_session(+5),""
home.cib.natixis.com,https://home.cib.natixis.com/api-website-feature/popups/spotlight-on-vie-program?page_id=626418,5,403,id_non_derive_session(+5),""
home.cib.natixis.com,https://home.cib.natixis.com/api-website-feature/popups/racing-92-natixis-sevens?page_id=652220,5,403,id_non_derive_session(+5),""
home.cib.natixis.com,https://home.cib.natixis.com/api-website-feature/popups/spotlight-on-vie-program?page_id=636100,5,403,id_non_derive_session(+5),""
home.cib.natixis.com,https://home.cib.natixis.com/api-website-feature/popups/spotlight-on-vie-program?page_id=636072,5,403,id_non_derive_session(+5),""
home.cib.natixis.com,https://home.cib.natixis.com/api-website-feature/popups/spotlight-on-vie-program?page_id=636075,5,403,id_non_derive_session(+5),""
home.cib.natixis.com,https://home.cib.natixis.com/api-website-feature/popups/spotlight-on-vie-program?page_id=626466,5,403,id_non_derive_session(+5),""
home.cib.natixis.com,https://home.cib.natixis.com/api-website-feature/popups/spotlight-on-vie-program?page_id=634500,5,403,id_non_derive_session(+5),""
home.cib.natixis.com,https://home.cib.natixis.com/api-website-feature/popups/spotlight-on-vie-program?page_id=650576,5,403,id_non_derive_session(+5),""
home.cib.natixis.com,https://home.cib.natixis.com/api-website-feature/popups/spotlight-on-vie-program?page_id=650574,5,403,id_non_derive_session(+5),""
home.cib.natixis.com,https://home.cib.natixis.com/api-website-feature/popups/spotlight-on-vie-program?page_id=649658,5,403,id_non_derive_session(+5),""
home.cib.natixis.com,https://home.cib.natixis.com/api-website-feature/popups/spotlight-on-vie-program?page_id=646968,5,403,id_non_derive_session(+5),""
home.cib.natixis.com,https://home.cib.natixis.com/api-website-feature/popups/spotlight-on-vie-program?page_id=650384,5,403,id_non_derive_session(+5),""
home.cib.natixis.com,https://home.cib.natixis.com/api-website-feature/popups/spotlight-on-vie-program?page_id=652042,5,403,id_non_derive_session(+5),""
home.cib.natixis.com,https://home.cib.natixis.com/api-website-feature/popups/spotlight-on-vie-program?page_id=652222,5,403,id_non_derive_session(+5),""
home.cib.natixis.com,https://home.cib.natixis.com/api-website-feature/popups/spotlight-on-vie-program?page_id=652221,5,403,id_non_derive_session(+5),""
home.cib.natixis.com,https://home.cib.natixis.com/api-website-feature/popups/spotlight-on-vie-program?page_id=652220,5,403,id_non_derive_session(+5),""
home.cib.natixis.com,https://home.cib.natixis.com/api-website-feature/popups/spotlight-on-vie-program?page_id=652218,5,403,id_non_derive_session(+5),""
home.cib.natixis.com,https://home.cib.natixis.com/api-website-feature/popups/test-embed-video?page_id=634500,5,403,id_non_derive_session(+5),""
home.cib.natixis.com,https://home.cib.natixis.com/api-website-feature/popups/spotlight-on-vie-program?page_id=652223,5,403,id_non_derive_session(+5),""
home.cib.natixis.com,https://home.cib.natixis.com/api-website-feature/popups/test-embed-video?page_id=636072,5,403,id_non_derive_session(+5),""
home.cib.natixis.com,https://home.cib.natixis.com/api-website-feature/popups/test-embed-video?page_id=626466,5,403,id_non_derive_session(+5),""
home.cib.natixis.com,https://home.cib.natixis.com/api-website-feature/popups/test-embed-video?page_id=626418,5,403,id_non_derive_session(+5),""
home.cib.natixis.com,https://home.cib.natixis.com/api-website-feature/popups/test-embed-video?page_id=646968,5,403,id_non_derive_session(+5),""
home.cib.natixis.com,https://home.cib.natixis.com/api-website-feature/popups/test-embed-video?page_id=636075,5,403,id_non_derive_session(+5),""
home.cib.natixis.com,https://home.cib.natixis.com/api-website-feature/popups/test-embed-video?page_id=649658,5,403,id_non_derive_session(+5),""
home.cib.natixis.com,https://home.cib.natixis.com/api-website-feature/popups/test-embed-video?page_id=636100,5,403,id_non_derive_session(+5),""
home.cib.natixis.com,https://home.cib.natixis.com/api-website-feature/popups/test-embed-video?page_id=650384,5,403,id_non_derive_session(+5),""
home.cib.natixis.com,https://home.cib.natixis.com/api-website-feature/popups/test-embed-video?page_id=652042,5,403,id_non_derive_session(+5),""
home.cib.natixis.com,https://home.cib.natixis.com/api-website-feature/popups/test-embed-video?page_id=650576,5,403,id_non_derive_session(+5),""
home.cib.natixis.com,https://home.cib.natixis.com/api-website-feature/popups/test-embed-video?page_id=650574,5,403,id_non_derive_session(+5),""
home.cib.natixis.com,https://home.cib.natixis.com/api-website-feature/popups/test-embed-video?page_id=652220,5,403,id_non_derive_session(+5),""
home.cib.natixis.com,https://home.cib.natixis.com/api-website-feature/popups/test-embed-video?page_id=652218,5,403,id_non_derive_session(+5),""
home.cib.natixis.com,https://home.cib.natixis.com/api-website-feature/popups/test-embed-video?page_id=652221,5,403,id_non_derive_session(+5),""
home.cib.natixis.com,https://home.cib.natixis.com/api-website-feature/popups/test-embed-video?page_id=652222,5,403,id_non_derive_session(+5),""
home.cib.natixis.com,https://home.cib.natixis.com/api-website-feature/popups/the-passion-for-rugby-knows-no-boundaries?page_id=626466,5,403,id_non_derive_session(+5),""
home.cib.natixis.com,https://home.cib.natixis.com/api-website-feature/popups/the-passion-for-rugby-knows-no-boundaries?page_id=626418,5,403,id_non_derive_session(+5),""
home.cib.natixis.com,https://home.cib.natixis.com/api-website-feature/popups/test-embed-video?page_id=652223,5,403,id_non_derive_session(+5),""
home.cib.natixis.com,https://home.cib.natixis.com/api-website-feature/popups/the-passion-for-rugby-knows-no-boundaries?page_id=636075,5,403,id_non_derive_session(+5),""
home.cib.natixis.com,https://home.cib.natixis.com/api-website-feature/popups/the-passion-for-rugby-knows-no-boundaries?page_id=634500,5,403,id_non_derive_session(+5),""
home.cib.natixis.com,https://home.cib.natixis.com/api-website-feature/popups/the-passion-for-rugby-knows-no-boundaries?page_id=636100,5,403,id_non_derive_session(+5),""
home.cib.natixis.com,https://home.cib.natixis.com/api-website-feature/popups/the-passion-for-rugby-knows-no-boundaries?page_id=636072,5,403,id_non_derive_session(+5),""
home.cib.natixis.com,https://home.cib.natixis.com/api-website-feature/popups/the-passion-for-rugby-knows-no-boundaries?page_id=646968,5,403,id_non_derive_session(+5),""
home.cib.natixis.com,https://home.cib.natixis.com/api-website-feature/popups/the-passion-for-rugby-knows-no-boundaries?page_id=650384,5,403,id_non_derive_session(+5),""
home.cib.natixis.com,https://home.cib.natixis.com/api-website-feature/popups/the-passion-for-rugby-knows-no-boundaries?page_id=652042,5,403,id_non_derive_session(+5),""
home.cib.natixis.com,https://home.cib.natixis.com/api-website-feature/popups/the-passion-for-rugby-knows-no-boundaries?page_id=649658,5,403,id_non_derive_session(+5),""
home.cib.natixis.com,https://home.cib.natixis.com/api-website-feature/popups/the-passion-for-rugby-knows-no-boundaries?page_id=650574,5,403,id_non_derive_session(+5),""
home.cib.natixis.com,https://home.cib.natixis.com/api-website-feature/popups/the-passion-for-rugby-knows-no-boundaries?page_id=650576,5,403,id_non_derive_session(+5),""
home.cib.natixis.com,https://home.cib.natixis.com/api-website-feature/popups/the-passion-for-rugby-knows-no-boundaries?page_id=652223,5,403,id_non_derive_session(+5),""
home.cib.natixis.com,https://home.cib.natixis.com/api-website-feature/popups/the-passion-for-rugby-knows-no-boundaries?page_id=652221,5,403,id_non_derive_session(+5),""
home.cib.natixis.com,https://home.cib.natixis.com/api-website-feature/popups/racing-92-rugby-schools?page_id=652042,5,403,id_non_derive_session(+5),""
home.cib.natixis.com,https://home.cib.natixis.com/api-website-feature/popups/georges-de-la-tour-exibition?page_id=650574,5,403,id_non_derive_session(+5),""
home.cib.natixis.com,https://home.cib.natixis.com/api-website-feature/popups/racing-92-rugby-schools?page_id=649658,5,403,id_non_derive_session(+5),""
home.cib.natixis.com,https://home.cib.natixis.com/api-website-feature/popups/racing-92-rugby-schools?page_id=636100,5,403,id_non_derive_session(+5),""
home.cib.natixis.com,https://home.cib.natixis.com/api-website-feature/popups/georges-de-la-tour-exibition?page_id=650576,5,403,id_non_derive_session(+5),""
kiteworks.aew.com,https://kiteworks.aew.com/login_config,5,200,flux_auth,HSTS
litiges.pama.natixis.com,https://litiges.pama.natixis.com/public/download/C,5,200,flux_auth,"F5 BigIP,HSTS"
litiges.pama.natixis.com,https://litiges.pama.natixis.com/public/download,5,200,flux_auth,"F5 BigIP,HSTS"
litiges.pama.natixis.com,https://litiges.pama.natixis.com/public/download/G,5,200,flux_auth,"F5 BigIP,HSTS"
litiges.pama.natixis.com,https://litiges.pama.natixis.com/public/download/@,5,200,flux_auth,"F5 BigIP,HSTS"
litiges.pama.natixis.com,https://litiges.pama.natixis.com/public/download/J,5,200,flux_auth,"F5 BigIP,HSTS"
litiges.pama.natixis.com,https://litiges.pama.natixis.com/public/download/x,5,200,flux_auth,"F5 BigIP,HSTS"
litiges.pama.natixis.com,https://litiges.pama.natixis.com/public/download/z,5,200,flux_auth,"F5 BigIP,HSTS"
litiges.pama.natixis.com,https://litiges.pama.natixis.com/public/download/E,5,200,flux_auth,"F5 BigIP,HSTS"
login.oney.be,https://login.oney.be/customer/Login,5,200,flux_auth,"HSTS,IIS,OutSystems,Windows Server"
my.prepaid-anywhere.fr,https://my.prepaid-anywhere.fr/,5,200,flux_auth,"HSTS,Java,SyntaxHighlighter,jQuery"
my.prepaid-anywhere.fr,https://my.prepaid-anywhere.fr/WebPublic/Login,5,200,flux_auth,"HSTS,Java,SyntaxHighlighter,jQuery"
paiement.palatine.fr,https://paiement.palatine.fr/epaiement/palatine/payment/search,5,200,mouvement_argent,"Bootstrap,HSTS,jQuery"
portal.payplug.com,https://portal.payplug.com/auth/login,5,200,flux_auth,"Cloudflare,HSTS,HubSpot"
portal.payplug.com,https://portal.payplug.com/signup,5,403,flux_auth,Cloudflare
portal.payplug.com,https://portal.payplug.com/auth/signup,5,403,flux_auth,Cloudflare
portal.payplug.com,https://portal.payplug.com/login,5,200,flux_auth,"Cloudflare,HSTS,HubSpot"
portal.payplug.com,https://portal.payplug.com/signup?sponsor=98406,5,403,flux_auth,Cloudflare
portal.payplug.com,https://portal.payplug.com/signup?_ga=2.243290242.661255854.1661504372-1332113196.1661504372,5,403,flux_auth,Cloudflare
portal.payplug.com,https://portal.payplug.com/signup?_ga=2.11684733.870794173.1561971274-2132426968.1554987527,5,403,flux_auth,Cloudflare
preprod.lepouvoirdenousengager.fr,https://preprod.lepouvoirdenousengager.fr/,5,401,flux_auth,"Apache HTTP Server,Basic,Varnish:6.0"
qua-int.prepaid-anywhere.com,https://qua-int.prepaid-anywhere.com/,5,200,flux_auth,"Bootstrap:3,Cloudflare,DataTables,Google Hosted Libraries,HSTS,Java,Moment.js,Unpkg,cdnjs,jQuery,jQuery CDN,jQuery UI,jsDelivr"
qua-int.prepaid-anywhere.com,https://qua-int.prepaid-anywhere.com/WebServerPublic/Login,5,200,flux_auth,"Bootstrap:3,Cloudflare,DataTables,Google Hosted Libraries,HSTS,Java,Moment.js,Unpkg,cdnjs,jQuery,jQuery CDN,jQuery UI,jsDelivr"
qua-int.prepaid-anywhere.com,https://qua-int.prepaid-anywhere.com/WebServer/Login,5,200,flux_auth,"Bootstrap:3,Cloudflare,DataTables,Google Hosted Libraries,HSTS,Java,Moment.js,Unpkg,cdnjs,jQuery,jQuery CDN,jQuery UI,jsDelivr"
qua-int.prepaid-anywhere.com,https://qua-int.prepaid-anywhere.com/WebServerPublic/Login?lang=fr_FR,5,200,flux_auth,"Bootstrap:3,Cloudflare,DataTables,Google Hosted Libraries,HSTS,Java,Moment.js,Unpkg,cdnjs,jQuery,jQuery CDN,jQuery UI,jsDelivr"
qua-int.prepaid-anywhere.com,https://qua-int.prepaid-anywhere.com/WebServerPublic/Login?lang=en_EN,5,200,flux_auth,"Bootstrap:3,Cloudflare,DataTables,Google Hosted Libraries,HSTS,Java,Moment.js,Unpkg,cdnjs,jQuery,jQuery CDN,jQuery UI,jsDelivr"
recertification.aewpatrimoine.com,https://recertification.aewpatrimoine.com/site/SiteLogin.apexp,5,401,flux_auth,"Cloudflare,HSTS,HTTP/3"
recertification.aewpatrimoine.com,https://recertification.aewpatrimoine.com/site/SiteRegister.apexp,5,401,flux_auth,"Cloudflare,HSTS,HTTP/3"
recertification.aewpatrimoine.com,https://recertification.aewpatrimoine.com/site/ForgotPassword.apexp,5,401,flux_auth,"Cloudflare,HSTS,HTTP/3"
sandbox.csebpce.com,https://sandbox.csebpce.com/,5,401,flux_auth,"Apache HTTP Server,Basic,HSTS"
secure-test.dalenys.com,https://secure-test.dalenys.com/hosted-fields/service/tokenize,5,200,flux_auth,"Cloudflare,Google Cloud,Google Cloud CDN,HSTS"
server10natixis.audace.fr,https://server10natixis.audace.fr/login,5,200,flux_auth,Apache HTTP Server
sgincendie.audace.fr,https://sgincendie.audace.fr/login,5,200,flux_auth,Apache HTTP Server
shop.payplug.com,https://shop.payplug.com/wp-json/wp/v2/pages/74980,5,200,id_non_derive_session(+5) | hors_cible_de_lancement:vega-is.com,"HSTS,Nginx,Plesk"
shop.payplug.com,https://shop.payplug.com/mon-compte,5,200,flux_auth,"Elementor:3.30.3,HSTS,Moment.js,MySQL,Nginx,PHP,Plesk,WooCommerce,WordPress,jQuery"
socram-banque.fr,https://socram-banque.fr/informations-reglementaires/emploi-des-ressources-collectees,5,200,flux_auth,"Apache HTTP Server,MySQL,PHP,Slick,WordPress,jQuery"
socram-banque.fr,https://socram-banque.fr/wp/wp-login.php?reauth=1&redirect_to=https%3A%2F%2Fsocram-banque.fr%2Fwp%2Fwp-admin%2F,5,200,flux_auth,"Apache HTTP Server,Clipboard.js,MySQL,PHP,Underscore.js:1.13.7,WordPress,jQuery"
socram-banque.fr,https://socram-banque.fr/wp/wp-login.php,5,200,flux_auth,"Apache HTTP Server,Clipboard.js,MySQL,PHP,Underscore.js:1.13.7,WordPress,jQuery"
socram-banque.fr,https://socram-banque.fr/clients/mfa,5,200,flux_auth,"Apache HTTP Server,MySQL,PHP,Slick,WordPress,jQuery"
socram-banque.fr,https://socram-banque.fr/informations-reglementaires/gestion-des-comptes-inactifs,5,200,flux_auth,"Apache HTTP Server,MySQL,PHP,Slick,WordPress,jQuery"
socram-banque.fr,https://socram-banque.fr/wp/wp-admin,5,200,flux_auth,"Apache HTTP Server,Clipboard.js,MySQL,PHP,Underscore.js:1.13.7,WordPress,jQuery"
socram-banque.fr,https://socram-banque.fr/wp/wp-login.php?action=lostpassword,5,200,flux_auth,"Apache HTTP Server,MySQL,PHP,WordPress"
status.payplug.com,https://status.payplug.com/incidents/2y5vgrkwc7mp,5,200,flux_auth,"Amazon CloudFront,Amazon Web Services,Atlassian Statuspage,Google Analytics,Google Tag Manager,HSTS,HTTP/3,jQuery"
suite.epalatine.fr,https://suite.epalatine.fr/Account/AideLogin?type=ACCESSIBILITE,5,200,flux_auth,"HSTS,Tealium,jQuery"
suite.epalatine.fr,https://suite.epalatine.fr/Account/AideLogin?type=CONNEXION,5,200,flux_auth,"HSTS,Tealium,jQuery"
suite.epalatine.fr,https://suite.epalatine.fr/Account/AideLogin?type=NAVIGATEURS,5,200,flux_auth,"HSTS,Tealium,jQuery"
suite.epalatine.fr,https://suite.epalatine.fr/Account/Login?ReturnUrl=%2F,5,200,flux_auth,"HSTS,Tealium,jQuery,reCAPTCHA"
suite.epalatine.fr,https://suite.epalatine.fr/Script/login?v=-oRDyuRpgOTtYIAn5tIfDUkZquC7iVkwYXPQmQKfaiw1,5,200,flux_auth,HSTS
suite.epalatine.fr,https://suite.epalatine.fr/Content/login?v=01ahOjAEipaFABwSoljoT0vIgg_0o3CzrJlGF3IY3881,5,200,flux_auth,HSTS
suite.epalatine.fr,https://suite.epalatine.fr/Account/MiseAJourConnecteurChrome,5,200,flux_auth,"HSTS,Tealium,jQuery"
suite.epalatine.fr,https://suite.epalatine.fr/Account/UnauthorizedError?aspxerrorpath=%2FScript%2F%24%7BlienPubliciteProduit%7D,5,200,flux_auth,"HSTS,Tealium,jQuery,reCAPTCHA"
suite.palatine.fr,https://suite.palatine.fr/Account/AideLogin?type=NAVIGATEURS,5,200,flux_auth,"HSTS,Tealium,jQuery"
suite.palatine.fr,https://suite.palatine.fr/Account/AideLogin?type=CONNEXION,5,200,flux_auth,"HSTS,Tealium,jQuery"
suite.palatine.fr,https://suite.palatine.fr/Account/MiseAJourConnecteurChrome,5,200,flux_auth,"HSTS,Tealium,jQuery"
suite.palatine.fr,https://suite.palatine.fr/Account/Login?ReturnUrl=%2FAccount%2FUnauthorizedError%3Faspxerrorpath%3D%2FScript%2F%24%7BlienPubliciteProduit%7D&aspxerrorpath=%2FScript%2F%24%7BlienPubliciteProduit%7D,5,200,flux_auth,"HSTS,Tealium,jQuery,reCAPTCHA"
suite.palatine.fr,https://suite.palatine.fr/Account/AideLogin?type=ACCESSIBILITE,5,200,flux_auth,"HSTS,Tealium,jQuery"
suite.palatine.fr,https://suite.palatine.fr/Script/login?v=-oRDyuRpgOTtYIAn5tIfDUkZquC7iVkwYXPQmQKfaiw1,5,200,flux_auth,HSTS
suite.palatine.fr,https://suite.palatine.fr/Content/login?v=01ahOjAEipaFABwSoljoT0vIgg_0o3CzrJlGF3IY3881,5,200,flux_auth,HSTS
suite.palatine.fr,https://suite.palatine.fr/Account/UnauthorizedError?aspxerrorpath=%2FScript%2F%24%7BlienPubliciteProduit%7D,5,200,flux_auth,"HSTS,Tealium,jQuery,reCAPTCHA"
support.audace.fr,https://support.audace.fr/,5,200,flux_auth,Apache HTTP Server
support.payplug.com,https://support.payplug.com/access/unauthenticated,5,429,flux_auth,"Cloudflare,Cloudflare Bot Management"
support.payplug.com,https://support.payplug.com/access/unauthenticated?return_to=https%3A%2F%2Fsupport.payplug.com%2Ftags,5,429,flux_auth,"Cloudflare,Cloudflare Bot Management"
support.payplug.com,https://support.payplug.com/hc/fr/articles/26972279213212-Pourquoi-le-paiement-de-mon-client-a-t-il-été-refusé-Codes-Execode,5,200,mouvement_argent,"Cloudflare,Cloudflare Bot Management,Envoy,Google Tag Manager,HSTS,Zendesk,jQuery,jQuery CDN"
support.payplug.com,https://support.payplug.com/hc/change_language/en-gb?return_to=%2Fhc%2F%2A%2Fsignin,5,429,flux_auth,"Cloudflare,Cloudflare Bot Management"
support.payplug.com,https://support.payplug.com/hc/fr/categories/360001280952-Banques-et-virements,5,200,mouvement_argent,"Cloudflare,Cloudflare Bot Management,Envoy,Google Tag Manager,HSTS,Zendesk,jQuery,jQuery CDN"
support.payplug.com,https://support.payplug.com/hc/fr/categories/360001280932-Transactions,5,200,mouvement_argent,"Cloudflare,Cloudflare Bot Management,Envoy,Google Tag Manager,HSTS,Zendesk,jQuery,jQuery CDN"
support.payplug.com,https://support.payplug.com/registration,5,429,flux_auth,"Cloudflare,Cloudflare Bot Management"
support.payplug.com,https://support.payplug.com/hc/fr/articles/17689728357788-Calendrier-des-virements-jours-fériés-et-fermetures-interbancaires-2026,5,200,mouvement_argent,"Cloudflare,Cloudflare Bot Management,Envoy,Google Tag Manager,HSTS,Zendesk,jQuery,jQuery CDN"
support.payplug.com,https://support.payplug.com/auth,5,429,flux_auth,"Cloudflare,Cloudflare Bot Management"
support.payplug.com,https://support.payplug.com/access/sso_bypass,5,429,flux_auth,"Cloudflare,Cloudflare Bot Management"
support.payplug.com,https://support.payplug.com/access/unauthenticated?return_to=https%3A%2F%2Fsupport.payplug.com%2Freports,5,429,flux_auth,"Cloudflare,Cloudflare Bot Management"
support.payplug.com,https://support.payplug.com/hc/signin?return_to=https%3A%2F%2Fsupport.payplug.com%2Fhc%2F%2A%2Fsignin,5,200,flux_auth,"Cloudflare,Cloudflare Bot Management,Envoy,HSTS,Next.js,Node.js,React,Webpack,Zendesk"
support.payplug.com,https://support.payplug.com/hc/signin?return_to=https%3A%2F%2Fsupport.payplug.com%2Fhc%2Fcommunities%2Fpublic%2Fquestions%24,5,200,flux_auth,"Cloudflare,Cloudflare Bot Management,Envoy,HSTS,Next.js,Node.js,React,Webpack,Zendesk"
support.payplug.com,https://support.payplug.com/hc/signin?return_to=https%3A%2F%2Fsupport.payplug.com%2Fhc%2F%2A%2Frequests,5,200,flux_auth,"Cloudflare,Cloudflare Bot Management,Envoy,HSTS,Next.js,Node.js,React,Webpack,Zendesk"
support.payplug.com,https://support.payplug.com/hc/fr/categories/360001277191-Inscription,5,200,flux_auth,"Cloudflare,Cloudflare Bot Management,Envoy,Google Tag Manager,HSTS,Zendesk,jQuery,jQuery CDN"
support.payplug.com,https://support.payplug.com/hc/fr/categories/360001280972-Questions-sur-un-paiement,5,200,mouvement_argent,"Cloudflare,Cloudflare Bot Management,Envoy,Google Tag Manager,HSTS,Zendesk,jQuery,jQuery CDN"
support.payplug.com,https://support.payplug.com/auth/v3/signin?return_to=https%3A%2F%2Fsupport.payplug.com%2Fusers&role=end_user,5,429,flux_auth,"Cloudflare,Cloudflare Bot Management"
support.payplug.com,https://support.payplug.com/auth/v3/signin?return_to=https%3A%2F%2Fsupport.payplug.com%2Ftags&role=end_user,5,429,flux_auth,"Cloudflare,Cloudflare Bot Management"
support.payplug.com,https://support.payplug.com/hc/*/signin,5,429,flux_auth,"Cloudflare,Cloudflare Bot Management"
support.payplug.com,https://support.payplug.com/hc/fr/articles/360032866811-Le-paiement-fractionné-non-garanti-chez-Payplug,5,200,mouvement_argent,"Cloudflare,Cloudflare Bot Management,Envoy,Google Tag Manager,HSTS,Zendesk,jQuery,jQuery CDN"
support.payplug.com,https://support.payplug.com/hc/requests,5,200,flux_auth,"Cloudflare,Cloudflare Bot Management,Envoy,HSTS,Next.js,Node.js,React,Webpack,Zendesk"
support.payplug.com,https://support.payplug.com/hc/fr/signin?return_to=https%3A%2F%2Fsupport.payplug.com%2Fhc%2Ffr,5,200,flux_auth,"Cloudflare,Cloudflare Bot Management,Envoy,HSTS,Next.js,Node.js,React,Webpack,Zendesk"
support.payplug.com,https://support.payplug.com/hc/fr/requests,5,200,flux_auth,"Cloudflare,Cloudflare Bot Management,Envoy,HSTS,Next.js,Node.js,React,Webpack,Zendesk"
support.payplug.com,https://support.payplug.com/access/unauthenticated?return_to=https%3A%2F%2Fsupport.payplug.com%2Frules,5,429,flux_auth,"Cloudflare,Cloudflare Bot Management"
support.payplug.com,https://support.payplug.com/hc/fr/articles/360021100012-Quel-est-le-délai-d-activation-d-un-compte,5,200,flux_auth,"Cloudflare,Cloudflare Bot Management,Envoy,Google Tag Manager,HSTS,Zendesk,jQuery,jQuery CDN"
support.payplug.com,https://support.payplug.com/access/unauthenticated?return_to=https%3A%2F%2Fsupport.payplug.com%2Fsuspended_tickets,5,429,flux_auth,"Cloudflare,Cloudflare Bot Management"
support.payplug.com,https://support.payplug.com/access/unauthenticated?return_to=https%3A%2F%2Fsupport.payplug.com%2Fusers,5,429,flux_auth,"Cloudflare,Cloudflare Bot Management"
support.payplug.com,https://support.payplug.com/hc/fr/articles/360021080392-Pourquoi-PayPlug-me-demande-de-mettre-à-jour-mes-informations-de-compte,5,200,flux_auth,"Cloudflare,Cloudflare Bot Management,Envoy,Google Tag Manager,HSTS,Zendesk,jQuery,jQuery CDN"
support.payplug.com,https://support.payplug.com/hc/fr/articles/27720543364508-Que-faire-lorsqu-un-paiement-échoue-avec-le-motif-suspicion-de-fraude,5,200,mouvement_argent,"Cloudflare,Cloudflare Bot Management,Envoy,Google Tag Manager,HSTS,Zendesk,jQuery,jQuery CDN"
support.payplug.com,https://support.payplug.com/hc/fr/articles/360021325211-Quels-sont-les-délais-pour-recevoir-un-virement,5,200,mouvement_argent,"Cloudflare,Cloudflare Bot Management,Envoy,Google Tag Manager,HSTS,Zendesk,jQuery,jQuery CDN"
support.payplug.com,https://support.payplug.com/hc/signin?return_to=https%3A%2F%2Fsupport.payplug.com%2Fhc%2Fcommunities%2Fpublic%2Ftopics%2F%2A%3F%252Afilter%3D,5,429,flux_auth,"Cloudflare,Cloudflare Bot Management"
support.payplug.com,https://support.payplug.com/hc/fr/articles/360022086272-Mes-clients-doivent-ils-avoir-un-compte-PayPlug-pour-me-payer,5,200,flux_auth,"Cloudflare,Cloudflare Bot Management,Envoy,Google Tag Manager,HSTS,Zendesk,jQuery,jQuery CDN"
support.payplug.com,https://support.payplug.com/hc/fr/articles/360022149031-Quel-type-de-carte-de-paiement-est-accepté-avec-PayPlug,5,200,mouvement_argent,"Cloudflare,Cloudflare Bot Management,Envoy,Google Tag Manager,HSTS,Zendesk,jQuery,jQuery CDN"
support.payplug.com,https://support.payplug.com/hc/signin?return_to=https%3A%2F%2Fsupport.payplug.com%2Fhc%2Fcommunities%2Fpublic%2Fquestions%3F%252Afilter%3D,5,429,flux_auth,"Cloudflare,Cloudflare Bot Management"
support.payplug.com,https://support.payplug.com/hc/signin?return_to=https%3A%2F%2Fsupport.payplug.com%2Fhc%2Fcommunities%2Fpublic%2Fquestions%2Funanswered,5,429,flux_auth,"Cloudflare,Cloudflare Bot Management"
support.payplug.com,https://support.payplug.com/access/unauthenticated?return_to=https%3A%2F%2Fsupport.payplug.com%2Ftickets,5,429,flux_auth,"Cloudflare,Cloudflare Bot Management"
support.payplug.com,https://support.payplug.com/auth/v3/signin?role=end_user,5,200,flux_auth,"Cloudflare,Cloudflare Bot Management,Envoy,HSTS,Next.js,Node.js,React,Webpack,Zendesk"
support.payplug.com,https://support.payplug.com/hc/fr/articles/27720936231964-Pourquoi-je-reçois-une-erreur-de-notification-alors-que-le-paiement-fonctionne,5,200,mouvement_argent,"Cloudflare,Cloudflare Bot Management,Envoy,Google Tag Manager,HSTS,Zendesk,jQuery,jQuery CDN"
support.payplug.com,https://support.payplug.com/auth/v3/signin?return_to=https%3A%2F%2Fsupport.payplug.com%2Freports&role=agent,5,200,flux_auth,"Cloudflare,Cloudflare Bot Management,Envoy,HSTS,Next.js,Node.js,React,Webpack,Zendesk"
support.payplug.com,https://support.payplug.com/hc/fr/articles/27720361705500-Pourquoi-le-paiement-3D-Secure-échoue,5,200,mouvement_argent,"Cloudflare,Cloudflare Bot Management,Envoy,Google Tag Manager,HSTS,Zendesk,jQuery,jQuery CDN"
support.payplug.com,https://support.payplug.com/hc/fr/articles/360011971719-Le-paiement-en-plusieurs-fois-garanti-avec-Oney,5,200,mouvement_argent,"Cloudflare,Cloudflare Bot Management,Envoy,Google Tag Manager,HSTS,Zendesk,jQuery,jQuery CDN"
support.payplug.com,https://support.payplug.com/console,5,429,surface_exposee(+5),"Cloudflare,Cloudflare Bot Management"
support.payplug.com,https://support.payplug.com/auth/v3/signin?return_to=https%3A%2F%2Fsupport.payplug.com%2Frules&role=end_user,5,429,flux_auth,"Cloudflare,Cloudflare Bot Management"
support.payplug.com,https://support.payplug.com/auth/v3/signin?return_to=https%3A%2F%2Fsupport.payplug.com%2Ftickets&role=agent,5,429,flux_auth,"Cloudflare,Cloudflare Bot Management"
support.payplug.com,https://support.payplug.com/auth/v3/signin?return_to=https%3A%2F%2Fsupport.payplug.com%2Fsuspended_tickets&role=end_user,5,429,flux_auth,"Cloudflare,Cloudflare Bot Management"
support.payplug.com,https://support.payplug.com/hc/it/articles/360011971719,5,200,id_non_derive_session(+5) | hors_cible_de_lancement:vega-is.com,"Cloudflare,Cloudflare Bot Management,Envoy,HSTS,Next.js,Node.js,React,Webpack,Zendesk"
support.payplug.com,https://support.payplug.com/hc/signin?return_to=https%3A%2F%2Fsupport.payplug.com%2Fhc%2Fchange_language,5,200,flux_auth,"Cloudflare,Cloudflare Bot Management,Envoy,HSTS,Next.js,Node.js,React,Webpack,Zendesk"
support.payplug.com,https://support.payplug.com/hc/signin?return_to=https%3A%2F%2Fsupport.payplug.com%2Fhc%2F%2A%2Fsearch,5,200,flux_auth,"Cloudflare,Cloudflare Bot Management,Envoy,HSTS,Next.js,Node.js,React,Webpack,Zendesk"
support.payplug.com,https://support.payplug.com/hc/signin?return_to=https%3A%2F%2Fsupport.payplug.com%2Fhc%2F404,5,200,flux_auth,"Cloudflare,Cloudflare Bot Management,Envoy,HSTS,Next.js,Node.js,React,Webpack,Zendesk"
track.payplug.com,https://track.payplug.com/login?referrer=%2F,5,200,flux_auth,"Envoy,HSTS,Nginx,jQuery"
transfert.socrambanque.fr,https://transfert.socrambanque.fr/javax.faces.resource/passwordYIBHPR/password.js.xhtml?ln=gfaces,5,200,flux_auth,"HSTS,Java"
transfert.socrambanque.fr,https://transfert.socrambanque.fr/javax.faces.resource/js/sessionTimeoutWarning.js.xhtml?ln=commonGLDBRM,5,200,flux_auth,"HSTS,Java"
transfert.socrambanque.fr,https://transfert.socrambanque.fr/webclient/Dashboard.xhtml,5,200,flux_auth,"Font Awesome,HSTS,Java,jQuery"
transfert.socrambanque.fr,https://transfert.socrambanque.fr/,5,200,flux_auth,"Font Awesome,HSTS,Java,jQuery"
transfert.socrambanque.fr,https://transfert.socrambanque.fr/webclient/Login.xhtml,5,200,flux_auth,"Font Awesome,HSTS,Java,jQuery"
uat2-connect.bred.vu,https://uat2-connect.bred.vu/connect,5,200,flux_auth,"Cloudflare,HSTS,HTTP/3"
uat2-connect.bred.vu,https://uat2-connect.bred.vu/connect/x,5,200,flux_auth,"Cloudflare,HSTS,HTTP/3"
uat.aew.com,https://uat.aew.com/,5,401,flux_auth,"Apache HTTP Server,Basic"
uat-connect.bred.vu,https://uat-connect.bred.vu/connect/x,5,200,flux_auth,"Cloudflare,HSTS,HTTP/3"
uat-connect.bred.vu,https://uat-connect.bred.vu/connect,5,200,flux_auth,"Cloudflare,HSTS,HTTP/3"
vpn.net.bred.vu,https://vpn.net.bred.vu/global-protect/login.esp,5,200,flux_auth,HSTS
www.aewpatrimoine.com,https://www.aewpatrimoine.com/user/password,5,200,flux_auth,"Bootstrap:3.3.7,Cloudflare,Drupal:10,HSTS,Highcharts,PHP,Slick,Underscore.js,cdnjs,jQuery"
www.aewpatrimoine.com,https://www.aewpatrimoine.com/user/logout,5,200,flux_auth,"Bootstrap:3.3.7,Cloudflare,Drupal:10,HSTS,Highcharts,PHP,Slick,Underscore.js,cdnjs,jQuery"
www.aewpatrimoine.com,https://www.aewpatrimoine.com/user/login,5,200,flux_auth,"Bootstrap:3.3.7,Cloudflare,Drupal:10,HSTS,Highcharts,PHP,Slick,Underscore.js,cdnjs,jQuery"
www.aewpatrimoine.com,https://www.aewpatrimoine.com/index.php/user/login,5,200,flux_auth,"Bootstrap:3.3.7,Cloudflare,Drupal:10,HSTS,Highcharts,PHP,Slick,Underscore.js,cdnjs,jQuery"
www.aewpatrimoine.com,https://www.aewpatrimoine.com/index.php/user/password,5,200,flux_auth,"Bootstrap:3.3.7,Cloudflare,Drupal:10,HSTS,Highcharts,PHP,Slick,Underscore.js,cdnjs,jQuery"
www.aew-ppr.aewpatrimoine.com,https://www.aew-ppr.aewpatrimoine.com/index.php/user/password,5,200,flux_auth,"Bootstrap:3.3.7,Cloudflare,Drupal:10,HSTS,Highcharts,PHP,Slick,Underscore.js,cdnjs,jQuery"
www.aew-ppr.aewpatrimoine.com,https://www.aew-ppr.aewpatrimoine.com/index.php/user/logout,5,200,flux_auth,"Bootstrap:3.3.7,Cloudflare,Drupal:10,HSTS,Highcharts,PHP,Slick,Underscore.js,cdnjs,jQuery"
www.aew-ppr.aewpatrimoine.com,https://www.aew-ppr.aewpatrimoine.com/user/login,5,200,flux_auth,"Bootstrap:3.3.7,Cloudflare,Drupal:10,HSTS,Highcharts,PHP,Slick,Underscore.js,cdnjs,jQuery"
www.aew-ppr.aewpatrimoine.com,https://www.aew-ppr.aewpatrimoine.com/user/logout,5,200,flux_auth,"Bootstrap:3.3.7,Cloudflare,Drupal:10,HSTS,Highcharts,PHP,Slick,Underscore.js,cdnjs,jQuery"
www.aew-ppr.aewpatrimoine.com,https://www.aew-ppr.aewpatrimoine.com/user/password,5,200,flux_auth,"Bootstrap:3.3.7,Cloudflare,Drupal:10,HSTS,Highcharts,PHP,Slick,Underscore.js,cdnjs,jQuery"
www.aew-ppr.aewpatrimoine.com,https://www.aew-ppr.aewpatrimoine.com/index.php/user/login,5,200,flux_auth,"Bootstrap:3.3.7,Cloudflare,Drupal:10,HSTS,Highcharts,PHP,Slick,Underscore.js,cdnjs,jQuery"
www.assurbiens2.banquebcp.fr,https://www.assurbiens2.banquebcp.fr/,5,200,flux_auth,"HSTS,Java"
www.assurbiens2.banquebcp.fr,https://www.assurbiens2.banquebcp.fr/prweb/app/default,5,200,flux_auth,"HSTS,Java"
www.assurbiens2.banquebcp.fr,https://www.assurbiens2.banquebcp.fr/prweb,5,200,flux_auth,"HSTS,Java"
www.assurbiens.banquebcp.fr,https://www.assurbiens.banquebcp.fr/prweb,5,200,flux_auth,"HSTS,Java"
www.assurbiens.banquebcp.fr,https://www.assurbiens.banquebcp.fr/,5,200,flux_auth,"HSTS,Java"
www.assurbiens.banquebcp.fr,https://www.assurbiens.banquebcp.fr/prweb/app/default,5,200,flux_auth,"HSTS,Java"
www.banking-gefa-bank.de,https://www.banking-gefa-bank.de/services_auth/auth-frontend?client_id=fkp&redirect_uri=https%3A%2F%2Fwww.banking-gefa-bank.de%2Fservices_cloud%2Fportal%2Fportal-oauth%2Flogin&v=3a431abbf4962ac63242f53947bea083,5,200,flux_auth,"Dynatrace,Dynatrace RUM,HSTS"
www.banking-gefa-bank.de,https://www.banking-gefa-bank.de/services_auth/auth-frontend,5,200,flux_auth,"Dynatrace,Dynatrace RUM,HSTS"
www.banqueduleman.ch,https://www.banqueduleman.ch/de/grenzgaenger/kunde-werden,5,200,flux_auth,"Elementor:4.1.4,Google Tag Manager,HSTS,HTTP/3,MySQL,PHP,Sucuri,Swiper,WP Rocket,WordPress,Yoast SEO:28.0,jQuery"
www.banqueduleman.ch,https://www.banqueduleman.ch/de/association-hotellerie-romande,5,200,flux_auth,"Elementor:4.1.4,Google Tag Manager,HSTS,HTTP/3,MySQL,PHP,Sucuri,Swiper,WP Rocket,WordPress,Yoast SEO:28.0,jQuery"
www.banqueduleman.ch,https://www.banqueduleman.ch/cera-bdl,5,200,flux_auth,"Elementor:4.1.4,Google Tag Manager,Gravity Forms:2.10.5,HSTS,HTTP/3,MySQL,PHP,Sucuri,WP Rocket,WordPress,Yoast SEO:28.0,jQuery,reCAPTCHA"
www.banqueduleman.ch,https://www.banqueduleman.ch/de/la-banque-du-leman/mobile-app-e-banking/connexion-e-banking,5,200,flux_auth,"Elementor:4.1.4,Google Tag Manager,HSTS,HTTP/3,MySQL,PHP,Sucuri,Swiper,WP Rocket,WordPress,Yoast SEO:28.0,jQuery"
www.banqueduleman.ch,https://www.banqueduleman.ch/particulier/gerer-son-quotidien/epargne-jeunes,5,200,flux_auth,"Elementor:4.1.4,Google Tag Manager,HSTS,HTTP/3,MySQL,PHP,Sucuri,Swiper,WP Rocket,WordPress,Yoast SEO:28.0,jQuery"
www.banqueduleman.ch,https://www.banqueduleman.ch/particulier/gerer-son-quotidien/compte-joint-duo,5,200,flux_auth,"Elementor:4.1.4,Google Tag Manager,HSTS,HTTP/3,MySQL,PHP,Sucuri,Swiper,WP Rocket,WordPress,Yoast SEO:28.0,jQuery"
www.banqueduleman.ch,https://www.banqueduleman.ch/la-banque-du-leman/application-e-banking/connexion-e-banking,5,200,flux_auth,"Elementor:4.1.4,Google Tag Manager,HSTS,HTTP/3,MySQL,PHP,Sucuri,WP Rocket,WordPress,Yoast SEO:28.0,jQuery"
www.banqueduleman.ch,https://www.banqueduleman.ch/particulier/gerer-son-quotidien/compte-jeunes,5,200,flux_auth,"Elementor:4.1.4,Google Tag Manager,HSTS,HTTP/3,MySQL,PHP,Sucuri,Swiper,WP Rocket,WordPress,Yoast SEO:28.0,jQuery"
www.banqueduleman.ch,https://www.banqueduleman.ch/paiements-en-ligne-securises,5,200,mouvement_argent,"Elementor:4.1.4,Google Tag Manager,HSTS,HTTP/3,MySQL,PHP,Sucuri,Swiper,WP Rocket,WordPress,Yoast SEO:28.0,jQuery"
www.banqueduleman.ch,https://www.banqueduleman.ch/la-banque-du-leman,5,200,flux_auth,"Elementor:4.1.4,Google Tag Manager,HSTS,HTTP/3,MySQL,PHP,Sucuri,Swiper,WP Rocket,WordPress,Yoast SEO:28.0,jQuery"
www.banqueduleman.ch,https://www.banqueduleman.ch/frontalier/gerer-son-quotidien/prive-duo,5,200,flux_auth,"Elementor:4.1.4,Google Tag Manager,HSTS,HTTP/3,MySQL,PHP,Sucuri,Swiper,WP Rocket,WordPress,Yoast SEO:28.0,jQuery"
www.banqueduleman.ch,https://www.banqueduleman.ch/frontalier/gerer-son-quotidien/pack-frontalier,5,200,flux_auth,"Elementor:4.1.4,Google Tag Manager,HSTS,HTTP/3,MySQL,PHP,Sucuri,Swiper,WP Rocket,WordPress,Yoast SEO:28.0,jQuery"
www.banqueduleman.ch,https://www.banqueduleman.ch/frontalier/devenir-client,5,200,flux_auth,"Elementor:4.1.4,Google Tag Manager,HSTS,HTTP/3,MySQL,PHP,Sucuri,Swiper,WP Rocket,WordPress,Yoast SEO:28.0,jQuery"
www.banqueduleman.ch,https://www.banqueduleman.ch/de/privatkunde/anlagen-und-sparen/compte-epargne,5,200,flux_auth,"Elementor:4.1.4,Google Tag Manager,HSTS,HTTP/3,MySQL,PHP,Sucuri,Swiper,WP Rocket,WordPress,Yoast SEO:28.0,jQuery"
www.banqueduleman.ch,https://www.banqueduleman.ch/de/kontaktaufnahme-anfordern,5,200,mouvement_argent,"Elementor:4.1.4,Google Tag Manager,Gravity Forms:2.10.5,HSTS,HTTP/3,MySQL,PHP,Sucuri,Swiper,WP Rocket,WordPress,Yoast SEO:28.0,jQuery"
www.banqueduleman.ch,https://www.banqueduleman.ch/de/la-banque-du-leman/mobile-app-e-banking/premiere-connexion,5,200,flux_auth,"Elementor:4.1.4,Google Tag Manager,HSTS,HTTP/3,MySQL,PHP,Sucuri,Swiper,WP Rocket,WordPress,Yoast SEO:28.0,jQuery"
www.banqueduleman.ch,https://www.banqueduleman.ch/content/connexion-espace-e-banking-2021,5,200,flux_auth,"Elementor:4.1.4,Google Tag Manager,HSTS,HTTP/3,MySQL,PHP,Sucuri,WP Rocket,WordPress,Yoast SEO:28.0,jQuery"
www.banque-edel.fr,https://www.banque-edel.fr/paiement-a-distance,5,200,mouvement_argent,"Bootstrap,Google Cloud,Google Cloud CDN,HSTS,HTTP/3,Laravel,October CMS,Popper,jQuery"
www.banque-edel.fr,https://www.banque-edel.fr/ressources-humaines,5,200,flux_auth,"Bootstrap,Google Cloud,Google Cloud CDN,HSTS,HTTP/3,Laravel,October CMS,Popper,jQuery"
www.bcimr.dj,https://www.bcimr.dj/emplois/chargee-des-ressources-humaines,5,200,flux_auth,"Amazon CloudFront,Amazon Web Services,Cloudflare,Google Tag Manager,HSTS,HTTP/3,Node.js,Nuxt.js,Vue.js"
www.bcimr.dj,https://www.bcimr.dj/actualites/sponsoring-de-reseau-associatif-de-randa-rar,5,200,flux_auth,"Amazon CloudFront,Amazon Web Services,Cloudflare,Google Tag Manager,HSTS,HTTP/3,Node.js,Nuxt.js,Vue.js"
www.bcimr.dj,https://www.bcimr.dj/produits-et-services/bcimr-connect-corporate,5,200,flux_auth,"Amazon CloudFront,Amazon Web Services,Cloudflare,Google Tag Manager,HSTS,HTTP/3,Node.js,Nuxt.js,Vue.js"
www.bcimr.dj,https://www.bcimr.dj/actualites/securisation-des-paiements-et-des-transactions-commerciales-a-linternational,5,200,mouvement_argent,"Amazon CloudFront,Amazon Web Services,Cloudflare,Google Tag Manager,HSTS,HTTP/3,Node.js,Nuxt.js,Vue.js"
www.bcimr.dj,https://www.bcimr.dj/actualites/salon-artisanal-de-lassociation-des-femmes-de-tadjourah,5,200,flux_auth,"Amazon CloudFront,Amazon Web Services,Cloudflare,Google Tag Manager,HSTS,HTTP/3,Node.js,Nuxt.js,Vue.js"
www.bcimr.dj,https://www.bcimr.dj/produits-et-services/compte-super-epargne,5,200,flux_auth,"Amazon CloudFront,Amazon Web Services,Cloudflare,Google Tag Manager,HSTS,HTTP/3,Node.js,Nuxt.js,Vue.js"
www.bcimr.dj,https://www.bcimr.dj/produits-et-services/bcimr-connect,5,200,flux_auth,"Amazon CloudFront,Amazon Web Services,Cloudflare,Google Tag Manager,HSTS,HTTP/3,Node.js,Nuxt.js,Vue.js"
www.bci.nc,https://www.bci.nc/produits-services/particuliers/nos-offres/comptes-cartes-et-services/gerer-son-compte-et-son-budget?catid=13&id=10%3Abci-net&view=article,5,200,flux_auth,"Bootstrap,HSTS,Joomla,Nginx,PHP,jQuery"
www.bci.nc,https://www.bci.nc/produits-services/professions-liberales/vie-privee/nos-offres/comptes-cartes-et-services/gerer-son-compte-et-son-budget,5,200,flux_auth,"Bootstrap,HSTS,Joomla,Nginx,PHP,jQuery"
www.bci.nc,https://www.bci.nc/produits-services/particuliers/vos-projets/gerer-ses-comptes-et-son-budget/comptes-et-conventions,5,200,flux_auth,"Bootstrap,HSTS,Joomla,Nginx,PHP,jQuery"
www.bci.nc,https://www.bci.nc/produits-services/professions-liberales/vie-privee/nos-offres/comptes-cartes-et-services/gerer-son-compte-et-son-budget?catid=13&id=60%3Abcizen&view=article,5,200,flux_auth,"Bootstrap,HSTS,Joomla,Nginx,PHP,jQuery"
www.bci.nc,https://www.bci.nc/produits-services/professions-liberales/vie-privee/vos-projets/vos-enfants/comptes-et-conventions?catid=10&id=224%3Aconvention-banian&view=article,5,200,flux_auth,"Bootstrap,HSTS,Joomla,Nginx,PHP,jQuery"
www.bci.nc,https://www.bci.nc/produits-services/particuliers/vos-projets/epargner-placer-son-argent/epargne-au-quotidien?catid=13&id=77%3Acompte-libre-epargne&view=article,5,200,flux_auth,"Bootstrap,HSTS,Joomla,Nginx,PHP,jQuery"
www.bci.nc,https://www.bci.nc/la-bci/actualites/910-alerte-phishing-protegez-vos-comptes,5,200,flux_auth,"Bootstrap,HSTS,Joomla,Nginx,PHP,jQuery"
www.bci.nc,https://www.bci.nc/produits-services/particuliers/vos-projets/gerer-ses-comptes-et-son-budget/suivi-de-budget?catid=13&id=60%3Abcizen&view=article,5,200,flux_auth,"Bootstrap,HSTS,Joomla,Nginx,PHP,jQuery"
www.bci.nc,https://www.bci.nc/produits-services/particuliers/vos-projets/epargner-placer-son-argent/epargne-au-quotidien/compte-libre-epargne-cle-carre,5,200,flux_auth,"Bootstrap,HSTS,Joomla,Nginx,PHP,jQuery"
www.bci.nc,https://www.bci.nc/produits-services/particuliers/votre-situation/en-famille/gerer-ses-comptes?catid=10&id=67%3Areleves-electroniques&view=article,5,200,flux_auth,"Bootstrap,HSTS,Joomla,Nginx,PHP,jQuery"
www.bci.nc,https://www.bci.nc/produits-services/moins-de-26-ans/votre-situation/etudiants/gerer-ses-comptes,5,200,flux_auth,"Bootstrap,HSTS,Joomla,Nginx,PHP,jQuery"
www.bci.nc,https://www.bci.nc/produits-services/bci-pratique/faq/35-faq-cartes-moyens-paiement,5,200,mouvement_argent,"Bootstrap,HSTS,Joomla,Nginx,PHP,jQuery"
www.bci.nc,https://www.bci.nc/produits-services/particuliers/votre-situation/en-famille/gerer-ses-comptes?catid=13&id=72%3Aconvention-banian-securite-plus&view=article,5,200,flux_auth,"Bootstrap,HSTS,Joomla,Nginx,PHP,jQuery"
www.bci.nc,https://www.bci.nc/produits-services/particuliers/nos-offres/comptes-cartes-et-services/ouvrir-un-compte,5,200,flux_auth,"Bootstrap,HSTS,Joomla,Nginx,PHP,jQuery"
www.bci.nc,https://www.bci.nc/produits-services/particuliers/nos-offres/comptes-cartes-et-services/gerer-son-compte-et-son-budget?catid=10&id=67%3Areleves-electroniques&view=article,5,200,flux_auth,"Bootstrap,HSTS,Joomla,Nginx,PHP,jQuery"
www.bci.nc,https://www.bci.nc/produits-services/particuliers/nos-offres/comptes-cartes-et-services/comptes-et-conventions/convention-ma-banque-16-25-car,5,200,flux_auth,"Bootstrap,HSTS,Joomla,Nginx,PHP,jQuery"
www.bci.nc,https://www.bci.nc/produits-services/particuliers/vos-projets/gerer-ses-comptes-et-son-budget/comptes-et-conventions/convention-banian-casden-carre,5,200,flux_auth,"Bootstrap,HSTS,Joomla,Nginx,PHP,jQuery"
www.bci.nc,https://www.bci.nc/produits-services/particuliers/nos-offres/comptes-cartes-et-services/comptes-et-conventions,5,200,flux_auth,"Bootstrap,HSTS,Joomla,Nginx,PHP,jQuery"
www.bci.nc,https://www.bci.nc/produits-services/particuliers/vos-projets/epargner-placer-son-argent/epargne-au-quotidien?catid=14&id=61%3Acompte-passerelle&view=article,5,200,flux_auth,"Bootstrap,HSTS,Joomla,Nginx,PHP,jQuery"
www.bci.nc,https://www.bci.nc/produits-services/professionnels/vie-privee/nos-offres/comptes-cartes-et-services/gerer-son-compte-et-son-budget?catid=13&id=10%3Abci-net&view=article,5,200,flux_auth,"Bootstrap,HSTS,Joomla,Nginx,PHP,jQuery"
www.bci.nc,https://www.bci.nc/produits-services/particuliers/vos-projets/gerer-ses-comptes-et-son-budget/suivi-de-budget?format=feed&type=rss,5,200,flux_auth,"HSTS,Nginx"
www.bci.nc,https://www.bci.nc/produits-services/particuliers/vos-projets/gerer-ses-comptes-et-son-budget/suivi-de-budget?format=feed&type=atom,5,200,flux_auth,"HSTS,Nginx"
www.bci.nc,https://www.bci.nc/produits-services/particuliers/vos-projets/gerer-ses-comptes-et-son-budget/comptes-et-conventions?format=feed&type=rss,5,200,flux_auth,"HSTS,Nginx"
www.bci.nc,https://www.bci.nc/produits-services/particuliers/vos-projets/gerer-ses-comptes-et-son-budget/comptes-et-conventions?format=feed&type=atom,5,200,flux_auth,"HSTS,Nginx"
www.bci.nc,https://www.bci.nc/produits-services/professionnels/vie-privee/nos-offres/comptes-cartes-et-services/gerer-son-compte-et-son-budget?catid=13&id=59%3Abcivox&view=article,5,200,flux_auth,"Bootstrap,HSTS,Joomla,Nginx,PHP,jQuery"
www.bci.nc,https://www.bci.nc/produits-services/particuliers/votre-situation/etudiants-jeunes-actifs/gerer-ses-comptes?catid=13&id=10%3Abci-net&view=article,5,200,flux_auth,"Bootstrap,HSTS,Joomla,Nginx,PHP,jQuery"
www.bci.nc,https://www.bci.nc/produits-services/particuliers/nos-offres/epargne/epargne-au-quotidien?catid=14&id=61%3Acompte-passerelle&view=article,5,200,flux_auth,"Bootstrap,HSTS,Joomla,Nginx,PHP,jQuery"
www.bci.nc,https://www.bci.nc/produits-services/bci-pratique/faq/35-faq-cartes-moyens-paiement/68-carte-jade-securite,5,200,mouvement_argent,"Bootstrap,HSTS,Joomla,Nginx,PHP,jQuery"
www.bci.nc,https://www.bci.nc/produits-services/particuliers/votre-situation/en-famille/proteger-ses-proches?catid=16&id=69%3Aassurance-compte&view=article,5,200,flux_auth,"Bootstrap,HSTS,Joomla,Nginx,PHP,jQuery"
www.bci.nc,https://www.bci.nc/produits-services/associations/nos-offres?catid=14&id=85%3Adepot-a-terme-dat&view=article,5,200,flux_auth,"Bootstrap,HSTS,Joomla,Nginx,PHP,jQuery"
www.bci.nc,https://www.bci.nc/produits-services/bci-pratique/faq/35-faq-cartes-moyens-paiement?format=feed&type=rss,5,200,mouvement_argent,"HSTS,Nginx"
www.bci.nc,https://www.bci.nc/la-bci/actualites/928-securite-bancaire-les-bons-reflexes-pour-proteger-vos-comptes,5,200,flux_auth,"Bootstrap,HSTS,Joomla,Nginx,PHP,jQuery"
www.bci.nc,https://www.bci.nc/produits-services/particuliers/nos-offres/epargne/epargne-au-quotidien/compte-passerelle-carre,5,200,flux_auth,"Bootstrap,HSTS,Joomla,Nginx,PHP,jQuery"
www.bci.nc,https://www.bci.nc/produits-services/particuliers/nos-offres/epargne/epargne-au-quotidien/compte-libre-epargne-cle-carre,5,200,flux_auth,"Bootstrap,HSTS,Joomla,Nginx,PHP,jQuery"
www.bci.nc,https://www.bci.nc/produits-services/professionnels/vie-privee/nos-offres/comptes-cartes-et-services/gerer-son-compte-et-son-budget?catid=10&id=67%3Areleves-electroniques&view=article,5,200,flux_auth,"Bootstrap,HSTS,Joomla,Nginx,PHP,jQuery"
www.bci.nc,https://www.bci.nc/produits-services/particuliers/nos-offres/comptes-cartes-et-services/gerer-son-compte-et-son-budget?catid=13&id=60%3Abcizen&view=article,5,200,flux_auth,"Bootstrap,HSTS,Joomla,Nginx,PHP,jQuery"
www.bci.nc,https://www.bci.nc/produits-services/particuliers/nos-offres/comptes-cartes-et-services/comptes-et-conventions/convention-banian-securite-plus-carre,5,200,flux_auth,"Bootstrap,HSTS,Joomla,Nginx,PHP,jQuery"
www.bci.nc,https://www.bci.nc/produits-services/particuliers/nos-offres/comptes-cartes-et-services/gerer-son-compte-et-son-budget?catid=13&id=59%3Abcivox&view=article,5,200,flux_auth,"Bootstrap,HSTS,Joomla,Nginx,PHP,jQuery"
www.bci.nc,https://www.bci.nc/produits-services/particuliers/nos-offres/comptes-cartes-et-services/gerer-son-compte-et-son-budget/bcinet-carre,5,200,flux_auth,"Bootstrap,HSTS,Joomla,Nginx,PHP,jQuery"
www.bci.nc,https://www.bci.nc/produits-services/particuliers/nos-offres/comptes-cartes-et-services/comptes-et-conventions?catid=13&id=577%3Aconvention-ma-banque-16-25&view=article,5,200,flux_auth,"Bootstrap,HSTS,Joomla,Nginx,PHP,jQuery"
www.bci.nc,https://www.bci.nc/produits-services/particuliers/nos-offres/comptes-cartes-et-services/comptes-et-conventions?catid=21&id=80%3Aconvention-banian-casden&view=article,5,200,flux_auth,"Bootstrap,HSTS,Joomla,Nginx,PHP,jQuery"
www.bci.nc,https://www.bci.nc/produits-services/moins-de-26-ans/nos-offres/comptes-cartes-et-services/gerer-son-compte-et-son-budget/bcinet-carre,5,200,flux_auth,"Bootstrap,HSTS,Joomla,Nginx,PHP,jQuery"
www.bci.nc,https://www.bci.nc/produits-services/particuliers/nos-offres/assurances/biens?catid=16&id=69%3Aassurance-compte&view=article,5,200,flux_auth,"Bootstrap,HSTS,Joomla,Nginx,PHP,jQuery"
www.bci.nc,https://www.bci.nc/produits-services/particuliers/nos-offres/assurances/biens?catid=16&id=90%3Aserenity-protection-payment&view=article,5,200,mouvement_argent,"Bootstrap,HSTS,Joomla,Nginx,PHP,jQuery"
www.bci.nc,https://www.bci.nc/produits-services/particuliers/nos-offres/assurances/personnes/assurance-compte-carre,5,200,flux_auth,"Bootstrap,HSTS,Joomla,Nginx,PHP,jQuery"
www.bci.nc,https://www.bci.nc/produits-services/particuliers/nos-offres/comptes-cartes-et-services/gerer-son-compte-et-son-budget,5,200,flux_auth,"Bootstrap,HSTS,Joomla,Nginx,PHP,jQuery"
www.bci.nc,https://www.bci.nc/produits-services/professionnels/vie-privee/nos-offres/comptes-cartes-et-services/comptes-et-conventions?catid=21&id=80%3Aconvention-banian-casden&view=article,5,200,flux_auth,"Bootstrap,HSTS,Joomla,Nginx,PHP,jQuery"
www.bci.nc,https://www.bci.nc/la-bci/actualites/452-desactivation-de-certains-protocoles-de-securite-obsoletes,5,200,flux_auth,"Bootstrap,HSTS,Joomla,Nginx,PHP,jQuery"
www.bci.nc,https://www.bci.nc/produits-services/particuliers/nos-offres/comptes-cartes-et-services/comptes-et-conventions?catid=10&id=224%3Aconvention-banian&view=article,5,200,flux_auth,"Bootstrap,HSTS,Joomla,Nginx,PHP,jQuery"
www.bci.nc,https://www.bci.nc/produits-services/particuliers/nos-offres/comptes-cartes-et-services/comptes-et-conventions/convention-bciclic-carre,5,200,flux_auth,"Bootstrap,HSTS,Joomla,Nginx,PHP,jQuery"
www.bci.nc,https://www.bci.nc/produits-services/particuliers/nos-offres/assurances/personnes?catid=16&id=69%3Aassurance-compte&view=article,5,200,flux_auth,"Bootstrap,HSTS,Joomla,Nginx,PHP,jQuery"
www.bci.nc,https://www.bci.nc/produits-services/particuliers/nos-offres/comptes-cartes-et-services/gerer-son-compte-et-son-budget?format=feed&type=atom,5,200,flux_auth,"HSTS,Nginx"
www.bci.nc,https://www.bci.nc/produits-services/professions-liberales/vie-privee/vos-projets/vos-enfants/comptes-et-conventions?catid=13&id=58%3Aarobase&view=article,5,200,flux_auth,"Bootstrap,HSTS,Joomla,Nginx,PHP,jQuery"
www.bci.nc,https://www.bci.nc/produits-services/particuliers/nos-offres/comptes-cartes-et-services/gerer-son-compte-et-son-budget?format=feed&type=rss,5,200,flux_auth,"HSTS,Nginx"
www.bci.nc,https://www.bci.nc/produits-services/particuliers/nos-offres/comptes-cartes-et-services/comptes-et-conventions?format=feed&type=atom,5,200,flux_auth,"HSTS,Nginx"
www.bci.nc,https://www.bci.nc/produits-services/particuliers/nos-offres/comptes-cartes-et-services/comptes-et-conventions?format=feed&type=rss,5,200,flux_auth,"HSTS,Nginx"
www.bci.nc,https://www.bci.nc/produits-services/moins-de-26-ans/vos-projets/gerer-ses-comptes?catid=13&id=10%3Abci-net&view=article,5,200,flux_auth,"Bootstrap,HSTS,Joomla,Nginx,PHP,jQuery"
www.bci.nc,https://www.bci.nc/produits-services/moins-de-26-ans/nos-offres/comptes-cartes-et-services/gerer-son-compte-et-son-budget,5,200,flux_auth,"Bootstrap,HSTS,Joomla,Nginx,PHP,jQuery"
www.bci.nc,https://www.bci.nc/produits-services/moins-de-26-ans/nos-offres/comptes-cartes-et-services/comptes-et-conventions?catid=13&id=577%3Aconvention-ma-banque-16-25&view=article,5,200,flux_auth,"Bootstrap,HSTS,Joomla,Nginx,PHP,jQuery"
www.bci.nc,https://www.bci.nc/produits-services/entreprises?catid=19&id=89%3Aterminal-de-paiement-electronique-tpe&view=article,5,200,mouvement_argent,"Bootstrap,HSTS,Joomla,Nginx,PHP,jQuery"
www.bci.nc,https://www.bci.nc/produits-services/entreprises?catid=13&id=101%3Apaiement-en-2-3-4-fois&view=article,5,200,mouvement_argent,"Bootstrap,HSTS,Joomla,Nginx,PHP,jQuery"
www.bci.nc,https://www.bci.nc/produits-services/entreprises?catid=10&id=285%3Aescompte-d-effets-de-commerce-et-loi-dailly&view=article,5,200,flux_auth,"Bootstrap,HSTS,Joomla,Nginx,PHP,jQuery"
www.bci.nc,https://www.bci.nc/produits-services/professionnels/vie-privee/nos-offres/comptes-cartes-et-services/comptes-et-conventions?catid=10&id=81%3Aconvention-bci-clic&view=article,5,200,flux_auth,"Bootstrap,HSTS,Joomla,Nginx,PHP,jQuery"
www.bci.nc,https://www.bci.nc/produits-services/bci-pratique/faq/35-faq-cartes-moyens-paiement/43-faq-chequier,5,200,mouvement_argent,"Bootstrap,HSTS,Joomla,Nginx,PHP,jQuery"
www.bci.nc,https://www.bci.nc/produits-services/bci-pratique/faq/35-faq-cartes-moyens-paiement/42-cartes-internationales,5,200,mouvement_argent,"Bootstrap,HSTS,Joomla,Nginx,PHP,jQuery"
www.bci.nc,https://www.bci.nc/produits-services/bci-pratique/docutheque/1-guides-utilisateur?download=242%3Aaide-a-la-connexion,5,200,flux_auth,"HSTS,Nginx"
www.bci.nc,https://www.bci.nc/produits-services/associations/nos-offres?catid=13&id=79%3Aconvention-association&view=article,5,200,flux_auth,"Bootstrap,HSTS,Joomla,Nginx,PHP,jQuery"
www.bci.nc,https://www.bci.nc/produits-services/associations/nos-offres?catid=13&id=10%3Abci-net&view=article,5,200,flux_auth,"Bootstrap,HSTS,Joomla,Nginx,PHP,jQuery"
www.bci.nc,https://www.bci.nc/produits-services/associations/nos-offres?catid=13&id=58%3Aarobase&view=article,5,200,flux_auth,"Bootstrap,HSTS,Joomla,Nginx,PHP,jQuery"
www.bci.nc,https://www.bci.nc/produits-services/entreprises/flux-et-moyens-de-paiement/vos-encaissements,5,200,mouvement_argent,"Bootstrap,HSTS,Joomla,Nginx,PHP,jQuery"
www.bci.nc,https://www.bci.nc/produits-services/professionnels/vie-privee/vos-projets/epargner-placer-son-argent/epargne-au-quotidien?catid=13&id=77%3Acompte-libre-epargne&view=article,5,200,flux_auth,"Bootstrap,HSTS,Joomla,Nginx,PHP,jQuery"
www.bci.nc,https://www.bci.nc/produits-services/moins-de-26-ans/nos-offres/comptes-cartes-et-services/ouvrir-un-compte,5,200,flux_auth,"Bootstrap,HSTS,Joomla,Nginx,PHP,jQuery"
www.bci.nc,https://www.bci.nc/produits-services/professionnels/vie-privee/vos-projets/epargner-placer-son-argent/epargne-au-quotidien?catid=14&id=61%3Acompte-passerelle&view=article,5,200,flux_auth,"Bootstrap,HSTS,Joomla,Nginx,PHP,jQuery"
www.bci.nc,https://www.bci.nc/produits-services/associations/nos-offres?catid=10&id=285%3Aescompte-d-effets-de-commerce-et-loi-dailly&view=article,5,200,flux_auth,"Bootstrap,HSTS,Joomla,Nginx,PHP,jQuery"
www.bci.nc,https://www.bci.nc/produits-services/professions-liberales/vie-privee/nos-offres/comptes-cartes-et-services/comptes-et-conventions,5,200,flux_auth,"Bootstrap,HSTS,Joomla,Nginx,PHP,jQuery"
www.bci.nc,https://www.bci.nc/produits-services/professions-liberales/vie-privee/vos-projets/vos-enfants/comptes-et-conventions?catid=15&id=108%3Apret-immobilier-casden&view=article,5,200,flux_auth,"Bootstrap,HSTS,Joomla,Nginx,PHP,jQuery"
www.bci.nc,https://www.bci.nc/produits-services/professions-liberales/vie-privee/nos-offres/comptes-cartes-et-services/comptes-et-conventions?catid=21&id=80%3Aconvention-banian-casden&view=article,5,200,flux_auth,"Bootstrap,HSTS,Joomla,Nginx,PHP,jQuery"
www.bci.nc,https://www.bci.nc/produits-services/professions-liberales/vie-privee/vos-projets/vos-enfants/comptes-et-conventions?catid=13&id=107%3Acarte-mastercard&view=article,5,200,flux_auth,"Bootstrap,HSTS,Joomla,Nginx,PHP,jQuery"
www.bci.nc,https://www.bci.nc/produits-services/professions-liberales/vie-privee/vos-projets/vos-enfants/comptes-et-conventions?catid=15&id=100%3Apartenariat-bci-eec&view=article,5,200,flux_auth,"Bootstrap,HSTS,Joomla,Nginx,PHP,jQuery"
www.bci.nc,https://www.bci.nc/produits-services/professions-liberales/vie-privee/vos-projets/vos-enfants/comptes-et-conventions?catid=16&id=102%3Aassurance-mrh-privatis&view=article,5,200,flux_auth,"Bootstrap,HSTS,Joomla,Nginx,PHP,jQuery"
www.bci.nc,https://www.bci.nc/produits-services/professions-liberales/vie-privee/vos-projets/vos-enfants/comptes-et-conventions,5,200,flux_auth,"Bootstrap,HSTS,Joomla,Nginx,PHP,jQuery"
www.bci.nc,https://www.bci.nc/produits-services/professions-liberales/vie-privee/vos-projets/vos-enfants/comptes-et-conventions?catid=14&id=61%3Acompte-passerelle&view=article,5,200,flux_auth,"Bootstrap,HSTS,Joomla,Nginx,PHP,jQuery"
www.bci.nc,https://www.bci.nc/produits-services/associations/associations-la-bci-vous-accompagne,5,200,flux_auth,"Bootstrap,HSTS,Joomla,Nginx,PHP,jQuery"
www.bci.nc,https://www.bci.nc/produits-services/professions-liberales/vie-privee/vos-projets/vos-enfants/comptes-et-conventions?catid=10&id=229%3Aassurance-vie-bci-horizons&view=article,5,200,flux_auth,"Bootstrap,HSTS,Joomla,Nginx,PHP,jQuery"
www.bci.nc,https://www.bci.nc/produits-services/professions-liberales/vie-privee/vos-projets/vos-enfants/comptes-et-conventions?catid=15&id=190%3Apret-etudiant&view=article,5,200,flux_auth,"Bootstrap,HSTS,Joomla,Nginx,PHP,jQuery"
www.bci.nc,https://www.bci.nc/produits-services/associations/les-demarches,5,200,flux_auth,"Bootstrap,HSTS,Joomla,Nginx,PHP,jQuery"
www.bci.nc,https://www.bci.nc/produits-services/associations/nos-offres,5,200,flux_auth,"Bootstrap,HSTS,Joomla,Nginx,PHP,jQuery"
www.bci.nc,https://www.bci.nc/produits-services/associations,5,200,flux_auth,"Bootstrap,HSTS,Joomla,Nginx,PHP,jQuery"
www.bci.nc,https://www.bci.nc/produits-services/associations?format=feed&type=atom,5,200,flux_auth,"HSTS,Nginx"
www.bci.nc,https://www.bci.nc/produits-services/entreprises/flux-et-moyens-de-paiement/vos-paiements,5,200,mouvement_argent,"Bootstrap,HSTS,Joomla,Nginx,PHP,jQuery"
www.bci.nc,https://www.bci.nc/produits-services/associations?format=feed&type=rss,5,200,flux_auth,"HSTS,Nginx"
www.bci.nc,https://www.bci.nc/ouvrir-un-compte-a-distance?n=1,5,200,flux_auth,"Bootstrap,HSTS,Joomla,Nginx,PHP,jQuery"
www.bci.nc,https://www.bci.nc/produits-services/associations/nos-offres?format=feed&type=rss,5,200,flux_auth,"HSTS,Nginx"
www.bci.nc,https://www.bci.nc/ouvrir-un-compte-a-distance,5,200,flux_auth,"Bootstrap,HSTS,Joomla,Nginx,PHP,jQuery"
www.bci.nc,https://www.bci.nc/produits-services/professions-liberales/vie-privee/vos-projets/vos-enfants/comptes-et-conventions?catid=14&id=104%3Aduo-protection-epargne&view=article,5,200,flux_auth,"Bootstrap,HSTS,Joomla,Nginx,PHP,jQuery"
www.bci.nc,https://www.bci.nc/produits-services/associations/nos-offres?format=feed&type=atom,5,200,flux_auth,"HSTS,Nginx"
www.bci.nc,https://www.bci.nc/produits-services/professions-liberales/vie-privee/vos-projets/vos-enfants/comptes-et-conventions?catid=13&id=148%3Acarte-jade-securite&view=article,5,200,flux_auth,"Bootstrap,HSTS,Joomla,Nginx,PHP,jQuery"
www.bci.nc,https://www.bci.nc/produits-services/bci-pratique/faq/49-bcinet/67-faq-virements,5,200,mouvement_argent,"Bootstrap,HSTS,Joomla,Nginx,PHP,jQuery"
www.bci.nc,https://www.bci.nc/produits-services/particuliers/votre-situation/etudiants-jeunes-actifs/gerer-ses-comptes,5,200,flux_auth,"Bootstrap,HSTS,Joomla,Nginx,PHP,jQuery"
www.bci.nc,https://www.bci.nc/produits-services/banque-privee/notre-offre/assurances?catid=16&id=90%3Aserenity-protection-payment&view=article,5,200,mouvement_argent,"Bootstrap,HSTS,Joomla,Nginx,PHP,jQuery"
www.bci.nc,https://www.bci.nc/produits-services/professions-liberales/vie-privee/vos-projets/vos-enfants/comptes-et-conventions?catid=13&id=105%3Acarte-mastercard-gold&view=article,5,200,flux_auth,"Bootstrap,HSTS,Joomla,Nginx,PHP,jQuery"
www.bci.nc,https://www.bci.nc/produits-services/professions-liberales/vie-privee/vos-projets/vos-enfants/comptes-et-conventions?catid=13&id=10%3Abci-net&view=article,5,200,flux_auth,"Bootstrap,HSTS,Joomla,Nginx,PHP,jQuery"
www.bci.nc,https://www.bci.nc/produits-services/moins-de-26-ans/vos-projets/gerer-ses-comptes,5,200,flux_auth,"Bootstrap,HSTS,Joomla,Nginx,PHP,jQuery"
www.bci.nc,https://www.bci.nc/produits-services/bci-pratique/faq/35-faq-cartes-moyens-paiement?format=feed&type=atom,5,200,mouvement_argent,"HSTS,Nginx"
www.bci.nc,https://www.bci.nc/bcinet/virement.html,5,200,mouvement_argent,"HSTS,Nginx"
www.bci.nc,https://www.bci.nc/?catid=16&id=69%3Aassurance-compte&view=article,5,200,flux_auth,"Bootstrap,HSTS,Joomla,Nginx,PHP,jQuery"
www.bci.nc,https://www.bci.nc/produits-services/professions-liberales/vie-privee/vos-projets/vos-enfants/comptes-et-conventions?format=feed&type=atom,5,200,flux_auth,"HSTS,Nginx"
www.bci.nc,https://www.bci.nc/produits-services/professions-liberales/vie-privee/vos-projets/vos-enfants/comptes-et-conventions?format=feed&type=rss,5,200,flux_auth,"HSTS,Nginx"
www.bci.nc,https://www.bci.nc/produits-services/professions-liberales/vie-privee/vos-projets/epargner-placer-son-argent/epargne-au-quotidien?catid=13&id=77%3Acompte-libre-epargne&view=article,5,200,flux_auth,"Bootstrap,HSTS,Joomla,Nginx,PHP,jQuery"
www.bci.nc,https://www.bci.nc/produits-services/professions-liberales/vie-privee/vos-projets/vos-enfants/comptes-et-conventions?catid=15&id=94%3Apret-permis-de-conduire&view=article,5,200,flux_auth,"Bootstrap,HSTS,Joomla,Nginx,PHP,jQuery"
www.bci.nc,https://www.bci.nc/produits-services/professions-liberales/vie-privee/vos-projets/vos-enfants/comptes-et-conventions?catid=16&id=69%3Aassurance-compte&view=article,5,200,flux_auth,"Bootstrap,HSTS,Joomla,Nginx,PHP,jQuery"
www.bci.nc,https://www.bci.nc/produits-services/professions-liberales/vie-privee/vos-projets/vos-enfants/comptes-et-conventions?catid=15&id=91%3Apret-a-taux-zero-ptz&view=article,5,200,flux_auth,"Bootstrap,HSTS,Joomla,Nginx,PHP,jQuery"
www.bci.nc,https://www.bci.nc/produits-services/professions-liberales/vie-privee/vos-projets/vos-enfants/comptes-et-conventions?catid=13&id=72%3Aconvention-banian-securite-plus&view=article,5,200,flux_auth,"Bootstrap,HSTS,Joomla,Nginx,PHP,jQuery"
www.bci.nc,https://www.bci.nc/produits-services/professions-liberales/vie-privee/vos-projets/vos-enfants/comptes-et-conventions?catid=15&id=74%3Apret-auto&view=article,5,200,flux_auth,"Bootstrap,HSTS,Joomla,Nginx,PHP,jQuery"
www.bci.nc,https://www.bci.nc/produits-services/professions-liberales/vie-privee/vos-projets/vos-enfants/comptes-et-conventions?catid=13&id=87%3Acarte-visa-classic&view=article,5,200,flux_auth,"Bootstrap,HSTS,Joomla,Nginx,PHP,jQuery"
www.bci.nc,https://www.bci.nc/produits-services/professions-liberales/vie-privee/vos-projets/vos-enfants/comptes-et-conventions?catid=15&id=95%3Apret-immobilier&view=article,5,200,flux_auth,"Bootstrap,HSTS,Joomla,Nginx,PHP,jQuery"
www.bci.nc,https://www.bci.nc/produits-services/professions-liberales/vie-privee/vos-projets/vos-enfants/comptes-et-conventions?catid=13&id=86%3Acarte-visa-premier&view=article,5,200,flux_auth,"Bootstrap,HSTS,Joomla,Nginx,PHP,jQuery"
www.bci.nc,https://www.bci.nc/produits-services/professions-liberales/vie-privee/vos-projets/vos-enfants/comptes-et-conventions?catid=10&id=81%3Aconvention-bci-clic&view=article,5,200,flux_auth,"Bootstrap,HSTS,Joomla,Nginx,PHP,jQuery"
www.bci.nc,https://www.bci.nc/produits-services/professions-liberales/vie-privee/vos-projets/vos-enfants/comptes-et-conventions?catid=13&id=77%3Acompte-libre-epargne&view=article,5,200,flux_auth,"Bootstrap,HSTS,Joomla,Nginx,PHP,jQuery"
www.bci.nc,https://www.bci.nc/produits-services/professions-liberales/vie-privee/vos-projets/vos-enfants/comptes-et-conventions?catid=15&id=75%3Apret-vacances&view=article,5,200,flux_auth,"Bootstrap,HSTS,Joomla,Nginx,PHP,jQuery"
www.bci.nc,https://www.bci.nc/produits-services/professions-liberales/vie-privee/vos-projets/vos-enfants/comptes-et-conventions?catid=15&id=93%3Apret-travaux&view=article,5,200,flux_auth,"Bootstrap,HSTS,Joomla,Nginx,PHP,jQuery"
www.bci.nc,https://www.bci.nc/produits-services/professions-liberales/vie-privee/vos-projets/vos-enfants/comptes-et-conventions?catid=15&id=97%3Apret-bateau&view=article,5,200,flux_auth,"Bootstrap,HSTS,Joomla,Nginx,PHP,jQuery"
www.bci.nc,https://www.bci.nc/produits-services/professions-liberales/vie-professionnelle?catid=19&id=89%3Aterminal-de-paiement-electronique-tpe&view=article,5,200,mouvement_argent,"Bootstrap,HSTS,Joomla,Nginx,PHP,jQuery"
www.bci.nc,https://www.bci.nc/produits-services/particuliers/votre-situation/etudiants-jeunes-actifs/gerer-ses-comptes?catid=13&id=60%3Abcizen&view=article,5,200,flux_auth,"Bootstrap,HSTS,Joomla,Nginx,PHP,jQuery"
www.bci.nc,https://www.bci.nc/produits-services/particuliers/votre-situation/etudiants-jeunes-actifs/gerer-ses-comptes?format=feed&type=atom,5,200,flux_auth,"HSTS,Nginx"
www.bci.nc,https://www.bci.nc/produits-services/particuliers/votre-situation/etudiants-jeunes-actifs/gerer-ses-comptes?format=feed&type=rss,5,200,flux_auth,"HSTS,Nginx"
www.bci.nc,https://www.bci.nc/produits-services/particuliers/votre-situation/en-famille/gerer-ses-comptes?catid=13&id=10%3Abci-net&view=article,5,200,flux_auth,"Bootstrap,HSTS,Joomla,Nginx,PHP,jQuery"
www.bci.nc,https://www.bci.nc/produits-services/particuliers/votre-situation/en-famille/gerer-ses-comptes?catid=10&id=224%3Aconvention-banian&view=article,5,200,flux_auth,"Bootstrap,HSTS,Joomla,Nginx,PHP,jQuery"
www.bci.nc,https://www.bci.nc/produits-services/professions-liberales/vie-privee/vos-projets/vos-enfants/comptes-et-conventions?catid=10&id=67%3Areleves-electroniques&view=article,5,200,flux_auth,"Bootstrap,HSTS,Joomla,Nginx,PHP,jQuery"
www.bci.nc,https://www.bci.nc/produits-services/particuliers/votre-situation/en-famille/gerer-ses-comptes,5,200,flux_auth,"Bootstrap,HSTS,Joomla,Nginx,PHP,jQuery"
www.bci.nc,https://www.bci.nc/produits-services/particuliers/votre-situation/en-famille/epargner-pour-sa-famille?catid=13&id=77%3Acompte-libre-epargne&view=article,5,200,flux_auth,"Bootstrap,HSTS,Joomla,Nginx,PHP,jQuery"
www.bci.nc,https://www.bci.nc/produits-services/particuliers/vos-projets/gerer-ses-comptes-et-son-budget/suivi-de-budget?catid=13&id=58%3Aarobase&view=article,5,200,flux_auth,"Bootstrap,HSTS,Joomla,Nginx,PHP,jQuery"
www.bci.nc,https://www.bci.nc/produits-services/particuliers/vos-projets/gerer-ses-comptes-et-son-budget/comptes-et-conventions?catid=21&id=80%3Aconvention-banian-casden&view=article,5,200,flux_auth,"Bootstrap,HSTS,Joomla,Nginx,PHP,jQuery"
www.bci.nc,https://www.bci.nc/produits-services/particuliers/votre-situation/etudiants-jeunes-actifs/gerer-ses-comptes?catid=16&id=69%3Aassurance-compte&view=article,5,200,flux_auth,"Bootstrap,HSTS,Joomla,Nginx,PHP,jQuery"
www.bci.nc,https://www.bci.nc/produits-services/moins-de-26-ans/nos-offres/comptes-cartes-et-services/comptes-et-conventions,5,200,flux_auth,"Bootstrap,HSTS,Joomla,Nginx,PHP,jQuery"
www.bci.nc,https://www.bci.nc/produits-services/professionnels/vie-privee/nos-offres/comptes-cartes-et-services/comptes-et-conventions?format=feed&type=atom,5,200,flux_auth,"HSTS,Nginx"
www.bci.nc,https://www.bci.nc/produits-services/professionnels/vie-privee/nos-offres/comptes-cartes-et-services/comptes-et-conventions?format=feed&type=rss,5,200,flux_auth,"HSTS,Nginx"
www.bci.nc,https://www.bci.nc/produits-services/banque-privee?catid=13&id=147%3Abred-connect-bourse&view=article,5,200,flux_auth,"Bootstrap,HSTS,Joomla,Nginx,PHP,jQuery"
www.bci.nc,https://www.bci.nc/produits-services/particuliers/vos-projets/gerer-ses-comptes-et-son-budget/suivi-de-budget?catid=13&id=59%3Abcivox&view=article,5,200,flux_auth,"Bootstrap,HSTS,Joomla,Nginx,PHP,jQuery"
www.bci.nc,https://www.bci.nc/produits-services/particuliers/votre-situation/en-famille/gerer-ses-comptes?format=feed&type=rss,5,200,flux_auth,"HSTS,Nginx"
www.bci.nc,https://www.bci.nc/produits-services/particuliers/vos-projets/gerer-ses-comptes-et-son-budget/comptes-et-conventions?catid=10&id=81%3Aconvention-bci-clic&view=article,5,200,flux_auth,"Bootstrap,HSTS,Joomla,Nginx,PHP,jQuery"
www.bci.nc,https://www.bci.nc/produits-services/particuliers/votre-situation/en-famille/gerer-ses-comptes?format=feed&type=atom,5,200,flux_auth,"HSTS,Nginx"
www.bci.nc,https://www.bci.nc/produits-services/particuliers/vos-projets/gerer-ses-comptes-et-son-budget/comptes-et-conventions?catid=13&id=72%3Aconvention-banian-securite-plus&view=article,5,200,flux_auth,"Bootstrap,HSTS,Joomla,Nginx,PHP,jQuery"
www.bci.nc,https://www.bci.nc//la-bci/actualites/910-alerte-phishing-protegez-vos-comptes,5,200,flux_auth,"Bootstrap,HSTS,Joomla,Nginx,PHP,jQuery"
www.bci.nc,https://www.bci.nc//produits-services/particuliers/nos-offres/comptes-cartes-et-services/ouvrir-un-compte,5,200,flux_auth,"Bootstrap,HSTS,Joomla,Nginx,PHP,jQuery"
www.bci.nc,https://www.bci.nc/produits-services/particuliers/vos-projets/gerer-ses-comptes-et-son-budget/suivi-de-budget,5,200,flux_auth,"Bootstrap,HSTS,Joomla,Nginx,PHP,jQuery"
www.bci.nc,https://www.bci.nc/produits-services/particuliers/vos-projets/gerer-ses-comptes-et-son-budget/comptes-et-conventions?catid=13&id=577%3Aconvention-ma-banque-16-25&view=article,5,200,flux_auth,"Bootstrap,HSTS,Joomla,Nginx,PHP,jQuery"
www.bci.nc,https://www.bci.nc/produits-services/particuliers/vos-projets/gerer-ses-comptes-et-son-budget/comptes-et-conventions?catid=10&id=224%3Aconvention-banian&view=article,5,200,flux_auth,"Bootstrap,HSTS,Joomla,Nginx,PHP,jQuery"
www.bci.nc,https://www.bci.nc/produits-services/particuliers/vos-projets/gerer-ses-comptes-et-son-budget/comptes-et-conventions?catid=13&id=58%3Aarobase&view=article,5,200,flux_auth,"Bootstrap,HSTS,Joomla,Nginx,PHP,jQuery"
www.bci.nc,https://www.bci.nc//la-bci/actualites/452-desactivation-de-certains-protocoles-de-securite-obsoletes,5,200,flux_auth,"Bootstrap,HSTS,Joomla,Nginx,PHP,jQuery"
www.bci.nc,https://www.bci.nc//produits-services/particuliers/vos-projets/gerer-ses-comptes-et-son-budget/comptes-et-conventions/convention-banian-casden-carre,5,200,flux_auth,"Bootstrap,HSTS,Joomla,Nginx,PHP,jQuery"
www.bci.nc,https://www.bci.nc/produits-services/particuliers/nos-offres/comptes-cartes-et-services/comptes-et-conventions?catid=10&id=81%3Aconvention-bci-clic&view=article,5,200,flux_auth,"Bootstrap,HSTS,Joomla,Nginx,PHP,jQuery"
www.bci.nc,https://www.bci.nc/produits-services/particuliers/nos-offres/comptes-cartes-et-services/comptes-et-conventions?catid=13&id=72%3Aconvention-banian-securite-plus&view=article,5,200,flux_auth,"Bootstrap,HSTS,Joomla,Nginx,PHP,jQuery"
www.bci.nc,https://www.bci.nc/produits-services/professionnels/vie-privee/nos-offres/comptes-cartes-et-services/gerer-son-compte-et-son-budget?format=feed&type=rss,5,200,flux_auth,"HSTS,Nginx"
www.bci.nc,https://www.bci.nc/produits-services/professionnels/vie-privee/nos-offres/comptes-cartes-et-services/gerer-son-compte-et-son-budget?format=feed&type=atom,5,200,flux_auth,"HSTS,Nginx"
www.bci.nc,https://www.bci.nc/produits-services/professionnels/vie-privee/nos-offres/comptes-cartes-et-services/gerer-son-compte-et-son-budget?catid=13&id=60%3Abcizen&view=article,5,200,flux_auth,"Bootstrap,HSTS,Joomla,Nginx,PHP,jQuery"
www.bci.nc,https://www.bci.nc/produits-services/professionnels/vie-privee/nos-offres/assurances/personnes?catid=16&id=69%3Aassurance-compte&view=article,5,200,flux_auth,"Bootstrap,HSTS,Joomla,Nginx,PHP,jQuery"
www.bci.nc,https://www.bci.nc/produits-services/professionnels/vie-privee/nos-offres/comptes-cartes-et-services/gerer-son-compte-et-son-budget,5,200,flux_auth,"Bootstrap,HSTS,Joomla,Nginx,PHP,jQuery"
www.bci.nc,https://www.bci.nc/produits-services/professionnels/vie-privee/nos-offres/comptes-cartes-et-services/comptes-et-conventions?catid=10&id=224%3Aconvention-banian&view=article,5,200,flux_auth,"Bootstrap,HSTS,Joomla,Nginx,PHP,jQuery"
www.bci.nc,https://www.bci.nc/produits-services/professionnels/vie-privee/nos-offres/comptes-cartes-et-services/comptes-et-conventions,5,200,flux_auth,"Bootstrap,HSTS,Joomla,Nginx,PHP,jQuery"
www.bci.nc,https://www.bci.nc/produits-services/professionnels/vie-privee/nos-offres/comptes-cartes-et-services/comptes-et-conventions?catid=13&id=72%3Aconvention-banian-securite-plus&view=article,5,200,flux_auth,"Bootstrap,HSTS,Joomla,Nginx,PHP,jQuery"
www.bci.nc,https://www.bci.nc/produits-services/professions-liberales/vie-privee/nos-offres/comptes-cartes-et-services/gerer-son-compte-et-son-budget?catid=10&id=67%3Areleves-electroniques&view=article,5,200,flux_auth,"Bootstrap,HSTS,Joomla,Nginx,PHP,jQuery"
www.bci.nc,https://www.bci.nc/produits-services/professionnels/vie-privee/nos-offres/comptes-cartes-et-services/ouvrir-un-compte,5,200,flux_auth,"Bootstrap,HSTS,Joomla,Nginx,PHP,jQuery"
www.bci.nc,https://www.bci.nc/produits-services/professions-liberales/vie-privee/nos-offres/comptes-cartes-et-services/ouvrir-un-compte,5,200,flux_auth,"Bootstrap,HSTS,Joomla,Nginx,PHP,jQuery"
www.bci.nc,https://www.bci.nc/produits-services/professionnels/vie-privee/vos-projets/gerer-son-compte-et-son-budget?format=feed&type=atom,5,200,flux_auth,"HSTS,Nginx"
www.bci.nc,https://www.bci.nc/produits-services/professionnels/vie-privee/vos-projets/gerer-son-compte-et-son-budget?format=feed&type=rss,5,200,flux_auth,"HSTS,Nginx"
www.bci.nc,https://www.bci.nc/produits-services/professionnels/vie-privee/vos-projets/gerer-son-compte-et-son-budget?catid=21&id=80%3Aconvention-banian-casden&view=article,5,200,flux_auth,"Bootstrap,HSTS,Joomla,Nginx,PHP,jQuery"
www.bci.nc,https://www.bci.nc/produits-services/professionnels/vie-privee/vos-projets/gerer-son-compte-et-son-budget,5,200,flux_auth,"Bootstrap,HSTS,Joomla,Nginx,PHP,jQuery"
www.bci.nc,https://www.bci.nc/produits-services/professions-liberales/vie-privee/nos-offres/comptes-cartes-et-services/comptes-et-conventions?format=feed&type=rss,5,200,flux_auth,"HSTS,Nginx"
www.bci.nc,https://www.bci.nc/produits-services/professions-liberales/vie-privee/nos-offres/comptes-cartes-et-services/comptes-et-conventions?format=feed&type=atom,5,200,flux_auth,"HSTS,Nginx"
www.bci.nc,https://www.bci.nc/produits-services/professionnels/vie-privee?catid=16&id=69%3Aassurance-compte&view=article,5,200,flux_auth,"Bootstrap,HSTS,Joomla,Nginx,PHP,jQuery"
www.bci.nc,https://www.bci.nc/produits-services/moins-de-26-ans/votre-situation/moins-de-16-ans/mon-1er-compte-carte,5,200,flux_auth,"Bootstrap,HSTS,Joomla,Nginx,PHP,jQuery"
www.bci.nc,https://www.bci.nc/produits-services/particuliers/vos-projets/gerer-ses-comptes-et-son-budget/suivi-de-budget?catid=10&id=67%3Areleves-electroniques&view=article,5,200,flux_auth,"Bootstrap,HSTS,Joomla,Nginx,PHP,jQuery"
www.bci.nc,https://www.bci.nc/produits-services/professions-liberales/vie-professionnelle/ma-gestion-quotidienne/mes-comptes-a-distance,5,200,flux_auth,"Bootstrap,HSTS,Joomla,Nginx,PHP,jQuery"
www.bci.nc,https://www.bci.nc/produits-services/moins-de-26-ans/votre-situation/jeunes-actifs/gerer-ses-comptes,5,200,flux_auth,"Bootstrap,HSTS,Joomla,Nginx,PHP,jQuery"
www.bci.nc,https://www.bci.nc/produits-services/professions-liberales/vie-privee/nos-offres/comptes-cartes-et-services/gerer-son-compte-et-son-budget?format=feed&type=rss,5,200,flux_auth,"HSTS,Nginx"
www.bci.nc,https://www.bci.nc/produits-services/professions-liberales/vie-professionnelle/ma-gestion-quotidienne/mes-paiements/paiements-a-distance,5,200,mouvement_argent,"Bootstrap,HSTS,Joomla,Nginx,PHP,jQuery"
www.bci.nc,https://www.bci.nc/produits-services/professions-liberales/vie-privee/nos-offres/comptes-cartes-et-services/gerer-son-compte-et-son-budget?format=feed&type=atom,5,200,flux_auth,"HSTS,Nginx"
www.bci.nc,https://www.bci.nc/produits-services/professionnels/vie-professionnelle/paiement-en-2-3-4-fois-carre,5,200,mouvement_argent,"Bootstrap,HSTS,Joomla,Nginx,PHP,jQuery"
www.bci.nc,https://www.bci.nc/produits-services/professionnels/vie-professionnelle/terminal-de-paiement-electronique-tpe-carre,5,200,mouvement_argent,"Bootstrap,HSTS,Joomla,Nginx,PHP,jQuery"
www.bci.nc,https://www.bci.nc/produits-services/professionnels/vie-professionnelle?catid=13&id=101%3Apaiement-en-2-3-4-fois&view=article,5,200,mouvement_argent,"Bootstrap,HSTS,Joomla,Nginx,PHP,jQuery"
www.bci.nc,https://www.bci.nc/produits-services/professionnels/vie-professionnelle?catid=19&id=89%3Aterminal-de-paiement-electronique-tpe&view=article,5,200,mouvement_argent,"Bootstrap,HSTS,Joomla,Nginx,PHP,jQuery"
www.bci.nc,https://www.bci.nc/produits-services/particuliers/vos-projets/gerer-ses-comptes-et-son-budget/suivi-de-budget?catid=13&id=10%3Abci-net&view=article,5,200,flux_auth,"Bootstrap,HSTS,Joomla,Nginx,PHP,jQuery"
www.bci.nc,https://www.bci.nc/produits-services/professions-liberales/vie-privee/vos-projets/epargner-placer-son-argent/epargne-au-quotidien?catid=14&id=61%3Acompte-passerelle&view=article,5,200,flux_auth,"Bootstrap,HSTS,Joomla,Nginx,PHP,jQuery"
www.bci.nc,https://www.bci.nc/produits-services/particuliers/votre-situation/en-famille/epargner-pour-sa-famille?catid=14&id=61%3Acompte-passerelle&view=article,5,200,flux_auth,"Bootstrap,HSTS,Joomla,Nginx,PHP,jQuery"
www.bci.nc,https://www.bci.nc/produits-services/professions-liberales/vie-professionnelle/ma-gestion-quotidienne/mes-paiements/cartes-internationales,5,200,mouvement_argent,"Bootstrap,HSTS,Joomla,Nginx,PHP,jQuery"
www.bci.nc,https://www.bci.nc/produits-services/professionnels/vie-professionnelle/nos-offres/comptes-cartes-et-services/gerer-sa-tresorerie,5,200,flux_auth,"Bootstrap,HSTS,Joomla,Nginx,PHP,jQuery"
www.bci.nc,https://www.bci.nc/produits-services/moins-de-26-ans/votre-situation/lyceens/gerer-ses-comptes,5,200,flux_auth,"Bootstrap,HSTS,Joomla,Nginx,PHP,jQuery"
www.bci.nc,https://www.bci.nc/produits-services/professionnels/vie-professionnelle/nos-offres/comptes-cartes-et-services/comptes-et-conventions,5,200,flux_auth,"Bootstrap,HSTS,Joomla,Nginx,PHP,jQuery"
www.bred.vu,https://www.bred.vu/home/bvc_web_bill-payment,5,200,mouvement_argent,"Chart.js,Cloudflare,Cloudflare Bot Management,Google Analytics,Google Tag Manager,HSTS,HTTP/3,Kinsta,Lightbox,MySQL,PHP,Underscore.js:1.13.8,WordPress:7.0.2,Yoast SEO:28.1,jQuery"
www.bred.vu,https://www.bred.vu/business-banking/merchant-solutions-and-facilities-3/merchant-connection,5,200,flux_auth,"Chart.js,Cloudflare,Cloudflare Bot Management,Google Analytics,Google Tag Manager,HSTS,HTTP/3,Kinsta,Lightbox,MySQL,PHP,Underscore.js:1.13.8,WordPress:7.0.2,Yoast SEO:28.1,jQuery"
www.bred.vu,https://www.bred.vu/digital-banking/bred-business-connect-4,5,200,flux_auth,"Chart.js,Cloudflare,Cloudflare Bot Management,Google Analytics,Google Tag Manager,HSTS,HTTP/3,Kinsta,Lightbox,MySQL,PHP,Underscore.js:1.13.8,WordPress:7.0.2,Yoast SEO:28.1,jQuery"
www.bred.vu,https://www.bred.vu/digital-banking/bred-vanuatu-connect-5,5,200,flux_auth,"Chart.js,Cloudflare,Cloudflare Bot Management,Google Analytics,Google Tag Manager,HSTS,HTTP/3,Kinsta,Lightbox,MySQL,PHP,Underscore.js:1.13.8,WordPress:7.0.2,Yoast SEO:28.1,jQuery"
www.bred.vu,https://www.bred.vu/bred-business-connect/e-commerce-3,5,200,flux_auth,"Chart.js,Cloudflare,Cloudflare Bot Management,Google Analytics,Google Tag Manager,HSTS,HTTP/3,Kinsta,Lightbox,MySQL,PHP,Underscore.js:1.13.8,WordPress:7.0.2,Yoast SEO:28.1,jQuery"
www.bred.vu,https://www.bred.vu/bred-business-connect/bankfleximg,5,200,flux_auth,"Chart.js,Cloudflare,Cloudflare Bot Management,Google Analytics,Google Tag Manager,HSTS,HTTP/3,Kinsta,Lightbox,MySQL,PHP,Underscore.js:1.13.8,WordPress:7.0.2,Yoast SEO:28.1,jQuery"
www.bred.vu,https://www.bred.vu/bred-business-connect/page-1,5,200,flux_auth,"Chart.js,Cloudflare,Cloudflare Bot Management,Google Analytics,Google Tag Manager,HSTS,HTTP/3,Kinsta,Lightbox,MySQL,PHP,Underscore.js:1.13.8,WordPress:7.0.2,Yoast SEO:28.1,jQuery"
www.bred.vu,https://www.bred.vu/bred-business-connect/qr,5,200,flux_auth,"Chart.js,Cloudflare,Cloudflare Bot Management,Google Analytics,Google Tag Manager,HSTS,HTTP/3,Kinsta,Lightbox,MySQL,PHP,Underscore.js:1.13.8,WordPress:7.0.2,Yoast SEO:28.1,jQuery"
www.bred.vu,https://www.bred.vu/personal-banking/mobile-internet-banking-3/bill-payment-user-guide_final_compressed,5,200,mouvement_argent,"Chart.js,Cloudflare,Cloudflare Bot Management,Google Analytics,Google Tag Manager,HSTS,HTTP/3,Kinsta,Lightbox,MySQL,PHP,Underscore.js:1.13.8,WordPress:7.0.2,Yoast SEO:28.1,jQuery"
www.bred.vu,https://www.bred.vu/personal-banking/mobile-internet-banking-3/bill-payment,5,200,mouvement_argent,"Chart.js,Cloudflare,Cloudflare Bot Management,Google Analytics,Google Tag Manager,HSTS,HTTP/3,Kinsta,Lightbox,MySQL,PHP,Underscore.js:1.13.8,WordPress:7.0.2,Yoast SEO:28.1,jQuery"
www.bred.vu,https://www.bred.vu/personal-banking/mobile-internet-banking-3/check-account-balance,5,200,mouvement_argent,"Chart.js,Cloudflare,Cloudflare Bot Management,Google Analytics,Google Tag Manager,HSTS,HTTP/3,Kinsta,Lightbox,MySQL,PHP,Underscore.js:1.13.8,WordPress:7.0.2,Yoast SEO:28.1,jQuery"
www.bred.vu,https://www.bred.vu/personal-banking/mobile-internet-banking-3/check-account-balance-2,5,200,mouvement_argent,"Chart.js,Cloudflare,Cloudflare Bot Management,Google Analytics,Google Tag Manager,HSTS,HTTP/3,Kinsta,Lightbox,MySQL,PHP,Underscore.js:1.13.8,WordPress:7.0.2,Yoast SEO:28.1,jQuery"
www.bred.vu,https://www.bred.vu/personal-banking/mobile-internet-banking-3/money-transfer,5,200,mouvement_argent,"Chart.js,Cloudflare,Cloudflare Bot Management,Google Analytics,Google Tag Manager,HSTS,HTTP/3,Kinsta,Lightbox,MySQL,PHP,Underscore.js:1.13.8,WordPress:7.0.2,Yoast SEO:28.1,jQuery"
www.bred.vu,https://www.bred.vu/telegraphic-transfers/tt,5,200,mouvement_argent,"Chart.js,Cloudflare,Cloudflare Bot Management,Google Analytics,Google Tag Manager,HSTS,HTTP/3,Kinsta,Lightbox,MySQL,PHP,Underscore.js:1.13.8,WordPress:7.0.2,Yoast SEO:28.1,jQuery"
www.bred.vu,https://www.bred.vu/telegraphic-transfers/smart-phone-transfer-money-2023-11-27-04-55-35-utc,5,200,mouvement_argent,"Chart.js,Cloudflare,Cloudflare Bot Management,Google Analytics,Google Tag Manager,HSTS,HTTP/3,Kinsta,Lightbox,MySQL,PHP,Underscore.js:1.13.8,WordPress:7.0.2,Yoast SEO:28.1,jQuery"
www.bred.vu,https://www.bred.vu/telegraphic-transfers/smart-phone-transfer-money-2023-11-27-05-17-44-utc,5,200,mouvement_argent,"Chart.js,Cloudflare,Cloudflare Bot Management,Google Analytics,Google Tag Manager,HSTS,HTTP/3,Kinsta,Lightbox,MySQL,PHP,Underscore.js:1.13.8,WordPress:7.0.2,Yoast SEO:28.1,jQuery"
www.bred.vu,https://www.bred.vu/telegraphic-transfers3/arrow,5,200,mouvement_argent,"Chart.js,Cloudflare,Cloudflare Bot Management,Google Analytics,Google Tag Manager,HSTS,HTTP/3,Kinsta,Lightbox,MySQL,PHP,Underscore.js:1.13.8,WordPress:7.0.2,Yoast SEO:28.1,jQuery"
www.bred.vu,https://www.bred.vu/telegraphic-transfers3,5,200,mouvement_argent,"Chart.js,Cloudflare,Cloudflare Bot Management,Google Analytics,Google Tag Manager,HSTS,HTTP/3,Kinsta,Lightbox,MySQL,PHP,Underscore.js:1.13.8,WordPress:7.0.2,Yoast SEO:28.1,jQuery"
www.bred.vu,https://www.bred.vu/telegraphic-transfers3/transfers,5,200,mouvement_argent,"Chart.js,Cloudflare,Cloudflare Bot Management,Google Analytics,Google Tag Manager,HSTS,HTTP/3,Kinsta,Lightbox,MySQL,PHP,Underscore.js:1.13.8,WordPress:7.0.2,Yoast SEO:28.1,jQuery"
www.bred.vu,https://www.bred.vu/telegraphic-transfers3/transfers2,5,200,mouvement_argent,"Chart.js,Cloudflare,Cloudflare Bot Management,Google Analytics,Google Tag Manager,HSTS,HTTP/3,Kinsta,Lightbox,MySQL,PHP,Underscore.js:1.13.8,WordPress:7.0.2,Yoast SEO:28.1,jQuery"
www.bred.vu,https://www.bred.vu/your-insurance/attachment/376990,5,200,id_non_derive_session(+5) | hors_cible_de_lancement:vega-is.com,"Chart.js,Cloudflare,Cloudflare Bot Management,Google Analytics,Google Tag Manager,HSTS,HTTP/3,Kinsta,Lightbox,MySQL,PHP,Underscore.js:1.13.8,WordPress:7.0.2,Yoast SEO:28.1,jQuery"
www.bred.vu,https://www.bred.vu/bred-business-connect/apply,5,200,flux_auth,"Chart.js,Cloudflare,Cloudflare Bot Management,Google Analytics,Google Tag Manager,HSTS,HTTP/3,Kinsta,Lightbox,MySQL,PHP,Underscore.js:1.13.8,WordPress:7.0.2,Yoast SEO:28.1,jQuery"
www.bred.vu,https://www.bred.vu/bred-business-connect/1cover,5,200,flux_auth,"Chart.js,Cloudflare,Cloudflare Bot Management,Google Analytics,Google Tag Manager,HSTS,HTTP/3,Kinsta,Lightbox,MySQL,PHP,Underscore.js:1.13.8,WordPress:7.0.2,Yoast SEO:28.1,jQuery"
www.bred.vu,https://www.bred.vu/bred-business-connect/eftpos-2,5,200,flux_auth,"Chart.js,Cloudflare,Cloudflare Bot Management,Google Analytics,Google Tag Manager,HSTS,HTTP/3,Kinsta,Lightbox,MySQL,PHP,Underscore.js:1.13.8,WordPress:7.0.2,Yoast SEO:28.1,jQuery"
www.bred.vu,https://www.bred.vu/bred-business-connect/cover,5,200,flux_auth,"Chart.js,Cloudflare,Cloudflare Bot Management,Google Analytics,Google Tag Manager,HSTS,HTTP/3,Kinsta,Lightbox,MySQL,PHP,Underscore.js:1.13.8,WordPress:7.0.2,Yoast SEO:28.1,jQuery"
www.bred.vu,https://www.bred.vu/wp-login.php?redirect_to=https%3A%2F%2Fwww.bred.vu%2Fbred-vanuatu-connect-application-form-for-corporate_2020-05-28%2F,5,200,flux_auth,"Clipboard.js,Cloudflare,Cloudflare Bot Management,HSTS,HTTP/3,Kinsta,MySQL,PHP,Underscore.js:1.13.8,WordPress,jQuery"
www.bred.vu,https://www.bred.vu/bred-business-connect/track,5,200,flux_auth,"Chart.js,Cloudflare,Cloudflare Bot Management,Google Analytics,Google Tag Manager,HSTS,HTTP/3,Kinsta,Lightbox,MySQL,PHP,Underscore.js:1.13.8,WordPress:7.0.2,Yoast SEO:28.1,jQuery"
www.bred.vu,https://www.bred.vu/bred-business-connect/info,5,200,flux_auth,"Chart.js,Cloudflare,Cloudflare Bot Management,Google Analytics,Google Tag Manager,HSTS,HTTP/3,Kinsta,Lightbox,MySQL,PHP,Underscore.js:1.13.8,WordPress:7.0.2,Yoast SEO:28.1,jQuery"
www.bred.vu,https://www.bred.vu/bred-business-connect/test-3,5,200,flux_auth,"Chart.js,Cloudflare,Cloudflare Bot Management,Google Analytics,Google Tag Manager,HSTS,HTTP/3,Kinsta,Lightbox,MySQL,PHP,Underscore.js:1.13.8,WordPress:7.0.2,Yoast SEO:28.1,jQuery"
www.bred.vu,https://www.bred.vu/fr/personnel/comptes-bancaires,5,200,flux_auth,"Chart.js,Cloudflare,Cloudflare Bot Management,Google Analytics,Google Tag Manager,HSTS,HTTP/3,Kinsta,Lightbox,MySQL,PHP,Underscore.js:1.13.8,WordPress:7.0.2,Yoast SEO:28.1,jQuery"
www.bred.vu,https://www.bred.vu/bred-business-connect/pay,5,200,flux_auth,"Chart.js,Cloudflare,Cloudflare Bot Management,Google Analytics,Google Tag Manager,HSTS,HTTP/3,Kinsta,Lightbox,MySQL,PHP,Underscore.js:1.13.8,WordPress:7.0.2,Yoast SEO:28.1,jQuery"
www.bred.vu,https://www.bred.vu/author-sitemap.xml,5,200,flux_auth,"Cloudflare,Cloudflare Bot Management,HSTS,HTTP/3,Kinsta,WordPress"
www.bred.vu,https://www.bred.vu/?p=1893,5,200,flux_auth,"Chart.js,Cloudflare,Cloudflare Bot Management,Google Analytics,Google Tag Manager,HSTS,HTTP/3,Kinsta,Lightbox,MySQL,PHP,Underscore.js:1.13.8,WordPress:7.0.2,Yoast SEO:28.1,jQuery"
www.bred.vu,https://www.bred.vu/?p=2516,5,200,flux_auth,"Chart.js,Cloudflare,Cloudflare Bot Management,Google Analytics,Google Tag Manager,HSTS,HTTP/3,Kinsta,Lightbox,MySQL,PHP,Underscore.js:1.13.8,WordPress:7.0.2,Yoast SEO:28.1,jQuery"
www.bred.vu,https://www.bred.vu/?p=2720,5,200,flux_auth,"Chart.js,Cloudflare,Cloudflare Bot Management,Google Analytics,Google Tag Manager,HSTS,HTTP/3,Kinsta,Lightbox,MySQL,PHP,Underscore.js:1.13.8,WordPress:7.0.2,Yoast SEO:28.1,jQuery"
www.bred.vu,https://www.bred.vu/e-commerce-payment-gateway/feed,5,200,mouvement_argent,"Cloudflare,Cloudflare Bot Management,HSTS,HTTP/3,Kinsta,MySQL,PHP,WordPress"
www.bred.vu,https://www.bred.vu/author/xwbxadm7,5,200,flux_auth,"Chart.js,Cloudflare,Cloudflare Bot Management,Google Analytics,Google Tag Manager,Gravatar,HSTS,HTTP/3,Kinsta,Lightbox,MySQL,PHP,Underscore.js:1.13.8,WordPress:7.0.2,Yoast SEO:28.1,jQuery"
www.bred.vu,https://www.bred.vu/bred-business-connect,5,200,flux_auth,"Chart.js,Cloudflare,Cloudflare Bot Management,Google Analytics,Google Tag Manager,HSTS,HTTP/3,Kinsta,Lightbox,MySQL,PHP,Underscore.js:1.13.8,WordPress:7.0.2,Yoast SEO:28.1,jQuery"
www.bred.vu,https://www.bred.vu/e-commerce-payment-gateway,5,200,mouvement_argent,"Chart.js,Cloudflare,Cloudflare Bot Management,Google Analytics,Google Tag Manager,HSTS,HTTP/3,Kinsta,Lightbox,MySQL,PHP,Underscore.js:1.13.8,WordPress:7.0.2,Yoast SEO:28.1,jQuery"
www.bred.vu,https://www.bred.vu/fr/comptes-professionnels-et-dinvestissement,5,200,flux_auth,"Chart.js,Cloudflare,Cloudflare Bot Management,Google Analytics,Google Tag Manager,HSTS,HTTP/3,Kinsta,Lightbox,MySQL,PHP,Underscore.js:1.13.8,WordPress:7.0.2,Yoast SEO:28.1,jQuery"
www.bred.vu,https://www.bred.vu/fr/transferts-telegraphiques,5,200,mouvement_argent,"Chart.js,Cloudflare,Cloudflare Bot Management,Google Analytics,Google Tag Manager,HSTS,HTTP/3,Kinsta,Lightbox,MySQL,PHP,Underscore.js:1.13.8,WordPress:7.0.2,Yoast SEO:28.1,jQuery"
www.bred.vu,https://www.bred.vu/telegraphic-transfers,5,200,mouvement_argent,"Chart.js,Cloudflare,Cloudflare Bot Management,Google Analytics,Google Tag Manager,HSTS,HTTP/3,Kinsta,Lightbox,MySQL,PHP,Underscore.js:1.13.8,WordPress:7.0.2,Yoast SEO:28.1,jQuery"
www.bred.vu,https://www.bred.vu/personal-banking/mobile-internet-banking-3,5,200,flux_auth,"Chart.js,Cloudflare,Cloudflare Bot Management,Google Analytics,Google Tag Manager,HSTS,HTTP/3,Kinsta,Lightbox,MySQL,PHP,Underscore.js:1.13.8,WordPress:7.0.2,Yoast SEO:28.1,jQuery"
www.bred.vu,https://www.bred.vu/personal-banking/mobile-internet-banking,5,200,flux_auth,"Chart.js,Cloudflare,Cloudflare Bot Management,Google Analytics,Google Tag Manager,HSTS,HTTP/3,Kinsta,Lightbox,MySQL,PHP,Underscore.js:1.13.8,WordPress:7.0.2,Yoast SEO:28.1,jQuery"
www.bred.vu,https://www.bred.vu/wp-login.php?redirect_to=https%3A%2F%2Fwww.bred.vu%2Fbred-vanuatu-connect-terms-and-conditions%2F,5,200,flux_auth,"Clipboard.js,Cloudflare,Cloudflare Bot Management,HSTS,HTTP/3,Kinsta,MySQL,PHP,Underscore.js:1.13.8,WordPress,jQuery"
www.bred.vu,https://www.bred.vu/wp-login.php?redirect_to=https%3A%2F%2Fwww.bred.vu%2Fbvc-faq-flyer%2F,5,200,flux_auth,"Clipboard.js,Cloudflare,Cloudflare Bot Management,HSTS,HTTP/3,Kinsta,MySQL,PHP,Underscore.js:1.13.8,WordPress,jQuery"
www.bred.vu,https://www.bred.vu/wp-login.php?redirect_to=https%3A%2F%2Fwww.bred.vu%2Fe-commerce%2F,5,200,flux_auth,"Clipboard.js,Cloudflare,Cloudflare Bot Management,HSTS,HTTP/3,Kinsta,MySQL,PHP,Underscore.js:1.13.8,WordPress,jQuery"
www.bred.vu,https://www.bred.vu/?p=498,5,200,flux_auth,"Chart.js,Cloudflare,Cloudflare Bot Management,Google Analytics,Google Tag Manager,HSTS,HTTP/3,Kinsta,Lightbox,MySQL,PHP,Underscore.js:1.13.8,WordPress:7.0.2,Yoast SEO:28.1,jQuery"
www.bred.vu,https://www.bred.vu/?p=1916,5,200,flux_auth,"Chart.js,Cloudflare,Cloudflare Bot Management,Google Analytics,Google Tag Manager,HSTS,HTTP/3,Kinsta,Lightbox,MySQL,PHP,Underscore.js:1.13.8,WordPress:7.0.2,Yoast SEO:28.1,jQuery"
www.bred.vu,https://www.bred.vu/bred-vanuatu-connect-application-form-for-corporate_2020-05-28,5,200,flux_auth,"Chart.js,Cloudflare,Cloudflare Bot Management,Google Analytics,Google Tag Manager,HSTS,HTTP/3,Kinsta,Lightbox,MySQL,PHP,Underscore.js:1.13.8,WordPress:7.0.2,Yoast SEO:28.1,jQuery"
www.bsi.ues.palatine.fr,https://www.bsi.ues.palatine.fr/app,5,200,flux_auth,"Bootstrap,Chart.js,HSTS,Microsoft ASP.NET,Nginx,Slick,jQuery,reCAPTCHA"
www.bsi.ues.palatine.fr,https://www.bsi.ues.palatine.fr/,5,200,flux_auth,"Bootstrap,Chart.js,HSTS,Microsoft ASP.NET,Nginx,Slick,jQuery,reCAPTCHA"
www.bsi.ues.palatine.fr,https://www.bsi.ues.palatine.fr/app/Error/NotEligible,5,200,flux_auth,"Bootstrap,Chart.js,HSTS,Nginx,Slick,jQuery"
www.connect.bp.seventure.fr,https://www.connect.bp.seventure.fr/mot-de-passe-oublie,5,200,flux_auth,"Apache HTTP Server,HSTS,MySQL,PHP:8.2,WordPress"
www.connect.bp.seventure.fr,https://www.connect.bp.seventure.fr/connexion,5,200,flux_auth,"Apache HTTP Server,HSTS,MySQL,PHP:8.2,WordPress"
www.connect.bp.seventure.fr,https://www.connect.bp.seventure.fr/?p=1994,5,200,flux_auth,"Apache HTTP Server,HSTS,MySQL,PHP:8.2,WordPress"
www.connect.bp.seventure.fr,https://www.connect.bp.seventure.fr/wp-admin,5,200,flux_auth,"Apache HTTP Server,Clipboard.js,HSTS,MySQL,PHP:8.2,Underscore.js:1.13.8,WordPress,jQuery"
www.connect.bp.seventure.fr,https://www.connect.bp.seventure.fr/wp-login.php?reauth=1&redirect_to=https%3A%2F%2Fwww.connect.bp.seventure.fr%2Fwp-admin%2F,5,403,flux_auth,"Nginx,OpenResty"
www.connect.bp.seventure.fr,https://www.connect.bp.seventure.fr/?p=1992,5,200,flux_auth,"Apache HTTP Server,HSTS,MySQL,PHP:8.2,WordPress"
www.connect.bp.seventure.fr,https://www.connect.bp.seventure.fr/inscription,5,200,flux_auth,"Apache HTTP Server,HSTS,MySQL,PHP:8.2,WordPress"
www.connect.ce.seventure.fr,https://www.connect.ce.seventure.fr/?p=1256,5,200,flux_auth,"Apache HTTP Server,HSTS,PHP:8.2"
www.connect.ce.seventure.fr,https://www.connect.ce.seventure.fr/wp-admin,5,200,flux_auth,"Apache HTTP Server,Clipboard.js,HSTS,MySQL,PHP:8.2,Underscore.js:1.13.8,WordPress,jQuery"
www.connect.ce.seventure.fr,https://www.connect.ce.seventure.fr/connexion,5,200,flux_auth,"Apache HTTP Server,HSTS,PHP:8.2"
www.connect.ce.seventure.fr,https://www.connect.ce.seventure.fr/inscription,5,200,flux_auth,"Apache HTTP Server,HSTS,PHP:8.2"
www.connect.ce.seventure.fr,https://www.connect.ce.seventure.fr/?p=1254,5,200,flux_auth,"Apache HTTP Server,HSTS,PHP:8.2"
www.connect.ce.seventure.fr,https://www.connect.ce.seventure.fr/wp-login.php?reauth=1&redirect_to=https%3A%2F%2Fwww.connect.ce.seventure.fr%2Fwp-admin%2F,5,200,flux_auth,"Apache HTTP Server,Clipboard.js,HSTS,MySQL,PHP:8.2,Underscore.js:1.13.8,WordPress,jQuery"
www.connect.ce.seventure.fr,https://www.connect.ce.seventure.fr/mot-de-passe-oublie,5,200,flux_auth,"Apache HTTP Server,HSTS,PHP:8.2"
www.connect.seventure.fr,https://www.connect.seventure.fr/?action=load&back=https%3A%2F%2Fwww.connect.ce.seventure.fr%2Finscription%2F&blogid=2&dm=4f19648eca1025f5b53a5408f617e8ae&siteid=1&t=4965766,5,200,flux_auth,"Apache HTTP Server,HSTS,PHP:8.2"
www.connect.seventure.fr,https://www.connect.seventure.fr/wp-login.php?reauth=1&redirect_to=https%3A%2F%2Fwww.connect.seventure.fr%2Fwp-admin%2F,5,200,flux_auth,"Apache HTTP Server,Clipboard.js,HSTS,MySQL,PHP:8.2,Underscore.js:1.13.8,WordPress,jQuery"
www.connect.seventure.fr,https://www.connect.seventure.fr/mot-de-passe-oublie,5,200,flux_auth,"Apache HTTP Server,HSTS,MySQL,PHP:8.2,WordPress"
www.connect.seventure.fr,https://www.connect.seventure.fr/?p=41,5,200,flux_auth,"Apache HTTP Server,HSTS,MySQL,PHP:8.2,WordPress"
www.connect.seventure.fr,https://www.connect.seventure.fr/?p=8,5,200,flux_auth,"Apache HTTP Server,HSTS,MySQL,PHP:8.2,WordPress"
www.connect.seventure.fr,https://www.connect.seventure.fr/?p=1278,5,200,flux_auth,"Apache HTTP Server,HSTS,MySQL,PHP:8.2,WordPress"
www.connect.seventure.fr,https://www.connect.seventure.fr/inscription,5,200,flux_auth,"Apache HTTP Server,HSTS,MySQL,PHP:8.2,WordPress"
www.connect.seventure.fr,https://www.connect.seventure.fr/connexion,5,200,flux_auth,"Apache HTTP Server,HSTS,MySQL,PHP:8.2,WordPress"
www.connect.seventure.fr,https://www.connect.seventure.fr/,5,200,flux_auth,"Apache HTTP Server,HSTS,MySQL,PHP:8.2,WordPress"
www.connect.seventure.fr,https://www.connect.seventure.fr/?action=load&back=https%3A%2F%2Fwww.connect.ce.seventure.fr%2Finscription%2F&blogid=2&dm=4f19648eca1025f5b53a5408f617e8ae&siteid=1&t=752889861,5,200,flux_auth,"Apache HTTP Server,HSTS,PHP:8.2"
www.connect.seventure.fr,https://www.connect.seventure.fr/?action=load&back=https%3A%2F%2Fwww.connect.ce.seventure.fr%2Fmot-de-passe-oublie%2F&blogid=2&dm=4f19648eca1025f5b53a5408f617e8ae&siteid=1&t=882660884,5,200,flux_auth,"Apache HTTP Server,HSTS,PHP:8.2"
www.connect.seventure.fr,https://www.connect.seventure.fr/?action=load&back=https%3A%2F%2Fwww.connect.ce.seventure.fr%2Fconnexion%2F&blogid=2&dm=4f19648eca1025f5b53a5408f617e8ae&siteid=1&t=1992854651,5,200,flux_auth,"Apache HTTP Server,HSTS,PHP:8.2"
www.connect.seventure.fr,https://www.connect.seventure.fr/?action=load&back=https%3A%2F%2Fwww.connect.ce.seventure.fr%2F&blogid=2&dm=4f19648eca1025f5b53a5408f617e8ae&siteid=1&t=859418736,5,200,flux_auth,"Apache HTTP Server,HSTS,PHP:8.2"
www.connect.seventure.fr,https://www.connect.seventure.fr/?action=load&back=https%3A%2F%2Fwww.connect.ce.seventure.fr%2F&blogid=2&dm=4f19648eca1025f5b53a5408f617e8ae&siteid=1&t=1906179238,5,200,flux_auth,"Apache HTTP Server,HSTS,PHP:8.2"
www.connect.seventure.fr,https://www.connect.seventure.fr/?action=load&back=https%3A%2F%2Fwww.connect.ce.seventure.fr%2Fconnexion%2F&blogid=2&dm=4f19648eca1025f5b53a5408f617e8ae&siteid=1&t=1739079110,5,200,flux_auth,"Apache HTTP Server,HSTS,PHP:8.2"
www.connect.seventure.fr,https://www.connect.seventure.fr/?action=load&back=https%3A%2F%2Fwww.connect.ce.seventure.fr%2F&blogid=2&dm=4f19648eca1025f5b53a5408f617e8ae&siteid=1&t=2139159511,5,200,flux_auth,"Apache HTTP Server,HSTS,PHP:8.2"
www.connect.seventure.fr,https://www.connect.seventure.fr/?action=load&back=https%3A%2F%2Fwww.connect.ce.seventure.fr%2Fconnexion%2F&blogid=2&dm=4f19648eca1025f5b53a5408f617e8ae&siteid=1&t=1766480330,5,200,flux_auth,"Apache HTTP Server,HSTS,PHP:8.2"
www.connect.seventure.fr,https://www.connect.seventure.fr/?action=load&back=https%3A%2F%2Fwww.connect.ce.seventure.fr%2F&blogid=2&dm=4f19648eca1025f5b53a5408f617e8ae&siteid=1&t=286985102,5,200,flux_auth,"Apache HTTP Server,HSTS,PHP:8.2"
www.connect.seventure.fr,https://www.connect.seventure.fr/?action=load&back=https%3A%2F%2Fwww.connect.ce.seventure.fr%2Finscription%2F&blogid=2&dm=4f19648eca1025f5b53a5408f617e8ae&siteid=1&t=1246267742,5,200,flux_auth,"Apache HTTP Server,HSTS,PHP:8.2"
www.connect.seventure.fr,https://www.connect.seventure.fr/?action=load&back=https%3A%2F%2Fwww.connect.ce.seventure.fr%2Finscription%2F&blogid=2&dm=4f19648eca1025f5b53a5408f617e8ae&siteid=1&t=122607146,5,200,flux_auth,"Apache HTTP Server,HSTS,PHP:8.2"
www.connect.seventure.fr,https://www.connect.seventure.fr/?amp=&dm=4f19648eca1025f5b53a5408f617e8ae,5,200,flux_auth,"Apache HTTP Server,HSTS,MySQL,PHP:8.2,WordPress"
www.connect.seventure.fr,https://www.connect.seventure.fr/?action=load&back=https%3A%2F%2Fwww.connect.ce.seventure.fr%2Fconnexion%2F&blogid=2&dm=4f19648eca1025f5b53a5408f617e8ae&siteid=1&t=1550824507,5,200,flux_auth,"Apache HTTP Server,HSTS,PHP:8.2"
www.connect.seventure.fr,https://www.connect.seventure.fr/?action=load&back=https%3A%2F%2Fwww.connect.ce.seventure.fr%2F&blogid=2&dm=4f19648eca1025f5b53a5408f617e8ae&siteid=1&t=1961331204,5,200,flux_auth,"Apache HTTP Server,HSTS,PHP:8.2"
www.creditfoncier.fr,https://www.creditfoncier.fr/resilier-un-compte-bancaire,5,200,flux_auth,"Backbone.js,Bootstrap,MySQL,OWL Carousel,PHP,Underscore.js:1.13.7,WordPress,Yoast SEO:26.8,jQuery"
www.csebpcea.fr,https://www.csebpcea.fr/com/login?back_url=%2Fmeyclub_autoconnect.php,5,200,flux_auth,"Bootstrap,HSTS,PHP,jQuery,jQuery UI"
www.csebpcea.fr,https://www.csebpcea.fr/com/login?back_url=%2Ftest,5,200,flux_auth,"Bootstrap,HSTS,PHP,jQuery,jQuery UI"
www.csebpcea.fr,https://www.csebpcea.fr/com/forgotten-password,5,200,flux_auth,"Bootstrap,HSTS,PHP,jQuery,jQuery UI"
www.csebpcea.fr,https://www.csebpcea.fr/com/login?back_url=%2Fcom%2Fpage%2F775,5,200,flux_auth,"Bootstrap,HSTS,PHP,jQuery,jQuery UI"
www.csebpcea.fr,https://www.csebpcea.fr/com/login?back_url=%2Fcom%2Fpage%2F929,5,200,flux_auth,"Bootstrap,HSTS,PHP,jQuery,jQuery UI"
www.csebpcea.fr,https://www.csebpcea.fr/login_site.php?back_url=%2Fcom%2Fpage%2F1039,5,200,flux_auth,"Bootstrap,HSTS,PHP,jQuery,jQuery UI"
www.csebpcea.fr,https://www.csebpcea.fr/login_site.php?back_url=%2Fcom%2Fpage%2F1004,5,200,flux_auth,"Bootstrap,HSTS,PHP,jQuery,jQuery UI"
www.csebpcea.fr,https://www.csebpcea.fr/login_site.php?back_url=%2Fcom%2Fpage%2F1020,5,200,flux_auth,"Bootstrap,HSTS,PHP,jQuery,jQuery UI"
www.csebpcea.fr,https://www.csebpcea.fr/login_site.php?back_url=%2Farchive,5,200,flux_auth,"Bootstrap,HSTS,PHP,jQuery,jQuery UI"
www.csebpcea.fr,https://www.csebpcea.fr/login_site.php?back_url=%2Fcom%2Fpage%2F449,5,200,flux_auth,"Bootstrap,HSTS,PHP,jQuery,jQuery UI"
www.csebpcea.fr,https://www.csebpcea.fr/login_site.php?back_url=%2Fcom%2Fhomepage,5,200,flux_auth,"Bootstrap,HSTS,PHP,jQuery,jQuery UI"
www.csebpcea.fr,https://www.csebpcea.fr/login_site.php?back_url=%2Fcom%2Fpage%2F771,5,200,flux_auth,"Bootstrap,HSTS,PHP,jQuery,jQuery UI"
www.csebpcea.fr,https://www.csebpcea.fr/login_site.php?back_url=%2Fcom%2Fpage%2F571,5,200,flux_auth,"Bootstrap,HSTS,PHP,jQuery,jQuery UI"
www.csebpcea.fr,https://www.csebpcea.fr/login_site.php?back_url=%2Fcom%2Fpage%2F778,5,200,flux_auth,"Bootstrap,HSTS,PHP,jQuery,jQuery UI"
www.csebpcea.fr,https://www.csebpcea.fr/login_site.php?back_url=%2Fcom%2Fpage%2F1053,5,200,flux_auth,"Bootstrap,HSTS,PHP,jQuery,jQuery UI"
www.csebpcea.fr,https://www.csebpcea.fr/com/login?back_url=%2Fcom%2Fpage%2F1055,5,200,flux_auth,"Bootstrap,HSTS,PHP,jQuery,jQuery UI"
www.csebpcea.fr,https://www.csebpcea.fr/login_site.php?back_url=%2Fcom%2Fpage%2F1058,5,200,flux_auth,"Bootstrap,HSTS,PHP,jQuery,jQuery UI"
www.csebpcea.fr,https://www.csebpcea.fr/login_site.php?back_url=%2Fcom%2Fpage%2F1008,5,200,flux_auth,"Bootstrap,HSTS,PHP,jQuery,jQuery UI"
www.csebpcea.fr,https://www.csebpcea.fr/com/login?back_url=%2Fcom%2Fpage%2F1004,5,200,flux_auth,"Bootstrap,HSTS,PHP,jQuery,jQuery UI"
www.csebpcea.fr,https://www.csebpcea.fr/login_site.php?back_url=%2Fcom%2Fpage%2F569,5,200,flux_auth,"Bootstrap,HSTS,PHP,jQuery,jQuery UI"
www.csebpcea.fr,https://www.csebpcea.fr/login_site.php?back_url=%2Fcom%2Fpage%2F1055,5,200,flux_auth,"Bootstrap,HSTS,PHP,jQuery,jQuery UI"
www.csebpcea.fr,https://www.csebpcea.fr/login_site.php?back_url=%2Fcom%2Fpage%2F1041,5,200,flux_auth,"Bootstrap,HSTS,PHP,jQuery,jQuery UI"
www.csebpcea.fr,https://www.csebpcea.fr/login_site.php?back_url=%2Fcom%2Fpage%2F777,5,200,flux_auth,"Bootstrap,HSTS,PHP,jQuery,jQuery UI"
www.csebpcea.fr,https://www.csebpcea.fr/login_site.php?back_url=%2Fcom%2Fpage%2F451,5,200,flux_auth,"Bootstrap,HSTS,PHP,jQuery,jQuery UI"
www.csebpcea.fr,https://www.csebpcea.fr/login_site.php?back_url=%2Fcom%2Fpage%2F775,5,200,flux_auth,"Bootstrap,HSTS,PHP,jQuery,jQuery UI"
www.csebpcea.fr,https://www.csebpcea.fr/login_site.php?back_url=%2Fcom%2Fpage%2F797,5,200,flux_auth,"Bootstrap,HSTS,PHP,jQuery,jQuery UI"
www.csebpcea.fr,https://www.csebpcea.fr/login_site.php?back_url=%2Fcom%2Fpage%2F801,5,200,flux_auth,"Bootstrap,HSTS,PHP,jQuery,jQuery UI"
www.csebpcea.fr,https://www.csebpcea.fr/login_site.php?back_url=%2Fcom%2Fpage%2F947,5,200,flux_auth,"Bootstrap,HSTS,PHP,jQuery,jQuery UI"
www.csebpcea.fr,https://www.csebpcea.fr/login_site.php?back_url=%2Fcom%2Fpage%2F663,5,200,flux_auth,"Bootstrap,HSTS,PHP,jQuery,jQuery UI"
www.csebpcea.fr,https://www.csebpcea.fr/com/login?back_url=%2Fcom%2Fpage%2F1020,5,200,flux_auth,"Bootstrap,HSTS,PHP,jQuery,jQuery UI"
www.csebpcea.fr,https://www.csebpcea.fr/com/login?back_url=%2Fcom%2Fpage%2F491,5,200,flux_auth,"Bootstrap,HSTS,PHP,jQuery,jQuery UI"
www.csebpcea.fr,https://www.csebpcea.fr/com/login?back_url=%2Fcom%2Fpage%2F1053,5,200,flux_auth,"Bootstrap,HSTS,PHP,jQuery,jQuery UI"
www.csebpcea.fr,https://www.csebpcea.fr/com/login?back_url=%2Fcom%2Fpage%2F874,5,200,flux_auth,"Bootstrap,HSTS,PHP,jQuery,jQuery UI"
www.csebpcea.fr,https://www.csebpcea.fr/com/login?back_url=%2Fcom%2Fpage%2F663,5,200,flux_auth,"Bootstrap,HSTS,PHP,jQuery,jQuery UI"
www.csebpcea.fr,https://www.csebpcea.fr/com/login?back_url=%2Fcom%2Fpage%2F777,5,200,flux_auth,"Bootstrap,HSTS,PHP,jQuery,jQuery UI"
www.csebpcea.fr,https://www.csebpcea.fr/com/login?back_url=%2Fcom%2Fpage%2F1039,5,200,flux_auth,"Bootstrap,HSTS,PHP,jQuery,jQuery UI"
www.csebpcea.fr,https://www.csebpcea.fr/com/login?back_url=%2Fcom%2Fpage%2F449,5,200,flux_auth,"Bootstrap,HSTS,PHP,jQuery,jQuery UI"
www.csebpcea.fr,https://www.csebpcea.fr/login_site.php?back_url=%2Fcom%2Fpage%2F998,5,200,flux_auth,"Bootstrap,HSTS,PHP,jQuery,jQuery UI"
www.csebpcea.fr,https://www.csebpcea.fr/login_site.php?back_url=%2Fcom%2Fpage%2F874,5,200,flux_auth,"Bootstrap,HSTS,PHP,jQuery,jQuery UI"
www.csebpcea.fr,https://www.csebpcea.fr/login_site.php?back_url=%2Fcom%2Fpage%2F929,5,200,flux_auth,"Bootstrap,HSTS,PHP,jQuery,jQuery UI"
www.csebpcea.fr,https://www.csebpcea.fr/login_site.php?back_url=%2Ftest,5,200,flux_auth,"Bootstrap,HSTS,PHP,jQuery,jQuery UI"
www.csebpcea.fr,https://www.csebpcea.fr/login_site.php?back_url=%2Fmeyclub_autoconnect.php,5,200,flux_auth,"Bootstrap,HSTS,PHP,jQuery,jQuery UI"
www.csebpcea.fr,https://www.csebpcea.fr/login_site.php?back_url=%2Fecole,5,200,flux_auth,"Bootstrap,HSTS,PHP,jQuery,jQuery UI"
www.csebpcea.fr,https://www.csebpcea.fr/meyclub_autoconnect.php,5,200,flux_auth,"Bootstrap,HSTS,PHP,jQuery,jQuery UI"
www.csebpcea.fr,https://www.csebpcea.fr/com/login?back_url=%2Fcom%2Fpage%2F451,5,200,flux_auth,"Bootstrap,HSTS,PHP,jQuery,jQuery UI"
www.csebpcea.fr,https://www.csebpcea.fr/com/login?back_url=%2Farchive,5,200,flux_auth,"Bootstrap,HSTS,PHP,jQuery,jQuery UI"
www.csebpcea.fr,https://www.csebpcea.fr/com/login?back_url=%2Fcom%2Fhomepage,5,200,flux_auth,"Bootstrap,HSTS,PHP,jQuery,jQuery UI"
www.csebpcea.fr,https://www.csebpcea.fr/login_site.php?back_url=%2Fcom%2Fpage%2F491,5,200,flux_auth,"Bootstrap,HSTS,PHP,jQuery,jQuery UI"
www.csebpcea.fr,https://www.csebpcea.fr/com/login?back_url=%2Fecole,5,200,flux_auth,"Bootstrap,HSTS,PHP,jQuery,jQuery UI"
www.csebpcea.fr,https://www.csebpcea.fr/com/login?back_url=%2Fcom%2Fpage%2F571,5,200,flux_auth,"Bootstrap,HSTS,PHP,jQuery,jQuery UI"
www.csebpcea.fr,https://www.csebpcea.fr/com/login?back_url=%2Fcom%2Fpage%2F998,5,200,flux_auth,"Bootstrap,HSTS,PHP,jQuery,jQuery UI"
www.csebpcea.fr,https://www.csebpcea.fr/com/login?back_url=%2Fcom%2Fpage%2F771,5,200,flux_auth,"Bootstrap,HSTS,PHP,jQuery,jQuery UI"
www.csebpcea.fr,https://www.csebpcea.fr/com/login?back_url=%2Fcom%2Fpage%2F1008,5,200,flux_auth,"Bootstrap,HSTS,PHP,jQuery,jQuery UI"
www.csebpcea.fr,https://www.csebpcea.fr/com/login?back_url=%2Fcom%2Fpage%2F1041,5,200,flux_auth,"Bootstrap,HSTS,PHP,jQuery,jQuery UI"
www.csebpcea.fr,https://www.csebpcea.fr/com/login?back_url=%2Fcom%2Fpage%2F1058,5,200,flux_auth,"Bootstrap,HSTS,PHP,jQuery,jQuery UI"
www.csebpcea.fr,https://www.csebpcea.fr/com/login?back_url=%2Fcom%2Fpage%2F569,5,200,flux_auth,"Bootstrap,HSTS,PHP,jQuery,jQuery UI"
www.csebpcea.fr,https://www.csebpcea.fr/com/login?back_url=%2Fcom%2Fpage%2F797,5,200,flux_auth,"Bootstrap,HSTS,PHP,jQuery,jQuery UI"
www.csebpcea.fr,https://www.csebpcea.fr/com/login?back_url=%2Fcom%2Fpage%2F778,5,200,flux_auth,"Bootstrap,HSTS,PHP,jQuery,jQuery UI"
www.csebpcea.fr,https://www.csebpcea.fr/com/login?back_url=%2Fcom%2Fpage%2F801,5,200,flux_auth,"Bootstrap,HSTS,PHP,jQuery,jQuery UI"
www.csebpcea.fr,https://www.csebpcea.fr/com/login?back_url=%2Fcom%2Fpage%2F947,5,200,flux_auth,"Bootstrap,HSTS,PHP,jQuery,jQuery UI"
www.cse-bpce-si.fr,https://www.cse-bpce-si.fr/Authentification/recuperer-identifiants,5,200,flux_auth,"HSTS,Microsoft ASP.NET"
www.cse-bpce-si.fr,https://www.cse-bpce-si.fr//Authentification/index?ReturnUrl=https%3A%2F%2Fwww.cse-bpce-si.fr%2F,5,200,flux_auth,"HSTS,Microsoft ASP.NET"
www.cse-bpce-si.fr,https://www.cse-bpce-si.fr/Authentification/index?ReturnUrl=https%3A%2F%2Fwww.cse-bpce-si.fr%2F,5,200,flux_auth,"HSTS,Microsoft ASP.NET"
www.cse-bpce-si.fr,https://www.cse-bpce-si.fr/Content/css/login?v=_uDHTTJwGPBiut0vP0V4QuwgwyGJ7zt5OW4LiCJYGCU1,5,200,flux_auth,HSTS
www.cse-bpce-si.fr,https://www.cse-bpce-si.fr/bundles/js/login?v=TXi8h2aQd2Y38OFFUGSek5NpfJY2WWF4yE3El7qHfvk1,5,200,flux_auth,HSTS
www.csebps.fr,https://www.csebps.fr/login_site.php?back_url=%2Fcom%2Fpage%2F1172,5,200,flux_auth,"Bootstrap,HSTS,PHP,jQuery,jQuery UI"
www.csebps.fr,https://www.csebps.fr/login_site.php?back_url=%2Fcom%2Fpage%2F1170,5,200,flux_auth,"Bootstrap,HSTS,PHP,jQuery,jQuery UI"
www.csebps.fr,https://www.csebps.fr/login_site.php?back_url=%2Fcom%2Fpage%2F1156,5,200,flux_auth,"Bootstrap,HSTS,PHP,jQuery,jQuery UI"
www.csebps.fr,https://www.csebps.fr/login_site.php?back_url=%2Fcom%2Fpage%2F1167,5,200,flux_auth,"Bootstrap,HSTS,PHP,jQuery,jQuery UI"
www.csebps.fr,https://www.csebps.fr/login_site.php?back_url=%2Fcom%2Fpage%2F1173,5,200,flux_auth,"Bootstrap,HSTS,PHP,jQuery,jQuery UI"
www.csebps.fr,https://www.csebps.fr/login_site.php?back_url=%2Fcom%2Fpage%2F1175,5,200,flux_auth,"Bootstrap,HSTS,PHP,jQuery,jQuery UI"
www.csebps.fr,https://www.csebps.fr/login_site.php?back_url=%2Fcom%2Fpage%2F1176,5,200,flux_auth,"Bootstrap,HSTS,PHP,jQuery,jQuery UI"
www.csebps.fr,https://www.csebps.fr/login_site.php?back_url=%2Fcom%2Fpage%2F1232,5,200,flux_auth,"Bootstrap,HSTS,PHP,jQuery,jQuery UI"
www.csebps.fr,https://www.csebps.fr/login_site.php?back_url=%2Fcom%2Fpage%2F1221,5,200,flux_auth,"Bootstrap,HSTS,PHP,jQuery,jQuery UI"
www.csebps.fr,https://www.csebps.fr/login_site.php?back_url=%2Fcom%2Fpage%2F1223,5,200,flux_auth,"Bootstrap,HSTS,PHP,jQuery,jQuery UI"
www.csebps.fr,https://www.csebps.fr/login_site.php?back_url=%2Fcom%2Fpage%2F1222,5,200,flux_auth,"Bootstrap,HSTS,PHP,jQuery,jQuery UI"
www.csebps.fr,https://www.csebps.fr/login_site.php?back_url=%2Fcom%2Fpage%2F1306,5,200,flux_auth,"Bootstrap,HSTS,PHP,jQuery,jQuery UI"
www.csebps.fr,https://www.csebps.fr/login_site.php?back_url=%2Fcom%2Fpage%2F1332,5,200,flux_auth,"Bootstrap,HSTS,PHP,jQuery,jQuery UI"
www.csebps.fr,https://www.csebps.fr/login_site.php?back_url=%2Fcom%2Fpage%2F1322,5,200,flux_auth,"Bootstrap,HSTS,PHP,jQuery,jQuery UI"
www.csebps.fr,https://www.csebps.fr/login_site.php?back_url=%2Fcom%2Fpage%2F1394,5,200,flux_auth,"Bootstrap,HSTS,PHP,jQuery,jQuery UI"
www.csebps.fr,https://www.csebps.fr/login_site.php?back_url=%2Fcom%2Fpage%2F1393,5,200,flux_auth,"Bootstrap,HSTS,PHP,jQuery,jQuery UI"
www.csebps.fr,https://www.csebps.fr/login_site.php?back_url=%2Fcom%2Fpage%2F1395,5,200,flux_auth,"Bootstrap,HSTS,PHP,jQuery,jQuery UI"
www.csebps.fr,https://www.csebps.fr/login_site.php?back_url=%2Fcom%2Fpage%2F1397,5,200,flux_auth,"Bootstrap,HSTS,PHP,jQuery,jQuery UI"
www.csebps.fr,https://www.csebps.fr/login_site.php?back_url=%2Fcom%2Fpage%2F1396,5,200,flux_auth,"Bootstrap,HSTS,PHP,jQuery,jQuery UI"
www.csebps.fr,https://www.csebps.fr/login_site.php?back_url=%2Fcom%2Fpage%2F1399,5,200,flux_auth,"Bootstrap,HSTS,PHP,jQuery,jQuery UI"
www.csebps.fr,https://www.csebps.fr/login_site.php?back_url=%2Fcom%2Fpage%2F1400,5,200,flux_auth,"Bootstrap,HSTS,PHP,jQuery,jQuery UI"
www.csebps.fr,https://www.csebps.fr/login_site.php?back_url=%2Fcom%2Fpage%2F1406,5,200,flux_auth,"Bootstrap,HSTS,PHP,jQuery,jQuery UI"
www.csebps.fr,https://www.csebps.fr/login_site.php?back_url=%2Fcom%2Fpage%2F1447,5,200,flux_auth,"Bootstrap,HSTS,PHP,jQuery,jQuery UI"
www.csebps.fr,https://www.csebps.fr/login_site.php?back_url=%2Fcom%2Fpage%2F1417,5,200,flux_auth,"Bootstrap,HSTS,PHP,jQuery,jQuery UI"
www.csebps.fr,https://www.csebps.fr/login_site.php?back_url=%2Fcom%2Fpage%2F1413,5,200,flux_auth,"Bootstrap,HSTS,PHP,jQuery,jQuery UI"
www.csebps.fr,https://www.csebps.fr/login_site.php?back_url=%2Fcom%2Fpage%2F1479,5,200,flux_auth,"Bootstrap,HSTS,PHP,jQuery,jQuery UI"
www.csebps.fr,https://www.csebps.fr/login_site.php?back_url=%2Fcom%2Fpage%2F1427,5,200,flux_auth,"Bootstrap,HSTS,PHP,jQuery,jQuery UI"
www.csebps.fr,https://www.csebps.fr/login_site.php?back_url=%2Fcom%2Fpage%2F1473,5,200,flux_auth,"Bootstrap,HSTS,PHP,jQuery,jQuery UI"
www.csebps.fr,https://www.csebps.fr/login_site.php?back_url=%2Fcom%2Fpage%2F1448,5,200,flux_auth,"Bootstrap,HSTS,PHP,jQuery,jQuery UI"
www.csebps.fr,https://www.csebps.fr/login_site.php?back_url=%2Fcom%2Fpage%2F1401,5,200,flux_auth,"Bootstrap,HSTS,PHP,jQuery,jQuery UI"
www.csebps.fr,https://www.csebps.fr/login_site.php?back_url=%2Fcom%2Fpage%2F1166,5,200,flux_auth,"Bootstrap,HSTS,PHP,jQuery,jQuery UI"
www.csebps.fr,https://www.csebps.fr/login_site.php?back_url=%2Fcom%2Fpage%2F1457,5,200,flux_auth,"Bootstrap,HSTS,PHP,jQuery,jQuery UI"
www.csebps.fr,https://www.csebps.fr/login_site.php?back_url=%2Fcom%2Fpage%2F1526,5,200,flux_auth,"Bootstrap,HSTS,PHP,jQuery,jQuery UI"
www.csebps.fr,https://www.csebps.fr/login_site.php?back_url=%2Fcom%2Fpage%2F1408,5,200,flux_auth,"Bootstrap,HSTS,PHP,jQuery,jQuery UI"
www.csebps.fr,https://www.csebps.fr/login_site.php?back_url=%2Fcom%2Fpage%2F1569,5,200,flux_auth,"Bootstrap,HSTS,PHP,jQuery,jQuery UI"
www.csebps.fr,https://www.csebps.fr/login_site.php?back_url=%2Fcom%2Fpage%2F1142,5,200,flux_auth,"Bootstrap,HSTS,PHP,jQuery,jQuery UI"
www.csebps.fr,https://www.csebps.fr/login_site.php?back_url=%2Fcom%2Fpage%2F1578,5,200,flux_auth,"Bootstrap,HSTS,PHP,jQuery,jQuery UI"
www.csebps.fr,https://www.csebps.fr/login_site.php?back_url=%2Fcom%2Fpage%2F1572,5,200,flux_auth,"Bootstrap,HSTS,PHP,jQuery,jQuery UI"
www.csebps.fr,https://www.csebps.fr/login_site.php?back_url=%2Fcom%2Fpage%2F1570,5,200,flux_auth,"Bootstrap,HSTS,PHP,jQuery,jQuery UI"
www.csebps.fr,https://www.csebps.fr/login_site.php?back_url=%2Fcom%2Fpage%2F1541,5,200,flux_auth,"Bootstrap,HSTS,PHP,jQuery,jQuery UI"
www.csebps.fr,https://www.csebps.fr/login_site.php?back_url=%2Fcom%2Fpage%2F1094,5,200,flux_auth,"Bootstrap,HSTS,PHP,jQuery,jQuery UI"
www.csebps.fr,https://www.csebps.fr/login_site.php?back_url=%2Fcom%2Fpage%2F1585,5,200,flux_auth,"Bootstrap,HSTS,PHP,jQuery,jQuery UI"
www.csebps.fr,https://www.csebps.fr/login_site.php?back_url=%2Fcom%2Fpage%2F1532,5,200,flux_auth,"Bootstrap,HSTS,PHP,jQuery,jQuery UI"
www.csebps.fr,https://www.csebps.fr/login_site.php?back_url=%2Fcom%2Fpage%2F1573,5,200,flux_auth,"Bootstrap,HSTS,PHP,jQuery,jQuery UI"
www.csebps.fr,https://www.csebps.fr/login_site.php?back_url=%2Fcom%2Fpage%2F1579,5,200,flux_auth,"Bootstrap,HSTS,PHP,jQuery,jQuery UI"
www.csebps.fr,https://www.csebps.fr/login_site.php?back_url=%2Fcom%2Fpage%2F1168,5,200,flux_auth,"Bootstrap,HSTS,PHP,jQuery,jQuery UI"
www.csebps.fr,https://www.csebps.fr/login_site.php?back_url=%2Fcom%2Fpage%2F1586,5,200,flux_auth,"Bootstrap,HSTS,PHP,jQuery,jQuery UI"
www.csebps.fr,https://www.csebps.fr/login_site.php?back_url=%2Fcom%2Fpage%2F1580,5,200,flux_auth,"Bootstrap,HSTS,PHP,jQuery,jQuery UI"
www.csebps.fr,https://www.csebps.fr/login_site.php?back_url=%2Fcom%2Fpage%2F1590,5,200,flux_auth,"Bootstrap,HSTS,PHP,jQuery,jQuery UI"
www.csebps.fr,https://www.csebps.fr/login_site.php?back_url=%2Ftest,5,200,flux_auth,"Bootstrap,HSTS,PHP,jQuery,jQuery UI"
www.csebps.fr,https://www.csebps.fr/login_site.php?back_url=%2Fcom%2Fpage%2F1582,5,200,flux_auth,"Bootstrap,HSTS,PHP,jQuery,jQuery UI"
www.csebps.fr,https://www.csebps.fr/login_site.php?back_url=%2Fcom%2Fpage%2F1591,5,200,flux_auth,"Bootstrap,HSTS,PHP,jQuery,jQuery UI"
www.csebps.fr,https://www.csebps.fr/login_site.php?back_url=%2Fcom%2Fpage%2F1593,5,200,flux_auth,"Bootstrap,HSTS,PHP,jQuery,jQuery UI"
www.csebps.fr,https://www.csebps.fr/login_site.php?back_url=%2Fcom%2Fpage%2F1595,5,200,flux_auth,"Bootstrap,HSTS,PHP,jQuery,jQuery UI"
www.csebps.fr,https://www.csebps.fr/login_site.php?back_url=%2Fcom%2Fpage%2F1594,5,200,flux_auth,"Bootstrap,HSTS,PHP,jQuery,jQuery UI"
www.csebps.fr,https://www.csebps.fr/login_site.php?back_url=%2Fcom%2Fpage%2F1588,5,200,flux_auth,"Bootstrap,HSTS,PHP,jQuery,jQuery UI"
www.csebps.fr,https://www.csebps.fr/login_site.php?back_url=%2Fcom%2Fpage%2F1596,5,200,flux_auth,"Bootstrap,HSTS,PHP,jQuery,jQuery UI"
www.csebps.fr,https://www.csebps.fr/login_site.php?back_url=%2Fcom%2Fpage%2F1602,5,200,flux_auth,"Bootstrap,HSTS,PHP,jQuery,jQuery UI"
www.csebps.fr,https://www.csebps.fr/login_site.php?back_url=%2Fcom%2Fpage%2F1158,5,200,flux_auth,"Bootstrap,HSTS,PHP,jQuery,jQuery UI"
www.csebps.fr,https://www.csebps.fr/login_site.php?back_url=%2Fcom%2Fpage%2F1600,5,200,flux_auth,"Bootstrap,HSTS,PHP,jQuery,jQuery UI"
www.csebps.fr,https://www.csebps.fr/login_site.php?back_url=%2Fcom%2Fpage%2F1603,5,200,flux_auth,"Bootstrap,HSTS,PHP,jQuery,jQuery UI"
www.csebps.fr,https://www.csebps.fr/login_site.php?back_url=%2Fcom%2Fpage%2F1610,5,200,flux_auth,"Bootstrap,HSTS,PHP,jQuery,jQuery UI"
www.csebps.fr,https://www.csebps.fr/login_site.php?back_url=%2Fcom%2Fpage%2F1606,5,200,flux_auth,"Bootstrap,HSTS,PHP,jQuery,jQuery UI"
www.csebps.fr,https://www.csebps.fr/login_site.php?back_url=%2Fcom%2Fpage%2F1609,5,200,flux_auth,"Bootstrap,HSTS,PHP,jQuery,jQuery UI"
www.csebps.fr,https://www.csebps.fr/login_site.php?back_url=%2Fcom%2Fpage%2F1608,5,200,flux_auth,"Bootstrap,HSTS,PHP,jQuery,jQuery UI"
www.csebps.fr,https://www.csebps.fr/login_site.php?back_url=%2Fcom%2Fpage%2F1611,5,200,flux_auth,"Bootstrap,HSTS,PHP,jQuery,jQuery UI"
www.csebps.fr,https://www.csebps.fr/login_site.php?back_url=%2Fcom%2Fpage%2F1612,5,200,flux_auth,"Bootstrap,HSTS,PHP,jQuery,jQuery UI"
www.csebps.fr,https://www.csebps.fr/login_site.php?back_url=%2Fcom%2Fpage%2F1615,5,200,flux_auth,"Bootstrap,HSTS,PHP,jQuery,jQuery UI"
www.csebps.fr,https://www.csebps.fr/login_site.php?back_url=%2Fcom%2Fpage%2F1621,5,200,flux_auth,"Bootstrap,HSTS,PHP,jQuery,jQuery UI"
www.csebps.fr,https://www.csebps.fr/login_site.php?back_url=%2Fcom%2Fpage%2F1665,5,200,flux_auth,"Bootstrap,HSTS,PHP,jQuery,jQuery UI"
www.csebps.fr,https://www.csebps.fr/login_site.php?back_url=%2Fcom%2Fpage%2F1614,5,200,flux_auth,"Bootstrap,HSTS,PHP,jQuery,jQuery UI"
www.csebps.fr,https://www.csebps.fr/login_site.php?back_url=%2Fcom%2Fhomepage,5,200,flux_auth,"Bootstrap,HSTS,PHP,jQuery,jQuery UI"
www.csebps.fr,https://www.csebps.fr/login_site.php?back_url=%2Fcom%2Fpage%2F1622,5,200,flux_auth,"Bootstrap,HSTS,PHP,jQuery,jQuery UI"
www.csebps.fr,https://www.csebps.fr/login_site.php?back_url=%2Fcom%2Fpage%2F1616,5,200,flux_auth,"Bootstrap,HSTS,PHP,jQuery,jQuery UI"
www.csebps.fr,https://www.csebps.fr/login_site.php?back_url=%2Fcom%2Fpage%2F1635,5,200,flux_auth,"Bootstrap,HSTS,PHP,jQuery,jQuery UI"
www.csebps.fr,https://www.csebps.fr/login_site.php?back_url=%2Fcom%2Fpage%2F1634,5,200,flux_auth,"Bootstrap,HSTS,PHP,jQuery,jQuery UI"
www.csebps.fr,https://www.csebps.fr/login_site.php?back_url=%2Farchive,5,200,flux_auth,"Bootstrap,HSTS,PHP,jQuery,jQuery UI"
www.csebps.fr,https://www.csebps.fr/login_site.php?back_url=%2Fcom%2Fpage%2F1673,5,200,flux_auth,"Bootstrap,HSTS,PHP,jQuery,jQuery UI"
www.csebps.fr,https://www.csebps.fr/login_site.php?back_url=%2Fcom%2Fpage%2F1632,5,200,flux_auth,"Bootstrap,HSTS,PHP,jQuery,jQuery UI"
www.csebps.fr,https://www.csebps.fr/login_site.php?back_url=%2Fcom%2Fpage%2F1674,5,200,flux_auth,"Bootstrap,HSTS,PHP,jQuery,jQuery UI"
www.csebps.fr,https://www.csebps.fr/login_site.php?back_url=%2Fcom%2Fpage%2F1668,5,200,flux_auth,"Bootstrap,HSTS,PHP,jQuery,jQuery UI"
www.csebps.fr,https://www.csebps.fr/login_site.php?back_url=%2Fcom%2Fpage%2F1670,5,200,flux_auth,"Bootstrap,HSTS,PHP,jQuery,jQuery UI"
www.csebps.fr,https://www.csebps.fr/login_site.php?back_url=%2Fcom%2Fpage%2F1669,5,200,flux_auth,"Bootstrap,HSTS,PHP,jQuery,jQuery UI"
www.csebps.fr,https://www.csebps.fr/login_site.php?back_url=%2Fecole,5,200,flux_auth,"Bootstrap,HSTS,PHP,jQuery,jQuery UI"
www.csebps.fr,https://www.csebps.fr/login_site.php?back_url=%2Fcom%2Fpage%2F1666,5,200,flux_auth,"Bootstrap,HSTS,PHP,jQuery,jQuery UI"
www.csebps.fr,https://www.csebps.fr/login_site.php?back_url=%2Fcom%2Fpage%2F1672,5,200,flux_auth,"Bootstrap,HSTS,PHP,jQuery,jQuery UI"
www.csebps.fr,https://www.csebps.fr/login_site.php?back_url=%2Fcom%2Fpage%2F1677,5,200,flux_auth,"Bootstrap,HSTS,PHP,jQuery,jQuery UI"
www.csebps.fr,https://www.csebps.fr/login_site.php?back_url=%2Fmeyclub_autoconnect.php,5,200,flux_auth,"Bootstrap,HSTS,PHP,jQuery,jQuery UI"
www.csebps.fr,https://www.csebps.fr/meyclub_autoconnect.php,5,200,flux_auth,"Bootstrap,HSTS,PHP,jQuery,jQuery UI"
www.csebps.fr,https://www.csebps.fr/com/login?back_url=%2Ftest,5,200,flux_auth,"Bootstrap,HSTS,PHP,jQuery,jQuery UI"
www.csebps.fr,https://www.csebps.fr/com/login?back_url=%2Fmeyclub_autoconnect.php,5,200,flux_auth,"Bootstrap,HSTS,PHP,jQuery,jQuery UI"
www.csebps.fr,https://www.csebps.fr/com/login?back_url=%2Fcom%2Fpage%2F1632,5,200,flux_auth,"Bootstrap,HSTS,PHP,jQuery,jQuery UI"
www.csebps.fr,https://www.csebps.fr/com/login?back_url=%2Fcom%2Fpage%2F1665,5,200,flux_auth,"Bootstrap,HSTS,PHP,jQuery,jQuery UI"
www.csebps.fr,https://www.csebps.fr/com/login?back_url=%2Fcom%2Fpage%2F1614,5,200,flux_auth,"Bootstrap,HSTS,PHP,jQuery,jQuery UI"
www.csebps.fr,https://www.csebps.fr/com/login?back_url=%2Fcom%2Fpage%2F1668,5,200,flux_auth,"Bootstrap,HSTS,PHP,jQuery,jQuery UI"
www.csebps.fr,https://www.csebps.fr/com/login?back_url=%2Fcom%2Fpage%2F1674,5,200,flux_auth,"Bootstrap,HSTS,PHP,jQuery,jQuery UI"
www.csebps.fr,https://www.csebps.fr/com/login?back_url=%2Fcom%2Fpage%2F1677,5,200,flux_auth,"Bootstrap,HSTS,PHP,jQuery,jQuery UI"
www.csebps.fr,https://www.csebps.fr/com/login?back_url=%2Fcom%2Fpage%2F1673,5,200,flux_auth,"Bootstrap,HSTS,PHP,jQuery,jQuery UI"
www.csebps.fr,https://www.csebps.fr/com/login?back_url=%2Fcom%2Fpage%2F1669,5,200,flux_auth,"Bootstrap,HSTS,PHP,jQuery,jQuery UI"
www.csebps.fr,https://www.csebps.fr/com/login?back_url=%2Fcom%2Fpage%2F1622,5,200,flux_auth,"Bootstrap,HSTS,PHP,jQuery,jQuery UI"
www.csebps.fr,https://www.csebps.fr/com/login?back_url=%2Fcom%2Fpage%2F1610,5,200,flux_auth,"Bootstrap,HSTS,PHP,jQuery,jQuery UI"
www.csebps.fr,https://www.csebps.fr/com/login?back_url=%2Fcom%2Fpage%2F1666,5,200,flux_auth,"Bootstrap,HSTS,PHP,jQuery,jQuery UI"
www.csebps.fr,https://www.csebps.fr/com/login?back_url=%2Fcom%2Fpage%2F1635,5,200,flux_auth,"Bootstrap,HSTS,PHP,jQuery,jQuery UI"
www.csebps.fr,https://www.csebps.fr/com/login?back_url=%2Fcom%2Fpage%2F1603,5,200,flux_auth,"Bootstrap,HSTS,PHP,jQuery,jQuery UI"
www.csebps.fr,https://www.csebps.fr/com/login?back_url=%2Fcom%2Fpage%2F1616,5,200,flux_auth,"Bootstrap,HSTS,PHP,jQuery,jQuery UI"
www.csebps.fr,https://www.csebps.fr/com/login?back_url=%2Fcom%2Fpage%2F1621,5,200,flux_auth,"Bootstrap,HSTS,PHP,jQuery,jQuery UI"
www.csebps.fr,https://www.csebps.fr/com/login?back_url=%2Fcom%2Fpage%2F1672,5,200,flux_auth,"Bootstrap,HSTS,PHP,jQuery,jQuery UI"
www.csebps.fr,https://www.csebps.fr/com/login?back_url=%2Fecole,5,200,flux_auth,"Bootstrap,HSTS,PHP,jQuery,jQuery UI"
www.csebps.fr,https://www.csebps.fr/com/login?back_url=%2Fcom%2Fpage%2F1670,5,200,flux_auth,"Bootstrap,HSTS,PHP,jQuery,jQuery UI"
www.csebps.fr,https://www.csebps.fr/com/login?back_url=%2Fcom%2Fpage%2F1634,5,200,flux_auth,"Bootstrap,HSTS,PHP,jQuery,jQuery UI"
www.csebps.fr,https://www.csebps.fr/com/login?back_url=%2Fcom%2Fpage%2F1612,5,200,flux_auth,"Bootstrap,HSTS,PHP,jQuery,jQuery UI"
www.csebps.fr,https://www.csebps.fr/com/login?back_url=%2Fcom%2Fpage%2F1606,5,200,flux_auth,"Bootstrap,HSTS,PHP,jQuery,jQuery UI"
www.csebps.fr,https://www.csebps.fr/com/login?back_url=%2Fcom%2Fpage%2F1608,5,200,flux_auth,"Bootstrap,HSTS,PHP,jQuery,jQuery UI"
www.csebps.fr,https://www.csebps.fr/com/login?back_url=%2Fcom%2Fpage%2F1611,5,200,flux_auth,"Bootstrap,HSTS,PHP,jQuery,jQuery UI"
www.csebps.fr,https://www.csebps.fr/com/login?back_url=%2Fcom%2Fpage%2F1596,5,200,flux_auth,"Bootstrap,HSTS,PHP,jQuery,jQuery UI"
www.csebps.fr,https://www.csebps.fr/com/login?back_url=%2Fcom%2Fpage%2F1602,5,200,flux_auth,"Bootstrap,HSTS,PHP,jQuery,jQuery UI"
www.csebps.fr,https://www.csebps.fr/com/login?back_url=%2Fcom%2Fpage%2F1600,5,200,flux_auth,"Bootstrap,HSTS,PHP,jQuery,jQuery UI"
www.csebps.fr,https://www.csebps.fr/com/login?back_url=%2Fcom%2Fpage%2F1594,5,200,flux_auth,"Bootstrap,HSTS,PHP,jQuery,jQuery UI"
www.csebps.fr,https://www.csebps.fr/com/login?back_url=%2Fcom%2Fpage%2F1609,5,200,flux_auth,"Bootstrap,HSTS,PHP,jQuery,jQuery UI"
www.csebps.fr,https://www.csebps.fr/com/login?back_url=%2Fcom%2Fpage%2F1615,5,200,flux_auth,"Bootstrap,HSTS,PHP,jQuery,jQuery UI"
www.csebps.fr,https://www.csebps.fr/com/login?back_url=%2Fcom%2Fpage%2F1595,5,200,flux_auth,"Bootstrap,HSTS,PHP,jQuery,jQuery UI"
www.csebps.fr,https://www.csebps.fr/com/login?back_url=%2Fcom%2Fpage%2F1586,5,200,flux_auth,"Bootstrap,HSTS,PHP,jQuery,jQuery UI"
www.csebps.fr,https://www.csebps.fr/com/login?back_url=%2Fcom%2Fpage%2F1591,5,200,flux_auth,"Bootstrap,HSTS,PHP,jQuery,jQuery UI"
www.csebps.fr,https://www.csebps.fr/com/login?back_url=%2Fcom%2Fpage%2F1593,5,200,flux_auth,"Bootstrap,HSTS,PHP,jQuery,jQuery UI"
www.csebps.fr,https://www.csebps.fr/com/login?back_url=%2Fcom%2Fpage%2F1590,5,200,flux_auth,"Bootstrap,HSTS,PHP,jQuery,jQuery UI"
www.csebps.fr,https://www.csebps.fr/com/login?back_url=%2Fcom%2Fpage%2F1588,5,200,flux_auth,"Bootstrap,HSTS,PHP,jQuery,jQuery UI"
www.csebps.fr,https://www.csebps.fr/com/login?back_url=%2Fcom%2Fpage%2F1580,5,200,flux_auth,"Bootstrap,HSTS,PHP,jQuery,jQuery UI"
www.csebps.fr,https://www.csebps.fr/com/login?back_url=%2Fcom%2Fpage%2F1585,5,200,flux_auth,"Bootstrap,HSTS,PHP,jQuery,jQuery UI"
www.csebps.fr,https://www.csebps.fr/com/login?back_url=%2Fcom%2Fpage%2F1579,5,200,flux_auth,"Bootstrap,HSTS,PHP,jQuery,jQuery UI"
www.csebps.fr,https://www.csebps.fr/com/login?back_url=%2Fcom%2Fpage%2F1582,5,200,flux_auth,"Bootstrap,HSTS,PHP,jQuery,jQuery UI"
www.csebps.fr,https://www.csebps.fr/com/login?back_url=%2Fcom%2Fpage%2F1578,5,200,flux_auth,"Bootstrap,HSTS,PHP,jQuery,jQuery UI"
www.csebps.fr,https://www.csebps.fr/com/login?back_url=%2Fcom%2Fpage%2F1573,5,200,flux_auth,"Bootstrap,HSTS,PHP,jQuery,jQuery UI"
www.csebps.fr,https://www.csebps.fr/com/login?back_url=%2Fcom%2Fpage%2F1569,5,200,flux_auth,"Bootstrap,HSTS,PHP,jQuery,jQuery UI"
www.csebps.fr,https://www.csebps.fr/com/login?back_url=%2Fcom%2Fpage%2F1570,5,200,flux_auth,"Bootstrap,HSTS,PHP,jQuery,jQuery UI"
www.csebps.fr,https://www.csebps.fr/com/login?back_url=%2Fcom%2Fpage%2F1541,5,200,flux_auth,"Bootstrap,HSTS,PHP,jQuery,jQuery UI"
www.csebps.fr,https://www.csebps.fr/com/login?back_url=%2Fcom%2Fpage%2F1572,5,200,flux_auth,"Bootstrap,HSTS,PHP,jQuery,jQuery UI"
www.csebps.fr,https://www.csebps.fr/com/login?back_url=%2Fcom%2Fpage%2F1447,5,200,flux_auth,"Bootstrap,HSTS,PHP,jQuery,jQuery UI"
www.csebps.fr,https://www.csebps.fr/com/login?back_url=%2Fcom%2Fpage%2F1401,5,200,flux_auth,"Bootstrap,HSTS,PHP,jQuery,jQuery UI"
www.csebps.fr,https://www.csebps.fr/com/login?back_url=%2Fcom%2Fpage%2F1532,5,200,flux_auth,"Bootstrap,HSTS,PHP,jQuery,jQuery UI"
www.csebps.fr,https://www.csebps.fr/com/login?back_url=%2Fcom%2Fpage%2F1473,5,200,flux_auth,"Bootstrap,HSTS,PHP,jQuery,jQuery UI"
www.csebps.fr,https://www.csebps.fr/com/login?back_url=%2Fcom%2Fpage%2F1479,5,200,flux_auth,"Bootstrap,HSTS,PHP,jQuery,jQuery UI"
www.csebps.fr,https://www.csebps.fr/com/login?back_url=%2Fcom%2Fpage%2F1457,5,200,flux_auth,"Bootstrap,HSTS,PHP,jQuery,jQuery UI"
www.csebps.fr,https://www.csebps.fr/com/login?back_url=%2Fcom%2Fpage%2F1427,5,200,flux_auth,"Bootstrap,HSTS,PHP,jQuery,jQuery UI"
www.csebps.fr,https://www.csebps.fr/com/login?back_url=%2Fcom%2Fpage%2F1397,5,200,flux_auth,"Bootstrap,HSTS,PHP,jQuery,jQuery UI"
www.csebps.fr,https://www.csebps.fr/com/login?back_url=%2Fcom%2Fpage%2F1399,5,200,flux_auth,"Bootstrap,HSTS,PHP,jQuery,jQuery UI"
www.csebps.fr,https://www.csebps.fr/com/login?back_url=%2Fcom%2Fpage%2F1413,5,200,flux_auth,"Bootstrap,HSTS,PHP,jQuery,jQuery UI"
www.csebps.fr,https://www.csebps.fr/com/login?back_url=%2Fcom%2Fpage%2F1400,5,200,flux_auth,"Bootstrap,HSTS,PHP,jQuery,jQuery UI"
www.csebps.fr,https://www.csebps.fr/com/login?back_url=%2Fcom%2Fpage%2F1448,5,200,flux_auth,"Bootstrap,HSTS,PHP,jQuery,jQuery UI"
www.csebps.fr,https://www.csebps.fr/com/login?back_url=%2Fcom%2Fpage%2F1406,5,200,flux_auth,"Bootstrap,HSTS,PHP,jQuery,jQuery UI"
www.csebps.fr,https://www.csebps.fr/com/login?back_url=%2Fcom%2Fpage%2F1408,5,200,flux_auth,"Bootstrap,HSTS,PHP,jQuery,jQuery UI"
www.csebps.fr,https://www.csebps.fr/com/login?back_url=%2Fcom%2Fpage%2F1395,5,200,flux_auth,"Bootstrap,HSTS,PHP,jQuery,jQuery UI"
www.csebps.fr,https://www.csebps.fr/com/login?back_url=%2Fcom%2Fpage%2F1396,5,200,flux_auth,"Bootstrap,HSTS,PHP,jQuery,jQuery UI"
www.csebps.fr,https://www.csebps.fr/com/login?back_url=%2Fcom%2Fpage%2F1526,5,200,flux_auth,"Bootstrap,HSTS,PHP,jQuery,jQuery UI"
www.csebps.fr,https://www.csebps.fr/com/login?back_url=%2Fcom%2Fpage%2F1306,5,200,flux_auth,"Bootstrap,HSTS,PHP,jQuery,jQuery UI"
www.csebps.fr,https://www.csebps.fr/com/login?back_url=%2Fcom%2Fpage%2F1417,5,200,flux_auth,"Bootstrap,HSTS,PHP,jQuery,jQuery UI"
www.csebps.fr,https://www.csebps.fr/com/login?back_url=%2Fcom%2Fpage%2F1332,5,200,flux_auth,"Bootstrap,HSTS,PHP,jQuery,jQuery UI"
www.csebps.fr,https://www.csebps.fr/com/login?back_url=%2Fcom%2Fpage%2F1394,5,200,flux_auth,"Bootstrap,HSTS,PHP,jQuery,jQuery UI"
www.csebps.fr,https://www.csebps.fr/com/login?back_url=%2Fcom%2Fpage%2F1221,5,200,flux_auth,"Bootstrap,HSTS,PHP,jQuery,jQuery UI"
www.csebps.fr,https://www.csebps.fr/com/login?back_url=%2Fcom%2Fpage%2F1175,5,200,flux_auth,"Bootstrap,HSTS,PHP,jQuery,jQuery UI"
www.csebps.fr,https://www.csebps.fr/com/login?back_url=%2Fcom%2Fpage%2F1393,5,200,flux_auth,"Bootstrap,HSTS,PHP,jQuery,jQuery UI"
www.csebps.fr,https://www.csebps.fr/com/login?back_url=%2Fcom%2Fpage%2F1232,5,200,flux_auth,"Bootstrap,HSTS,PHP,jQuery,jQuery UI"
www.csebps.fr,https://www.csebps.fr/com/login?back_url=%2Fcom%2Fpage%2F1222,5,200,flux_auth,"Bootstrap,HSTS,PHP,jQuery,jQuery UI"
www.csebps.fr,https://www.csebps.fr/com/login?back_url=%2Fcom%2Fpage%2F1223,5,200,flux_auth,"Bootstrap,HSTS,PHP,jQuery,jQuery UI"
www.csebps.fr,https://www.csebps.fr/com/login?back_url=%2Fcom%2Fpage%2F1172,5,200,flux_auth,"Bootstrap,HSTS,PHP,jQuery,jQuery UI"
www.csebps.fr,https://www.csebps.fr/com/login?back_url=%2Fcom%2Fpage%2F1176,5,200,flux_auth,"Bootstrap,HSTS,PHP,jQuery,jQuery UI"
www.csebps.fr,https://www.csebps.fr/com/login?back_url=%2Fcom%2Fpage%2F1322,5,200,flux_auth,"Bootstrap,HSTS,PHP,jQuery,jQuery UI"
www.csebps.fr,https://www.csebps.fr/com/login?back_url=%2Fcom%2Fpage%2F1167,5,200,flux_auth,"Bootstrap,HSTS,PHP,jQuery,jQuery UI"
www.csebps.fr,https://www.csebps.fr/com/login?back_url=%2Fcom%2Fpage%2F1173,5,200,flux_auth,"Bootstrap,HSTS,PHP,jQuery,jQuery UI"
www.csebps.fr,https://www.csebps.fr/com/login?back_url=%2Fcom%2Fpage%2F1168,5,200,flux_auth,"Bootstrap,HSTS,PHP,jQuery,jQuery UI"
www.csebps.fr,https://www.csebps.fr/com/login?back_url=%2Farchive,5,200,flux_auth,"Bootstrap,HSTS,PHP,jQuery,jQuery UI"
www.csebps.fr,https://www.csebps.fr/com/login?back_url=%2Fcom%2Fpage%2F1158,5,200,flux_auth,"Bootstrap,HSTS,PHP,jQuery,jQuery UI"
www.csebps.fr,https://www.csebps.fr/com/login?back_url=%2Fcom%2Fpage%2F1142,5,200,flux_auth,"Bootstrap,HSTS,PHP,jQuery,jQuery UI"
www.csebps.fr,https://www.csebps.fr/com/login?back_url=%2Fcom%2Fpage%2F1166,5,200,flux_auth,"Bootstrap,HSTS,PHP,jQuery,jQuery UI"
www.csebps.fr,https://www.csebps.fr/com/login?back_url=%2Fcom%2Fhomepage,5,200,flux_auth,"Bootstrap,HSTS,PHP,jQuery,jQuery UI"
www.csebps.fr,https://www.csebps.fr/com/login?back_url=%2Fcom%2Fpage%2F1094,5,200,flux_auth,"Bootstrap,HSTS,PHP,jQuery,jQuery UI"
www.csebps.fr,https://www.csebps.fr/com/forgotten-password,5,200,flux_auth,"Bootstrap,HSTS,PHP,jQuery,jQuery UI"
www.csebps.fr,https://www.csebps.fr/com/login?back_url=%2Fcom%2Fpage%2F1156,5,200,flux_auth,"Bootstrap,HSTS,PHP,jQuery,jQuery UI"
www.csebps.fr,https://www.csebps.fr/com/login?back_url=%2Fcom%2Fpage%2F1170,5,200,flux_auth,"Bootstrap,HSTS,PHP,jQuery,jQuery UI"
www.demo-ppr.banquebcp.fr,https://www.demo-ppr.banquebcp.fr/indisponible/Portailauthentification/disconnection,5,200,flux_auth,HSTS
www.esi.creditfoncier.fr,https://www.esi.creditfoncier.fr/easyshare/sp/spssoinit/cff,5,400,flux_auth,""
www.espacesante.caisse-epargne.fr,https://www.espacesante.caisse-epargne.fr/v2/adherent/prestations/paiements,5,200,mouvement_argent,"Google Tag Manager,HSTS,Microsoft ASP.NET,OneTrust"
www.espacesante.caisse-epargne.fr,https://www.espacesante.caisse-epargne.fr/identity/account/login?returnUrl=%2Fidentity%2Fconnect%2Fauthorize%2Fcallback%3Fclient_id%3Dcepa-adherent%26redirect_uri%3Dhttps%253A%252F%252Fwww.espacesante.caisse-epargne.fr%252Fsignin-oidc%26response_type%3Dcode%26scope%3Dopenid%2520profile%26code_challenge%3Do9n6glQakrBLGLFklSH90FwU-TVfBS8MJ03q8swfaiU%26code_challenge_method%3DS256%26response_mode%3Dform_post%26nonce%3D639207849639109451.ZjYwNzc5MTMtN2E1Ni00ZDhlLWI4OTktOWZiOTQzNjkyZGY1M2IyYzRmYWYtNDk0Ni00ZjAxLThkZWQtOTlmODMzNTE0MzI4%26state%3DCfDJ8GPdk584V6FIjjY8VdGvkn1mfn-PhYIKoeMcRfl1riXOD1K-7bRTynPeTOdVdivV_juKcIPPACwYAkssY4devHzGbRsM5VgvtleUM2Inu3XcjCKKZM9xHPa8hhGO2HJaxIYt4mK3ars9BCQm9knp2IsafGBBF_3IuMj3Mwii0S82LVqBli90r8WH4lPm5J55hDAR2BoC5sZ_5fGaewz-pMHwzJWtAKKeH7Z6jOcp-uRICAXdYFA0JM79DovObJXjDCYR02C3B4YorCqbCrlKIOcX5bREkOhKhGSivHaEy7rMHwg2X4Wv7hpLpGUBztQ0FKMQXbogoXIp4Xo3ix_mwLsFrzjohgXxfWevhJr10kYZS-RDN3b62q8SJ_NEd3mPS9gDdSwWDIrTlymvOQDstSU%26x-client-SKU%3DID_NET6_0%26x-client-ver%3D6.35.0.0,5,200,flux_auth,"Google Tag Manager,HSTS,Microsoft ASP.NET,OneTrust"
www.espacesante.caisse-epargne.fr,https://www.espacesante.caisse-epargne.fr/api/identity/login,5,200,flux_auth,"Google Tag Manager,HSTS,Microsoft ASP.NET,OneTrust"
www.espacesante.caisse-epargne.fr,https://www.espacesante.caisse-epargne.fr/forms/creationcomptebeneficiaire,5,200,flux_auth,"Google Tag Manager,HSTS,Microsoft ASP.NET,OneTrust"
www.espacesante.caisse-epargne.fr,https://www.espacesante.caisse-epargne.fr/forms/suppressioncompte,5,200,flux_auth,"Google Tag Manager,HSTS,Microsoft ASP.NET,OneTrust"
www.espacesante.caisse-epargne.fr,https://www.espacesante.caisse-epargne.fr/register,5,200,flux_auth,"Google Tag Manager,HSTS,Microsoft ASP.NET,OneTrust"
www.espacesante.caisse-epargne.fr,https://www.espacesante.caisse-epargne.fr/forms/inscriptionbeneficiaire,5,200,flux_auth,"Google Tag Manager,HSTS,Microsoft ASP.NET,OneTrust"
www.espacesante.caisse-epargne.fr,https://www.espacesante.caisse-epargne.fr/metrics/nagios_json,5,200,surface_exposee(+5),"Google Tag Manager,HSTS,Microsoft ASP.NET,OneTrust"
www.espacesante.caisse-epargne.fr,https://www.espacesante.caisse-epargne.fr/admin/connexion-counter,5,200,flux_auth,"Google Tag Manager,HSTS,Microsoft ASP.NET,OneTrust"
www.espacesante.caisse-epargne.fr,https://www.espacesante.caisse-epargne.fr/referentiel/echeancier-paiement,5,200,mouvement_argent,"Google Tag Manager,HSTS,Microsoft ASP.NET,OneTrust"
www.espacesante.caisse-epargne.fr,https://www.espacesante.caisse-epargne.fr/login,5,200,flux_auth,"Google Tag Manager,HSTS,Microsoft ASP.NET,OneTrust"
www.espacesante.caisse-epargne.fr,https://www.espacesante.caisse-epargne.fr/referentiel/frequence-paiement,5,200,mouvement_argent,"Google Tag Manager,HSTS,Microsoft ASP.NET,OneTrust"
www.espacesante.caisse-epargne.fr,https://www.espacesante.caisse-epargne.fr/referentiel/mode-paiement,5,200,mouvement_argent,"Google Tag Manager,HSTS,Microsoft ASP.NET,OneTrust"
www.espacesante.caisse-epargne.fr,https://www.espacesante.caisse-epargne.fr/forms/inscriptionbeneficiaire/tarif-infos,5,200,flux_auth,"Google Tag Manager,HSTS,Microsoft ASP.NET,OneTrust"
www.espacesante.caisse-epargne.fr,https://www.espacesante.caisse-epargne.fr/referentiel/motif-suppression-compte,5,200,flux_auth,"Google Tag Manager,HSTS,Microsoft ASP.NET,OneTrust"
www.espacesante.caisse-epargne.fr,https://www.espacesante.caisse-epargne.fr/forms/inscriptionbeneficiaire/dossier,5,200,flux_auth,"Google Tag Manager,HSTS,Microsoft ASP.NET,OneTrust"
www.espacesante.caisse-epargne.fr,https://www.espacesante.caisse-epargne.fr/v2/adherent/prestations/decomptes/actes,5,200,flux_auth,"Google Tag Manager,HSTS,Microsoft ASP.NET,OneTrust"
www.espacesante.caisse-epargne.fr,https://www.espacesante.caisse-epargne.fr/v2/adherent/tiers-prestations/decomptes,5,200,flux_auth,"Google Tag Manager,HSTS,Microsoft ASP.NET,OneTrust"
www.espacesante.caisse-epargne.fr,https://www.espacesante.caisse-epargne.fr/adherent/contrats/compte-encaissement,5,200,flux_auth,"Google Tag Manager,HSTS,Microsoft ASP.NET,OneTrust"
www.espacesante.caisse-epargne.fr,https://www.espacesante.caisse-epargne.fr/admin/connections-logs,5,200,flux_auth,"Google Tag Manager,HSTS,Microsoft ASP.NET,OneTrust"
www.gefa-bank.de,https://www.gefa-bank.de/wp-json/wp/v2/pages/21969,5,200,id_non_derive_session(+5) | hors_cible_de_lancement:vega-is.com,"HSTS,Nginx,WordPress,Yoast SEO:26.4"
www.gefa-bank.de,https://www.gefa-bank.de/wp-json/wp/v2/pages/10170,5,200,id_non_derive_session(+5) | hors_cible_de_lancement:vega-is.com,"HSTS,Nginx,WordPress,Yoast SEO:26.4"
www.gefa-bank.de,https://www.gefa-bank.de/wp-json/wp/v2/posts/10888,5,200,id_non_derive_session(+5) | hors_cible_de_lancement:vega-is.com,"HSTS,Nginx,WordPress,Yoast SEO:26.4"
www.gefa-bank.de,https://www.gefa-bank.de/tag/carbon-footprint,5,200,flux_auth,"Adobe Fonts,Google Tag Manager,HSTS,MySQL,Nginx,PHP,Typekit,WP Rocket,WordPress,Yoast SEO:26.4,jQuery,wpBakery"
www.gefa-bank.de,https://www.gefa-bank.de/digital/gefa-connect,5,200,flux_auth,"Adobe Fonts,Google Tag Manager,HSTS,MySQL,Nginx,PHP,Typekit,WP Rocket,WordPress,Yoast SEO:26.4,jQuery,wpBakery"
www.gefa-bank.de,https://www.gefa-bank.de/author/dagmar,5,200,flux_auth,"Adobe Fonts,Google Tag Manager,HSTS,MySQL,Nginx,PHP,Typekit,WP Rocket,WordPress,Yoast SEO:26.4,jQuery,wpBakery"
www.gefa-bank.de,https://www.gefa-bank.de/author/saurav,5,200,flux_auth,"Adobe Fonts,Google Tag Manager,HSTS,MySQL,Nginx,PHP,Typekit,WP Rocket,WordPress,Yoast SEO:26.4,jQuery,wpBakery"
www.gefa-bank.de,https://www.gefa-bank.de/wp-json/wp/v2/pages/11151,5,200,id_non_derive_session(+5) | hors_cible_de_lancement:vega-is.com,"HSTS,Nginx,WordPress,Yoast SEO:26.4"
www.gefa-bank.de,https://www.gefa-bank.de/wp-json/wp/v2/posts/25041,5,200,id_non_derive_session(+5) | hors_cible_de_lancement:vega-is.com,"HSTS,Nginx,WordPress,Yoast SEO:26.4"
www.gefa-bank.de,https://www.gefa-bank.de/wp-json/wp/v2/pages/11495,5,200,id_non_derive_session(+5) | hors_cible_de_lancement:vega-is.com,"HSTS,Nginx,WordPress,Yoast SEO:26.4"
www.gefa-bank.de,https://www.gefa-bank.de/wp-json/wp/v2/pages/11782,5,200,id_non_derive_session(+5) | hors_cible_de_lancement:vega-is.com,"HSTS,Nginx,WordPress,Yoast SEO:26.4"
www.gefa-bank.de,https://www.gefa-bank.de/wp-json/wp/v2/pages/12715,5,200,id_non_derive_session(+5) | hors_cible_de_lancement:vega-is.com,"HSTS,Nginx,WordPress,Yoast SEO:26.4"
www.gefa-bank.de,https://www.gefa-bank.de/wp-json/wp/v2/pages/13330,5,200,id_non_derive_session(+5) | hors_cible_de_lancement:vega-is.com,"HSTS,Nginx,WordPress,Yoast SEO:26.4"
www.gefa-bank.de,https://www.gefa-bank.de/wp-json/wp/v2/posts/10477,5,200,id_non_derive_session(+5) | hors_cible_de_lancement:vega-is.com,"HSTS,Nginx,WordPress,Yoast SEO:26.4"
www.gefa-bank.de,https://www.gefa-bank.de/wp-json/wp/v2/pages/15117,5,200,id_non_derive_session(+5) | hors_cible_de_lancement:vega-is.com,"HSTS,Nginx,WordPress,Yoast SEO:26.4"
www.gefa-bank.de,https://www.gefa-bank.de/wp-json/wp/v2/pages/19510,5,200,id_non_derive_session(+5) | hors_cible_de_lancement:vega-is.com,"HSTS,Nginx,WordPress,Yoast SEO:26.4"
www.gefa-bank.de,https://www.gefa-bank.de/wp-json/wp/v2/pages/18734,5,200,id_non_derive_session(+5) | hors_cible_de_lancement:vega-is.com,"HSTS,Nginx,WordPress,Yoast SEO:26.4"
www.gefa-bank.de,https://www.gefa-bank.de/wp-json/wp/v2/pages/18766,5,200,id_non_derive_session(+5) | hors_cible_de_lancement:vega-is.com,"HSTS,Nginx,WordPress,Yoast SEO:26.4"
www.gefa-bank.de,https://www.gefa-bank.de/nachhaltigkeit/corporate-carbon-footprint,5,200,flux_auth,"Adobe Fonts,Google Tag Manager,HSTS,MySQL,Nginx,PHP,Typekit,WP Rocket,WordPress,Yoast SEO:26.4,jQuery,wpBakery"
www.gefa-bank.de,https://www.gefa-bank.de/wp-json/wp/v2/pages/19252,5,200,id_non_derive_session(+5) | hors_cible_de_lancement:vega-is.com,"HSTS,Nginx,WordPress,Yoast SEO:26.4"
www.gefa-bank.de,https://www.gefa-bank.de/wp-json/wp/v2/pages/21450,5,200,id_non_derive_session(+5) | hors_cible_de_lancement:vega-is.com,"HSTS,Nginx,WordPress,Yoast SEO:26.4"
www.gefa-bank.de,https://www.gefa-bank.de/wp-json/wp/v2/pages/19640,5,200,id_non_derive_session(+5) | hors_cible_de_lancement:vega-is.com,"HSTS,Nginx,WordPress,Yoast SEO:26.4"
www.gefa-bank.de,https://www.gefa-bank.de/wp-json/wp/v2/pages/21178,5,200,id_non_derive_session(+5) | hors_cible_de_lancement:vega-is.com,"HSTS,Nginx,WordPress,Yoast SEO:26.4"
www.gefa-bank.de,https://www.gefa-bank.de/wp-json/wp/v2/pages/21941,5,200,id_non_derive_session(+5) | hors_cible_de_lancement:vega-is.com,"HSTS,Nginx,WordPress,Yoast SEO:26.4"
www.gefa-bank.de,https://www.gefa-bank.de/wp-json/wp/v2/pages/25653,5,200,id_non_derive_session(+5) | hors_cible_de_lancement:vega-is.com,"HSTS,Nginx,WordPress,Yoast SEO:26.4"
www.gefa-bank.de,https://www.gefa-bank.de/wp-json/wp/v2/pages/24120,5,200,id_non_derive_session(+5) | hors_cible_de_lancement:vega-is.com,"HSTS,Nginx,WordPress,Yoast SEO:26.4"
www.gefa-bank.de,https://www.gefa-bank.de/wp-json/wp/v2/pages/24215,5,200,id_non_derive_session(+5) | hors_cible_de_lancement:vega-is.com,"HSTS,Nginx,WordPress,Yoast SEO:26.4"
www.gefa-bank.de,https://www.gefa-bank.de/fordermittel-von-eu-bund-und-laendern,5,200,mouvement_argent,"Adobe Fonts,Google Tag Manager,HSTS,MySQL,Nginx,PHP,Typekit,WP Rocket,WordPress,Yoast SEO:26.4,jQuery,wpBakery"
www.gefa-bank.de,https://www.gefa-bank.de/?p=19640,5,200,flux_auth,"Adobe Fonts,Google Tag Manager,HSTS,MySQL,Nginx,PHP,Typekit,WP Rocket,WordPress,Yoast SEO:26.4,jQuery,wpBakery"
www.gefa-bank.de,https://www.gefa-bank.de/wp-json/wp/v2/posts/14022,5,200,id_non_derive_session(+5) | hors_cible_de_lancement:vega-is.com,"HSTS,Nginx,WordPress,Yoast SEO:26.4"
www.gefa-bank.de,https://www.gefa-bank.de/wp-json/wp/v2/posts/12676,5,200,id_non_derive_session(+5) | hors_cible_de_lancement:vega-is.com,"HSTS,Nginx,WordPress,Yoast SEO:26.4"
www.gefa-bank.de,https://www.gefa-bank.de/wp-json/wp/v2/posts/13289,5,200,id_non_derive_session(+5) | hors_cible_de_lancement:vega-is.com,"HSTS,Nginx,WordPress,Yoast SEO:26.4"
www.gefa-bank.de,https://www.gefa-bank.de/wp-json/wp/v2/posts/24190,5,200,id_non_derive_session(+5) | hors_cible_de_lancement:vega-is.com,"HSTS,Nginx,WordPress,Yoast SEO:26.4"
www.gefa-bank.de,https://www.gefa-bank.de/wp-json/wp/v2/posts/24406,5,200,id_non_derive_session(+5) | hors_cible_de_lancement:vega-is.com,"HSTS,Nginx,WordPress,Yoast SEO:26.4"
www.gefa-bank.de,https://www.gefa-bank.de/wp-json/wp/v2/posts/25335,5,200,id_non_derive_session(+5) | hors_cible_de_lancement:vega-is.com,"HSTS,Nginx,WordPress,Yoast SEO:26.4"
www.gefa-bank.de,https://www.gefa-bank.de/wp-json/wp/v2/posts/25771,5,200,id_non_derive_session(+5) | hors_cible_de_lancement:vega-is.com,"HSTS,Nginx,WordPress,Yoast SEO:26.4"
www.icgauth.banquebcp.fr,https://www.icgauth.banquebcp.fr/,5,401,flux_auth,""
www.icgauth.creditfoncier.fr,https://www.icgauth.creditfoncier.fr/,5,401,flux_auth,""
www.icgauth.creditfoncier.fr,https://www.icgauth.creditfoncier.fr/se-connecter/identifier,5,200,flux_auth,HSTS
www.icgauth.creditfoncier.fr,https://www.icgauth.creditfoncier.fr/se-connecter,5,200,flux_auth,HSTS
www.icgauth.creditfoncier.fr,https://www.icgauth.creditfoncier.fr/se-connecter/sso?service=dei,5,200,flux_auth,HSTS
www.icgauthdsp2.banquebcp.fr,https://www.icgauthdsp2.banquebcp.fr/,5,401,flux_auth,""
www.icgauthdsp2.epalatine.fr,https://www.icgauthdsp2.epalatine.fr/,5,401,flux_auth,""
www.icgauthdsp2-hom.hpr.banquebcp.fr,https://www.icgauthdsp2-hom.hpr.banquebcp.fr/,5,401,flux_auth,""
www.icgauthdsp2-hom.hpr.epalatine.fr,https://www.icgauthdsp2-hom.hpr.epalatine.fr/,5,401,flux_auth,""
www.icgauthdsp2-ppr.banquebcp.fr,https://www.icgauthdsp2-ppr.banquebcp.fr/,5,401,flux_auth,""
www.icgauthdsp2-ppr.epalatine.fr,https://www.icgauthdsp2-ppr.epalatine.fr/,5,401,flux_auth,""
www.icgauthdsp2-val.hpr.banquebcp.fr,https://www.icgauthdsp2-val.hpr.banquebcp.fr/,5,401,flux_auth,""
www.icgauthdsp2-val.hpr.epalatine.fr,https://www.icgauthdsp2-val.hpr.epalatine.fr/,5,401,flux_auth,""
www.icgauthdsp2-ver.hpr.banquebcp.fr,https://www.icgauthdsp2-ver.hpr.banquebcp.fr/,5,401,flux_auth,""
www.icgauthdsp2-ver.hpr.epalatine.fr,https://www.icgauthdsp2-ver.hpr.epalatine.fr/,5,401,flux_auth,""
www.icgauth.epalatine.fr,https://www.icgauth.epalatine.fr/,5,401,flux_auth,""
www.icgauth-hom.hpr.banquebcp.fr,https://www.icgauth-hom.hpr.banquebcp.fr/,5,401,flux_auth,""
www.icgauth-hom.hpr.epalatine.fr,https://www.icgauth-hom.hpr.epalatine.fr/,5,401,flux_auth,""
www.icgauth-ppr.banquebcp.fr,https://www.icgauth-ppr.banquebcp.fr/,5,401,flux_auth,""
www.icgauth-ppr.creditfoncier.fr,https://www.icgauth-ppr.creditfoncier.fr/,5,401,flux_auth,""
www.icgauth-ppr.epalatine.fr,https://www.icgauth-ppr.epalatine.fr/,5,401,flux_auth,""
www.icgauth-val.hpr.banquebcp.fr,https://www.icgauth-val.hpr.banquebcp.fr/,5,401,flux_auth,""
www.icgauth-val.hpr.creditfoncier.fr,https://www.icgauth-val.hpr.creditfoncier.fr/,5,401,flux_auth,""
www.icgauth-val.hpr.epalatine.fr,https://www.icgauth-val.hpr.epalatine.fr/,5,401,flux_auth,""
www.icgauth-ver.hpr.banquebcp.fr,https://www.icgauth-ver.hpr.banquebcp.fr/,5,401,flux_auth,""
www.icgauth-ver.hpr.creditfoncier.fr,https://www.icgauth-ver.hpr.creditfoncier.fr/,5,401,flux_auth,""
www.icgauth-ver.hpr.epalatine.fr,https://www.icgauth-ver.hpr.epalatine.fr/,5,401,flux_auth,""
www.icg.banquebcp.fr,https://www.icg.banquebcp.fr/,5,401,flux_auth,""
www.icg.creditfoncier.fr,https://www.icg.creditfoncier.fr/,5,401,flux_auth,""
www.icg.epalatine.fr,https://www.icg.epalatine.fr/,5,401,flux_auth,""
www.icg-hom.hpr.banquebcp.fr,https://www.icg-hom.hpr.banquebcp.fr/,5,401,flux_auth,""
www.icg-hom.hpr.epalatine.fr,https://www.icg-hom.hpr.epalatine.fr/,5,401,flux_auth,""
www.icg-ppr.banquebcp.fr,https://www.icg-ppr.banquebcp.fr/,5,401,flux_auth,""
www.icg-ppr.creditfoncier.fr,https://www.icg-ppr.creditfoncier.fr/,5,401,flux_auth,""
www.icg-ppr.epalatine.fr,https://www.icg-ppr.epalatine.fr/,5,401,flux_auth,""
www.icg-val.hpr.banquebcp.fr,https://www.icg-val.hpr.banquebcp.fr/,5,401,flux_auth,""
www.icg-val.hpr.creditfoncier.fr,https://www.icg-val.hpr.creditfoncier.fr/,5,401,flux_auth,""
www.icg-val.hpr.epalatine.fr,https://www.icg-val.hpr.epalatine.fr/,5,401,flux_auth,""
www.icg-ver.hpr.banquebcp.fr,https://www.icg-ver.hpr.banquebcp.fr/,5,401,flux_auth,""
www.icg-ver.hpr.creditfoncier.fr,https://www.icg-ver.hpr.creditfoncier.fr/,5,401,flux_auth,""
www.icg-ver.hpr.epalatine.fr,https://www.icg-ver.hpr.epalatine.fr/,5,401,flux_auth,""
www.identity.suite.epalatine.fr,https://www.identity.suite.epalatine.fr/Auth/Login,5,200,flux_auth,"HSTS,Microsoft ASP.NET,jQuery"
www.identity.suite.hom.epalatine.fr,https://www.identity.suite.hom.epalatine.fr/Auth/Login,5,200,flux_auth,"HSTS,Microsoft ASP.NET,jQuery"
www.identity.suite.hom.palatine.fr,https://www.identity.suite.hom.palatine.fr/Auth/Login,5,200,flux_auth,"HSTS,Microsoft ASP.NET,jQuery"
www.identity.suite.palatine.fr,https://www.identity.suite.palatine.fr/Auth/Login,5,200,flux_auth,"HSTS,Microsoft ASP.NET,jQuery"
www.im.natixis.com,https://www.im.natixis.com/en-merrill-intl-funds/home,5,200,mouvement_argent,"Adobe Experience Manager,HSTS,Java,OneTrust,jQuery"
www.im.natixis.com,https://www.im.natixis.com/en-intl/about/investment-managers-and-capabilities/harris-associates,5,200,flux_auth,"Adobe Experience Manager,HSTS,Java,OneTrust,jQuery"
www.im.natixis.com,https://www.im.natixis.com/en-intl/funds/fund-documents,5,200,mouvement_argent,"Adobe Experience Manager,HSTS,Java,OneTrust,jQuery"
www.interepargne.natixis.com,https://www.interepargne.natixis.com/epargnant/nos-actualites/actus/securisez-votre-compte-enregistrez-votre-appareil-de-confiance,5,200,flux_auth,"Amazon ALB,Amazon Web Services,Bootstrap,DataTables,HSTS,MySQL,PHP,Slick,WordPress:6.9.5,Yoast SEO:23.0,jQuery"
www.interepargne.natixis.com,https://www.interepargne.natixis.com/epargnants/faire-vivre-mon-epargne/je-regroupe-mes-comptes-depargne-salariale-et-retraite,5,200,flux_auth,"Amazon ALB,Amazon Web Services,Bootstrap,DataTables,HSTS,MySQL,PHP,Slick,WordPress:6.9.5,Yoast SEO:23.0,jQuery"
www.lepouvoirdenousengager.fr,https://www.lepouvoirdenousengager.fr/visualiser/partage/tendance/associations/france-terre-d-asile,5,200,flux_auth,"Apache HTTP Server,Node.js,Nuxt.js,Varnish,Vue.js"
www.lepouvoirdenousengager.fr,https://www.lepouvoirdenousengager.fr/visualiser/partage/tendance/associations/institut-pasteur,5,200,flux_auth,"Apache HTTP Server,Node.js,Nuxt.js,Varnish,Vue.js"
www.lepouvoirdenousengager.fr,https://www.lepouvoirdenousengager.fr/visualiser/partage/tendance/associations/oeuvres-pontificales-missionnaires,5,200,flux_auth,"Apache HTTP Server,Node.js,Nuxt.js,Varnish:6.0,Vue.js"
www.lepouvoirdenousengager.fr,https://www.lepouvoirdenousengager.fr/visualiser/partage/tendance/produits/livret-a-comme-agir,5,200,flux_auth,"Apache HTTP Server,Node.js,Nuxt.js,Varnish:6.0,Vue.js"
www.lepouvoirdenousengager.fr,https://www.lepouvoirdenousengager.fr/visualiser/partage/tendance/associations/medecins-du-monde,5,200,flux_auth,"Apache HTTP Server,Node.js,Nuxt.js,Varnish:6.0,Vue.js"
www.lepouvoirdenousengager.fr,https://www.lepouvoirdenousengager.fr/visualiser/partage/tendance/associations/premiere-urgence-internationale,5,200,flux_auth,"Apache HTTP Server,Node.js,Nuxt.js,Varnish,Vue.js"
www.lepouvoirdenousengager.fr,https://www.lepouvoirdenousengager.fr/visualiser/partage/tendance/produits/livret-solidaire-associations,5,200,flux_auth,"Apache HTTP Server,Node.js,Nuxt.js,Varnish:6.0,Vue.js"
www.lepouvoirdenousengager.fr,https://www.lepouvoirdenousengager.fr/visualiser/partage/tendance/associations/presol,5,200,flux_auth,"Apache HTTP Server,Node.js,Nuxt.js,Varnish:6.0,Vue.js"
www.lepouvoirdenousengager.fr,https://www.lepouvoirdenousengager.fr/visualiser/tracabilite/tendance/montant,5,200,mouvement_argent,"Apache HTTP Server,Node.js,Nuxt.js,Varnish:6.0,Vue.js"
www.lepouvoirdenousengager.fr,https://www.lepouvoirdenousengager.fr/visualiser/partage/tendance/associations/sos-villages-d-enfants,5,200,flux_auth,"Apache HTTP Server,Node.js,Nuxt.js,Varnish:6.0,Vue.js"
www.lepouvoirdenousengager.fr,https://www.lepouvoirdenousengager.fr/visualiser/partage/tendance/associations/fondation-saint-matthieu,5,200,flux_auth,"Apache HTTP Server,Node.js,Nuxt.js,Varnish,Vue.js"
www.lepouvoirdenousengager.fr,https://www.lepouvoirdenousengager.fr/visualiser/partage/tendance/associations/aide-et-action,5,200,flux_auth,"Apache HTTP Server,Node.js,Nuxt.js,Varnish:6.0,Vue.js"
www.lepouvoirdenousengager.fr,https://www.lepouvoirdenousengager.fr/visualiser/partage/tendance/associations/association-franc-comtoise-du-chemin-de-compostelle,5,200,flux_auth,"Apache HTTP Server,Node.js,Nuxt.js,Varnish:6.0,Vue.js"
www.lepouvoirdenousengager.fr,https://www.lepouvoirdenousengager.fr/visualiser/partage/tendance/associations/ccfd-terre-solidaire,5,200,flux_auth,"Apache HTTP Server,Node.js,Nuxt.js,Varnish:6.0,Vue.js"
www.lepouvoirdenousengager.fr,https://www.lepouvoirdenousengager.fr/visualiser/partage/tendance/associations/energies-pour-le-monde,5,200,flux_auth,"Apache HTTP Server,Node.js,Nuxt.js,Varnish:6.0,Vue.js"
www.lepouvoirdenousengager.fr,https://www.lepouvoirdenousengager.fr/visualiser/tracabilite/tendance/produits/livret-codevair/montant,5,200,mouvement_argent,"Apache HTTP Server,Node.js,Nuxt.js,Varnish,Vue.js"
www.lepouvoirdenousengager.fr,https://www.lepouvoirdenousengager.fr/visualiser/partage/tendance/associations/france-active-aquitaine,5,200,flux_auth,"Apache HTTP Server,Node.js,Nuxt.js,Varnish:6.0,Vue.js"
www.lepouvoirdenousengager.fr,https://www.lepouvoirdenousengager.fr/visualiser/partage/tendance/associations/france-active,5,200,flux_auth,"Apache HTTP Server,Node.js,Nuxt.js,Varnish:6.0,Vue.js"
www.lepouvoirdenousengager.fr,https://www.lepouvoirdenousengager.fr/visualiser/partage/tendance/associations/unicef,5,200,flux_auth,"Apache HTTP Server,Node.js,Nuxt.js,Varnish:6.0,Vue.js"
www.mesinfosclient.creditfoncier.fr,https://www.mesinfosclient.creditfoncier.fr/login,5,200,flux_auth,HSTS
www.mesinfosclient.creditfoncier.fr,https://www.mesinfosclient.creditfoncier.fr/oauth/connect/tms,5,200,flux_auth,HSTS
www.mesinfosclient.creditfoncier.fr,https://www.mesinfosclient.creditfoncier.fr/oauth/login/fwd?auth_error=&redirect_uri=https%3A%2F%2Fwww.mesinfosclient.creditfoncier.fr%2Foauth%2Flogin%2Fcheck-tms,5,200,flux_auth,HSTS
www.mma.votreepargnesalariale.com,https://www.mma.votreepargnesalariale.com/author-sitemap.xml,5,200,flux_auth,"Amazon ALB,Amazon Web Services,HSTS"
www.neo.suite.epalatine.fr,https://www.neo.suite.epalatine.fr/Account/UnauthorizedError?aspxerrorpath=%2FScript%2F%24%7BlienPubliciteProduit%7D,5,200,flux_auth,"HSTS,Tealium,jQuery,reCAPTCHA"
www.neo.suite.epalatine.fr,https://www.neo.suite.epalatine.fr/Script/login?v=-oRDyuRpgOTtYIAn5tIfDUkZquC7iVkwYXPQmQKfaiw1,5,200,flux_auth,HSTS
www.neo.suite.epalatine.fr,https://www.neo.suite.epalatine.fr/Account/Login?ReturnUrl=%2F,5,200,flux_auth,"HSTS,Tealium,jQuery,reCAPTCHA"
www.neo.suite.epalatine.fr,https://www.neo.suite.epalatine.fr/Account/AideLogin?type=NAVIGATEURS,5,200,flux_auth,"HSTS,Tealium,jQuery"
www.neo.suite.epalatine.fr,https://www.neo.suite.epalatine.fr/Content/login?v=01ahOjAEipaFABwSoljoT0vIgg_0o3CzrJlGF3IY3881,5,200,flux_auth,HSTS
www.neo.suite.epalatine.fr,https://www.neo.suite.epalatine.fr/Account/MiseAJourConnecteurChrome,5,200,flux_auth,"HSTS,Tealium,jQuery"
www.neo.suite.epalatine.fr,https://www.neo.suite.epalatine.fr/Account/AideLogin?type=ACCESSIBILITE,5,200,flux_auth,"HSTS,Tealium,jQuery"
www.neo.suite.epalatine.fr,https://www.neo.suite.epalatine.fr/Account/AideLogin?type=CONNEXION,5,200,flux_auth,"HSTS,Tealium,jQuery"
www.oney.fr,https://www.oney.fr/paiement/carte-boulanger,5,200,mouvement_argent,"Azure,Azure Front Door,HSTS"
www.oney.fr,https://www.oney.fr/a-propos/aide-connexion,5,200,flux_auth,"Azure,Azure Front Door,HSTS"
www.oney.fr,https://www.oney.fr/guide-pratique-au-quotidien/a-vos-cotes/solutions/choisir-financer-crossover,5,200,flux_auth,"Azure,Azure Front Door,Google Hosted Libraries,HSTS,jQuery"
www.oney.fr,https://www.oney.fr/creation-compte-1,5,200,flux_auth,"Azure,Azure Front Door,Google Hosted Libraries,HSTS,jQuery"
www.oney.fr,https://www.oney.fr/guide-pratique-au-quotidien/a-vos-cotes/solutions/assurance-moyens-paiement,5,200,mouvement_argent,"Azure,Azure Front Door,Google Hosted Libraries,HSTS,jQuery"
www.oney.fr,https://www.oney.fr/paiement/noel2023,5,200,mouvement_argent,"Azure,Azure Front Door,HSTS"
www.oney.fr,https://www.oney.fr/paiement/avantages-carte-boulanger,5,200,mouvement_argent,"Azure,Azure Front Door,Google Hosted Libraries,HSTS,jQuery"
www.oney.fr,https://www.oney.fr/guide/informations-securite/paiement-securise,5,200,mouvement_argent,"Azure,Azure Front Door,Google Hosted Libraries,HSTS,jQuery"
www.oney.fr,https://www.oney.fr/guide-pratique-au-quotidien/a-vos-cotes/securite/probleme-carte-paiement,5,200,mouvement_argent,"Azure,Azure Front Door,Google Hosted Libraries,HSTS,jQuery"
www.oney.fr,https://www.oney.fr/landing/fetes2024-paiement-au-comptant,5,200,mouvement_argent,"Azure,Azure Front Door,HSTS"
www.oney.fr,https://www.oney.fr/guide-pratique-au-quotidien/a-vos-cotes/solutions/montant-maximum-pret-personnel-travaux,5,200,mouvement_argent,"Azure,Azure Front Door,HSTS"
www.oney.fr,https://www.oney.fr/guide-pratique-au-quotidien/a-vos-cotes/solutions/montant-assurance-emprunteur,5,200,mouvement_argent,"Azure,Azure Front Door,Google Hosted Libraries,HSTS,jQuery"
www.oney.fr,https://www.oney.fr/guide-pratique-au-quotidien/a-vos-cotes/solutions/paiement-en-5fois-12fois,5,200,mouvement_argent,"Azure,Azure Front Door,HSTS"
www.oney.fr,https://www.oney.fr/guide-pratique-au-quotidien/conseils/piloter-budget/lire-interpreter-releve-de-compte,5,200,flux_auth,"Azure,Azure Front Door,Google Hosted Libraries,HSTS,jQuery"
www.oney.fr,https://www.oney.fr/guide/informations-securite/protection-identifiants-connexion,5,200,flux_auth,"Azure,Azure Front Door,Google Hosted Libraries,HSTS,jQuery"
www.oney.fr,https://www.oney.fr/epargne/compte-courses-auchan,5,200,flux_auth,"Azure,Azure Front Door,Google Hosted Libraries,HSTS,jQuery"
www.oney.fr,https://www.oney.fr/guide/informations-securite/protection-paiement-coordonnees-bancaire,5,200,mouvement_argent,"Azure,Azure Front Door,Google Hosted Libraries,HSTS,jQuery"
www.oney.fr,https://www.oney.fr/guide/guide-oney-plus/ouverture-compte,5,200,flux_auth,"Azure,Azure Front Door,Google Hosted Libraries,HSTS,jQuery"
www.oney.fr,https://www.oney.fr/guide/guide-oney-plus/ouverture-compte-etudiant,5,200,flux_auth,"Azure,Azure Front Door,Google Hosted Libraries,HSTS,jQuery"
www.oney.fr,https://www.oney.fr/guide/guide-oney-plus/paiement-en-ligne,5,200,mouvement_argent,"Azure,Azure Front Door,Google Hosted Libraries,HSTS,jQuery"
www.oney.fr,https://www.oney.fr/faq/categorie/cartes-bancaires-cartes-enseignes/le-paiement-sans-contact,5,200,mouvement_argent,"Azure,Azure Front Door,HSTS"
www.oney.fr,https://www.oney.fr/a-propos/e-releve-de-compte,5,200,flux_auth,"Azure,Azure Front Door,HSTS"
www.oney.fr,https://www.oney.fr/faq/categorie/cartes-bancaires-cartes-enseignes/releve-de-comptes,5,200,flux_auth,"Azure,Azure Front Door,HSTS"
www.oney.fr,https://www.oney.fr/faq/categorie/cartes-bancaires-cartes-enseignes/service-virement,5,200,mouvement_argent,"Azure,Azure Front Door,HSTS"
www.oney.fr,https://www.oney.fr/faq/categorie/espace-client/releves-de-comptes,5,200,flux_auth,"Azure,Azure Front Door,HSTS"
www.oney.fr,https://www.oney.fr/faq/categorie/mon-compte-oney,5,200,flux_auth,"Azure,Azure Front Door,HSTS"
www.oney.fr,https://www.oney.fr/a-propos/applications-mobiles,5,200,flux_auth,"Azure,Azure Front Door,HSTS"
www.oney.fr,https://www.oney.fr/guide-pratique-au-quotidien/mieux-consommer/consomacteur/idees-pour-deconnecter-sans-trop-depenser,5,200,flux_auth,"Azure,Azure Front Door,Google Hosted Libraries,HSTS,jQuery"
www.oney.fr,https://www.oney.fr/paiement/avantages-carte-auchan,5,200,mouvement_argent,"Azure,Azure Front Door,Google Hosted Libraries,HSTS,jQuery"
www.oney.fr,https://www.oney.fr/paiement/carte-financement-leroy-merlin,5,200,mouvement_argent,"Azure,Azure Front Door,HSTS"
www.oney.fr,https://www.oney.fr/guide-pratique-au-quotidien/conseils/piloter-budget/paiement-en-plusieurs-fois,5,200,mouvement_argent,"Azure,Azure Front Door,HSTS"
www.payplug.com,https://www.payplug.com/wp-json/wp/v2/posts/35407,5,401,id_non_derive_session(+5),"Cloudflare,HSTS,MySQL,PHP,WordPress"
www.payplug.com,https://www.payplug.com/wp-json/wp/v2/posts/13278,5,401,id_non_derive_session(+5),"Cloudflare,HSTS,MySQL,PHP,WordPress"
www.payplug.com,https://www.payplug.com/wp-json/wp/v2/posts/14803,5,401,id_non_derive_session(+5),"Cloudflare,HSTS,MySQL,PHP,WordPress"
www.payplug.com,https://www.payplug.com/wp-json/wp/v2/posts/12725,5,401,id_non_derive_session(+5),"Cloudflare,HSTS,MySQL,PHP,WordPress"
www.payplug.com,https://www.payplug.com/wp-json/wp/v2/posts/14367,5,401,id_non_derive_session(+5),"Cloudflare,HSTS,MySQL,PHP,WordPress"
www.payplug.com,https://www.payplug.com/wp-json/wp/v2/pages/53076,5,401,id_non_derive_session(+5),"Cloudflare,HSTS,MySQL,PHP,WordPress"
www.payplug.com,https://www.payplug.com/wp-json/wp/v2/pages/52725,5,401,id_non_derive_session(+5),"Cloudflare,HSTS,MySQL,PHP,WordPress"
www.payplug.com,https://www.payplug.com/shape/checkout,5,200,mouvement_argent,"AddToAny,Bootstrap,Cloudflare,EWWW Image Optimizer,Google PageSpeed:1.13.35.2,Google Tag Manager,HSTS,HubSpot,MySQL,PHP,Popper:2,Redux Framework:4.4.5,Site Kit:1.183.0,Tippy.js:6,Unpkg,WordPress,jQuery"
www.payplug.com,https://www.payplug.com/wp-json/wp/v2/posts/20899,5,401,id_non_derive_session(+5),"Cloudflare,HSTS,MySQL,PHP,WordPress"
www.payplug.com,https://www.payplug.com/wp-json/wp/v2/posts/27825,5,401,id_non_derive_session(+5),"Cloudflare,HSTS,MySQL,PHP,WordPress"
www.payplug.com,https://www.payplug.com/wp-json/wp/v2/posts/27663,5,401,id_non_derive_session(+5),"Cloudflare,HSTS,MySQL,PHP,WordPress"
www.payplug.com,https://www.payplug.com/wp-json/wp/v2/posts/27844,5,401,id_non_derive_session(+5),"Cloudflare,HSTS,MySQL,PHP,WordPress"
www.payplug.com,https://www.payplug.com/wp-json/wp/v2/posts/26969,5,401,id_non_derive_session(+5),"Cloudflare,HSTS,MySQL,PHP,WordPress"
www.payplug.com,https://www.payplug.com/wp-json/wp/v2/posts/28528,5,401,id_non_derive_session(+5),"Cloudflare,HSTS,MySQL,PHP,WordPress"
www.payplug.com,https://www.payplug.com/wp-json/wp/v2/posts/36900,5,401,id_non_derive_session(+5),"Cloudflare,HSTS,MySQL,PHP,WordPress"
www.payplug.com,https://www.payplug.com/wp-json/wp/v2/pages/15294,5,401,id_non_derive_session(+5),"Cloudflare,HSTS,MySQL,PHP,WordPress"
www.payplug.com,https://www.payplug.com/wp-json/wp/v2/pages/15380,5,401,id_non_derive_session(+5),"Cloudflare,HSTS,MySQL,PHP,WordPress"
www.payplug.com,https://www.payplug.com/shape/split-payments,5,200,mouvement_argent,"AddToAny,Bootstrap,Cloudflare,EWWW Image Optimizer,Google PageSpeed:1.13.35.2,Google Tag Manager,HSTS,HubSpot,MySQL,PHP,Popper:2,Redux Framework:4.4.5,Site Kit:1.183.0,Tippy.js:6,Unpkg,WordPress,jQuery"
www.payplug.com,https://www.payplug.com/it/shape/checkout,5,200,mouvement_argent,"AddToAny,Bootstrap,Cloudflare,EWWW Image Optimizer,Google PageSpeed:1.13.35.2,Google Tag Manager,HSTS,HubSpot,MySQL,PHP,Popper:2,Redux Framework:4.4.5,Site Kit:1.183.0,Tippy.js:6,Unpkg,WordPress,jQuery"
www.payplug.com,https://www.payplug.com/shape/payment-methods,5,200,mouvement_argent,"AddToAny,Bootstrap,Cloudflare,EWWW Image Optimizer,Google PageSpeed:1.13.35.2,Google Tag Manager,HSTS,HubSpot,MySQL,PHP,Popper:2,Redux Framework:4.4.5,Site Kit:1.183.0,Tippy.js:6,Unpkg,WordPress,jQuery"
www.payplug.com,https://www.payplug.com/payment-methods/ideal,5,200,mouvement_argent,"AddToAny,Bootstrap,Cloudflare,EWWW Image Optimizer,Google PageSpeed:1.13.35.2,Google Tag Manager,HSTS,HubSpot,MySQL,PHP,Popper:2,Redux Framework:4.4.5,Site Kit:1.183.0,Tippy.js:6,Unpkg,WordPress,jQuery"
www.payplug.com,https://www.payplug.com/online-payment/fraud-management,5,200,mouvement_argent,"AddToAny,Bootstrap,Cloudflare,EWWW Image Optimizer,Google PageSpeed:1.13.35.2,Google Tag Manager,HSTS,HubSpot,MySQL,PHP,Popper:2,Redux Framework:4.4.5,Site Kit:1.183.0,Tippy.js:6,Unpkg,WordPress,jQuery"
www.payplug.com,https://www.payplug.com/payment-methods/bancontact,5,200,mouvement_argent,"AddToAny,Bootstrap,Cloudflare,EWWW Image Optimizer,Google PageSpeed:1.13.35.2,Google Tag Manager,HSTS,HubSpot,MySQL,PHP,Popper:2,Redux Framework:4.4.5,Site Kit:1.183.0,Tippy.js:6,Unpkg,WordPress,jQuery"
www.payplug.com,https://www.payplug.com/payment-methods/sofort-banking,5,200,mouvement_argent,"AddToAny,Bootstrap,Cloudflare,EWWW Image Optimizer,Google PageSpeed:1.13.35.2,Google Tag Manager,HSTS,HubSpot,MySQL,PHP,Popper:2,Redux Framework:4.4.5,Site Kit:1.183.0,Tippy.js:6,Unpkg,WordPress,jQuery"
www.payplug.com,https://www.payplug.com/payment-methods/giropay,5,200,mouvement_argent,"AddToAny,Bootstrap,Cloudflare,EWWW Image Optimizer,Google PageSpeed:1.13.35.2,Google Tag Manager,HSTS,HubSpot,MySQL,PHP,Popper:2,Redux Framework:4.4.5,Site Kit:1.183.0,Tippy.js:6,Unpkg,WordPress,jQuery"
www.payplug.com,https://www.payplug.com/payment-data,5,200,mouvement_argent,"AddToAny,Bootstrap,Cloudflare,EWWW Image Optimizer,Google PageSpeed:1.13.35.2,Google Tag Manager,HSTS,HubSpot,MySQL,PHP,Redux Framework:4.4.5,Site Kit:1.183.0,WordPress,jQuery"
www.payplug.com,https://www.payplug.com/it/blog/come-techflash-migliorato-tasso-conversione-pagamento,5,200,flux_auth,"AddToAny,Bootstrap,Cloudflare,EWWW Image Optimizer,Google PageSpeed:1.13.35.2,Google Tag Manager,Gravatar,HSTS,HubSpot,MySQL,PHP,Popper:2,Redux Framework:4.4.5,Site Kit:1.183.0,Tippy.js:6,Unpkg,WordPress,jQuery"
www.payplug.com,https://www.payplug.com/it/blog/antos-cosmesi-una-strategia-direct-to-consumer-vincente,5,200,flux_auth,"AddToAny,Bootstrap,Cloudflare,EWWW Image Optimizer,Google PageSpeed:1.13.35.2,Google Tag Manager,Gravatar,HSTS,HubSpot,MySQL,PHP,Popper:2,Redux Framework:4.4.5,Site Kit:1.183.0,Tippy.js:6,Unpkg,WordPress,jQuery"
www.payplug.com,https://www.payplug.com/it/blog/antos-cosmesi-strategia-direct-to-consumer-vincente,5,200,flux_auth,"AddToAny,Bootstrap,Cloudflare,EWWW Image Optimizer,Google PageSpeed:1.13.35.2,Google Tag Manager,Gravatar,HSTS,HubSpot,MySQL,PHP,Popper:2,Redux Framework:4.4.5,Site Kit:1.183.0,Tippy.js:6,Unpkg,WordPress,jQuery"
www.payplug.com,https://www.payplug.com/fr/blog/paiement-wero,5,200,mouvement_argent,"AddToAny,Bootstrap,Cloudflare,EWWW Image Optimizer,Google PageSpeed:1.13.35.2,Google Tag Manager,HSTS,HubSpot,MySQL,PHP,Popper:2,Redux Framework:4.4.5,Site Kit:1.183.0,Tippy.js:6,Unpkg,WordPress,jQuery"
www.payplug.com,https://www.payplug.com/fr/blog/modes-de-paiement,5,200,mouvement_argent,"AddToAny,Bootstrap,Cloudflare,EWWW Image Optimizer,Google PageSpeed:1.13.35.2,Google Tag Manager,HSTS,HubSpot,MySQL,PHP,Popper:2,Redux Framework:4.4.5,Site Kit:1.183.0,Tippy.js:6,Unpkg,WordPress,jQuery"
www.payplug.com,https://www.payplug.com/it/blog/7-di-tasso-di-conversione-payplug-aiuta-outside-print-a-ridurre-i-carrelli-abbandonati-e-aumentare-il-fatturato,5,200,flux_auth,"AddToAny,Bootstrap,Cloudflare,EWWW Image Optimizer,Google PageSpeed:1.13.35.2,Google Tag Manager,Gravatar,HSTS,HubSpot,MySQL,PHP,Popper:2,Redux Framework:4.4.5,Site Kit:1.183.0,Tippy.js:6,Unpkg,WordPress,jQuery"
www.payplug.com,https://www.payplug.com/wp-json/wp/v2/posts/11418,5,401,id_non_derive_session(+5),"Cloudflare,HSTS,MySQL,PHP,WordPress"
www.payplug.com,https://www.payplug.com/fr/checkout,5,200,mouvement_argent,"AddToAny,Bootstrap,Cloudflare,EWWW Image Optimizer,Google PageSpeed:1.13.35.2,Google Tag Manager,HSTS,HubSpot,MySQL,PHP,Popper:2,Redux Framework:4.4.5,Site Kit:1.183.0,Tippy.js:6,Unpkg,WordPress,jQuery"
www.payplug.com,https://www.payplug.com/fr/blog/savonne-moi-moyens-paiement,5,200,mouvement_argent,"AddToAny,Bootstrap,Cloudflare,EWWW Image Optimizer,Google PageSpeed:1.13.35.2,Google Tag Manager,HSTS,HubSpot,MySQL,PHP,Popper:2,Redux Framework:4.4.5,Site Kit:1.183.0,Tippy.js:6,Unpkg,WordPress,jQuery"
www.payplug.com,https://www.payplug.com/fr/blog/differents-moyens-paiement-avantages-inconvenients,5,200,mouvement_argent,"AddToAny,Bootstrap,Cloudflare,EWWW Image Optimizer,Google PageSpeed:1.13.35.2,Google Tag Manager,HSTS,HubSpot,MySQL,PHP,Popper:2,Redux Framework:4.4.5,Site Kit:1.183.0,Tippy.js:6,Unpkg,WordPress,jQuery"
www.payplug.com,https://www.payplug.com/fr/blog/payplug-processout,5,200,flux_auth,"AddToAny,Bootstrap,Cloudflare,EWWW Image Optimizer,Google PageSpeed:1.13.35.2,Google Tag Manager,Gravatar,HSTS,HubSpot,MySQL,PHP,Popper:2,Redux Framework:4.4.5,Site Kit:1.183.0,Tippy.js:6,Unpkg,WordPress,jQuery"
www.payplug.com,https://www.payplug.com/fr/blog/nouvelle-reglementation-dsp2-et-authentification-forte,5,200,flux_auth,"AddToAny,Bootstrap,Cloudflare,EWWW Image Optimizer,Google PageSpeed:1.13.35.2,Google Tag Manager,HSTS,HubSpot,MySQL,PHP,Popper:2,Redux Framework:4.4.5,Site Kit:1.183.0,Tippy.js:6,Unpkg,WordPress,jQuery"
www.payplug.com,https://www.payplug.com/fr/blog/marquette-paiement-proximite,5,200,mouvement_argent,"AddToAny,Bootstrap,Cloudflare,EWWW Image Optimizer,Google PageSpeed:1.13.35.2,Google Tag Manager,Gravatar,HSTS,HubSpot,MySQL,PHP,Popper:2,Redux Framework:4.4.5,Site Kit:1.183.0,Tippy.js:6,Unpkg,WordPress,YouTube,jQuery"
www.payplug.com,https://www.payplug.com/fr/blog/misterfly-paiement-tourisme,5,200,mouvement_argent,"AddToAny,Bootstrap,Cloudflare,EWWW Image Optimizer,Google PageSpeed:1.13.35.2,Google Tag Manager,Gravatar,HSTS,HubSpot,MySQL,PHP,Popper:2,Redux Framework:4.4.5,Site Kit:1.183.0,Tippy.js:6,Unpkg,WordPress,jQuery"
www.payplug.com,https://www.payplug.com/fr/blog/flair-mieux-gerer-paiements-retours-produits,5,200,mouvement_argent,"AddToAny,Bootstrap,Cloudflare,EWWW Image Optimizer,Google PageSpeed:1.13.35.2,Google Tag Manager,HSTS,HubSpot,MySQL,PHP,Popper:2,Redux Framework:4.4.5,Site Kit:1.183.0,Tippy.js:6,Unpkg,WordPress,jQuery"
www.payplug.com,https://www.payplug.com/checkout,5,200,mouvement_argent,"AddToAny,Bootstrap,Cloudflare,EWWW Image Optimizer,Google PageSpeed:1.13.35.2,Google Tag Manager,HSTS,HubSpot,MySQL,PHP,Popper:2,Redux Framework:4.4.5,Site Kit:1.183.0,Tippy.js:6,Unpkg,WordPress,jQuery"
www.payplug.com,https://www.payplug.com/blog/the-drivers-of-payment-performance-european-market-2023,5,200,mouvement_argent,"AddToAny,Bootstrap,Cloudflare,EWWW Image Optimizer,Google PageSpeed:1.13.35.2,Google Tag Manager,Gravatar,HSTS,HubSpot,MySQL,PHP,Popper:2,Redux Framework:4.4.5,Site Kit:1.183.0,Tippy.js:6,Unpkg,WordPress,jQuery"
www.payplug.com,https://www.payplug.com/blog/payment-wero,5,200,mouvement_argent,"AddToAny,Bootstrap,Cloudflare,EWWW Image Optimizer,Google PageSpeed:1.13.35.2,Google Tag Manager,HSTS,HubSpot,MySQL,PHP,Popper:2,Redux Framework:4.4.5,Site Kit:1.183.0,Tippy.js:6,Unpkg,WordPress,jQuery"
www.payplug.com,https://www.payplug.com/blog/straightforward-payments-drive-growth-at-made-com,5,200,mouvement_argent,"AddToAny,Bootstrap,Cloudflare,EWWW Image Optimizer,Google PageSpeed:1.13.35.2,Google Tag Manager,Gravatar,HSTS,HubSpot,MySQL,PHP,Popper:2,Redux Framework:4.4.5,Site Kit:1.183.0,Tippy.js:6,Unpkg,WordPress,jQuery"
www.payplug.com,https://www.payplug.com/blog/travel-payment-trends-2023,5,200,mouvement_argent,"AddToAny,Bootstrap,Cloudflare,EWWW Image Optimizer,Google PageSpeed:1.13.35.2,Google Tag Manager,Gravatar,HSTS,HubSpot,MySQL,PHP,Popper:2,Redux Framework:4.4.5,Site Kit:1.183.0,Tippy.js:6,Unpkg,WordPress,jQuery"
www.payplug.com,https://www.payplug.com/blog/payment-orchestration,5,200,mouvement_argent,"AddToAny,Bootstrap,Cloudflare,EWWW Image Optimizer,Google PageSpeed:1.13.35.2,Google Tag Manager,Gravatar,HSTS,HubSpot,MySQL,PHP,Popper:2,Redux Framework:4.4.5,Site Kit:1.183.0,Tippy.js:6,Unpkg,WordPress,jQuery"
www.payplug.com,https://www.payplug.com/blog/payment-localisation,5,200,mouvement_argent,"AddToAny,Bootstrap,Cloudflare,EWWW Image Optimizer,Google PageSpeed:1.13.35.2,Google Tag Manager,HSTS,HubSpot,MySQL,PHP,Popper:2,Redux Framework:4.4.5,Site Kit:1.183.0,Tippy.js:6,Unpkg,WordPress,jQuery"
www.payplug.com,https://www.payplug.com/blog/travel-payment-psd2,5,200,mouvement_argent,"AddToAny,Bootstrap,Cloudflare,EWWW Image Optimizer,Google PageSpeed:1.13.35.2,Google Tag Manager,Gravatar,HSTS,HubSpot,MySQL,PHP,Popper:2,Redux Framework:4.4.5,Site Kit:1.183.0,Tippy.js:6,Unpkg,WordPress,jQuery"
www.payplug.com,https://www.payplug.com/blog/the-incredible-omnichannel-payment-discover-the-tediber-case,5,200,mouvement_argent,"AddToAny,Bootstrap,Cloudflare,EWWW Image Optimizer,Google PageSpeed:1.13.35.2,Google Tag Manager,Gravatar,HSTS,HubSpot,MySQL,PHP,Popper:2,Redux Framework:4.4.5,Site Kit:1.183.0,Tippy.js:6,Unpkg,WordPress,jQuery"
www.payplug.com,https://www.payplug.com/blog/replatforming-the-keys-to-a-successful-e-commerce-migration-with-smooth-payment-processes,5,200,mouvement_argent,"AddToAny,Bootstrap,Cloudflare,EWWW Image Optimizer,Google PageSpeed:1.13.35.2,Google Tag Manager,Gravatar,HSTS,HubSpot,MySQL,PHP,Popper:2,Redux Framework:4.4.5,Site Kit:1.183.0,Tippy.js:6,Unpkg,WordPress,jQuery"
www.payplug.com,https://www.payplug.com/blog/payfacs-payment-mastery,5,200,mouvement_argent,"AddToAny,Bootstrap,Cloudflare,EWWW Image Optimizer,Google PageSpeed:1.13.35.2,Google Tag Manager,HSTS,HubSpot,MySQL,PHP,Popper:2,Redux Framework:4.4.5,Site Kit:1.183.0,Tippy.js:6,Unpkg,WordPress,jQuery"
www.payplug.com,https://www.payplug.com/blog/payment-performance-travel-sector,5,200,mouvement_argent,"AddToAny,Bootstrap,Cloudflare,EWWW Image Optimizer,Google PageSpeed:1.13.35.2,Google Tag Manager,Gravatar,HSTS,HubSpot,MySQL,PHP,Popper:2,Redux Framework:4.4.5,Site Kit:1.183.0,Tippy.js:6,Unpkg,WordPress,jQuery"
www.payplug.com,https://www.payplug.com/blog/order-management-system,5,200,mouvement_argent,"AddToAny,Bootstrap,Cloudflare,EWWW Image Optimizer,Google PageSpeed:1.13.35.2,Google Tag Manager,Gravatar,HSTS,HubSpot,MySQL,PHP,Popper:2,Redux Framework:4.4.5,Site Kit:1.183.0,Tippy.js:6,Unpkg,WordPress,jQuery"
www.payplug.com,https://www.payplug.com/blog/payment-integration-models-new-features-and-selection-criteria,5,200,mouvement_argent,"AddToAny,Bootstrap,Cloudflare,EWWW Image Optimizer,Google PageSpeed:1.13.35.2,Google Tag Manager,Gravatar,HSTS,HubSpot,MySQL,PHP,Popper:2,Redux Framework:4.4.5,Site Kit:1.183.0,Tippy.js:6,Unpkg,WordPress,jQuery"
www.payplug.com,https://www.payplug.com/blog/pay-by-link-develop-in-store-distancing-thanks-to-payment-links,5,200,mouvement_argent,"AddToAny,Bootstrap,Cloudflare,EWWW Image Optimizer,Google PageSpeed:1.13.35.2,Google Tag Manager,Gravatar,HSTS,HubSpot,MySQL,PHP,Popper:2,Redux Framework:4.4.5,Site Kit:1.183.0,Tippy.js:6,Unpkg,WordPress,jQuery"
www.payplug.com,https://www.payplug.com/blog/oney-12x-payment,5,200,mouvement_argent,"AddToAny,Bootstrap,Cloudflare,EWWW Image Optimizer,Google PageSpeed:1.13.35.2,Google Tag Manager,Gravatar,HSTS,HubSpot,MySQL,PHP,Popper:2,Redux Framework:4.4.5,Site Kit:1.183.0,Tippy.js:6,Unpkg,WordPress,jQuery"
www.payplug.com,https://www.payplug.com/blog/misterfly-payment-travel,5,200,mouvement_argent,"AddToAny,Bootstrap,Cloudflare,EWWW Image Optimizer,Google PageSpeed:1.13.35.2,Google Tag Manager,Gravatar,HSTS,HubSpot,MySQL,PHP,Popper:2,Redux Framework:4.4.5,Site Kit:1.183.0,Tippy.js:6,Unpkg,WordPress,jQuery"
www.payplug.com,https://www.payplug.com/blog/checkout-optimisation,5,200,mouvement_argent,"AddToAny,Bootstrap,Cloudflare,EWWW Image Optimizer,Google PageSpeed:1.13.35.2,Google Tag Manager,HSTS,HubSpot,MySQL,PHP,Popper:2,Redux Framework:4.4.5,Site Kit:1.183.0,Tippy.js:6,Unpkg,WordPress,jQuery"
www.payplug.com,https://www.payplug.com/blog/how-should-your-payment-page-be-integrated,5,200,mouvement_argent,"AddToAny,Bootstrap,Cloudflare,EWWW Image Optimizer,Google PageSpeed:1.13.35.2,Google Tag Manager,Gravatar,HSTS,HubSpot,MySQL,PHP,Popper:2,Redux Framework:4.4.5,Site Kit:1.183.0,Tippy.js:6,Unpkg,WordPress,jQuery"
www.payplug.com,https://www.payplug.com/blog/food-service-industry-online-payments-still-have-a-way-to-go,5,200,mouvement_argent,"AddToAny,Bootstrap,Cloudflare,EWWW Image Optimizer,Google PageSpeed:1.13.35.2,Google Tag Manager,Gravatar,HSTS,HubSpot,MySQL,PHP,Popper:2,Redux Framework:4.4.5,Site Kit:1.183.0,Tippy.js:6,Unpkg,WordPress,jQuery"
www.payplug.com,https://www.payplug.com/blog/category/payments,5,200,mouvement_argent,"AddToAny,Bootstrap,Cloudflare,EWWW Image Optimizer,Google PageSpeed:1.13.35.2,Google Tag Manager,HSTS,HubSpot,MySQL,PHP,Redux Framework:4.4.5,Site Kit:1.183.0,WordPress,jQuery"
www.payplug.com,https://www.payplug.com/blog/driffle-payments-gaming,5,200,mouvement_argent,"AddToAny,Bootstrap,Cloudflare,EWWW Image Optimizer,Google PageSpeed:1.13.35.2,Google Tag Manager,HSTS,HubSpot,MySQL,PHP,Popper:2,Redux Framework:4.4.5,Site Kit:1.183.0,Tippy.js:6,Unpkg,WordPress,jQuery"
www.payplug.com,https://www.payplug.com/blog/dalenys-joins-forces-with-payplug-to-transform-your-payments,5,200,mouvement_argent,"AddToAny,Bootstrap,Cloudflare,EWWW Image Optimizer,Google PageSpeed:1.13.35.2,Google Tag Manager,Gravatar,HSTS,HubSpot,MySQL,PHP,Popper:2,Redux Framework:4.4.5,Site Kit:1.183.0,Tippy.js:6,Unpkg,WordPress,jQuery"
www.payplug.com,https://www.payplug.com/blog/dalenys-has-transformed-to-bring-you-a-unified-payment-platform-driving-success,5,200,mouvement_argent,"AddToAny,Bootstrap,Cloudflare,EWWW Image Optimizer,Google PageSpeed:1.13.35.2,Google Tag Manager,Gravatar,HSTS,HubSpot,MySQL,PHP,Popper:2,Redux Framework:4.4.5,Site Kit:1.183.0,Tippy.js:6,Unpkg,WordPress,jQuery"
www.payplug.com,https://www.payplug.com/blog/agentic-payment,5,200,mouvement_argent,"AddToAny,Bootstrap,Cloudflare,EWWW Image Optimizer,Google PageSpeed:1.13.35.2,Google Tag Manager,HSTS,HubSpot,MySQL,PHP,Popper:2,Redux Framework:4.4.5,Site Kit:1.183.0,Tippy.js:6,Unpkg,WordPress,jQuery"
www.payplug.com,https://www.payplug.com/blog/category/paiement,5,200,mouvement_argent,"AddToAny,Bootstrap,Cloudflare,EWWW Image Optimizer,Google PageSpeed:1.13.35.2,Google Tag Manager,HSTS,HubSpot,MySQL,PHP,Redux Framework:4.4.5,Site Kit:1.183.0,WordPress,jQuery"
www.payplug.com,https://www.payplug.com/blog/allopneus-making-the-payment-stage-secure-and-smooth-to-ensure-the-best-customer-experience,5,200,mouvement_argent,"AddToAny,Bootstrap,Cloudflare,EWWW Image Optimizer,Google PageSpeed:1.13.35.2,Google Tag Manager,Gravatar,HSTS,HubSpot,MySQL,PHP,Popper:2,Redux Framework:4.4.5,Site Kit:1.183.0,Tippy.js:6,Unpkg,WordPress,jQuery"
www.payplug.com,https://www.payplug.com/blog/black-friday-should-it-be-considered-as-another-sales-peak-by-payment-solutions,5,200,mouvement_argent,"AddToAny,Bootstrap,Cloudflare,EWWW Image Optimizer,Google PageSpeed:1.13.35.2,Google Tag Manager,Gravatar,HSTS,HubSpot,MySQL,PHP,Popper:2,Redux Framework:4.4.5,Site Kit:1.183.0,Tippy.js:6,Unpkg,WordPress,jQuery"
www.payplug.com,https://www.payplug.com/blog/adapted-payment-modes-boost-conversion,5,200,mouvement_argent,"AddToAny,Bootstrap,Cloudflare,EWWW Image Optimizer,Google PageSpeed:1.13.35.2,Google Tag Manager,Gravatar,HSTS,HubSpot,MySQL,PHP,Popper:2,Redux Framework:4.4.5,Site Kit:1.183.0,Tippy.js:6,Unpkg,WordPress,jQuery"
www.payplug.com,https://www.payplug.com/blog/5-tips-for-optimising-the-conversion-rate-on-your-payment-pages,5,200,mouvement_argent,"AddToAny,Bootstrap,Cloudflare,EWWW Image Optimizer,Google PageSpeed:1.13.35.2,Google Tag Manager,Gravatar,HSTS,HubSpot,MySQL,PHP,Popper:2,Redux Framework:4.4.5,Site Kit:1.183.0,Tippy.js:6,Unpkg,WordPress,jQuery"
www.payplug.com,https://www.payplug.com/blog/5-pieces-of-advice-from-our-payment-managers-to-face-sales-peaks-without-stress,5,200,mouvement_argent,"AddToAny,Bootstrap,Cloudflare,EWWW Image Optimizer,Google PageSpeed:1.13.35.2,Google Tag Manager,Gravatar,HSTS,HubSpot,MySQL,PHP,Popper:2,Redux Framework:4.4.5,Site Kit:1.183.0,Tippy.js:6,Unpkg,WordPress,jQuery"
www.payplug.com,https://www.payplug.com/blog/2021-retrospective-dalenys-levels-up-the-performance-of-digital-payments,5,200,mouvement_argent,"AddToAny,Bootstrap,Cloudflare,EWWW Image Optimizer,Google PageSpeed:1.13.35.2,Google Tag Manager,Gravatar,HSTS,HubSpot,MySQL,PHP,Popper:2,Redux Framework:4.4.5,Site Kit:1.183.0,Tippy.js:6,Unpkg,WordPress,jQuery"
www.payplug.com,https://www.payplug.com/blog/3-things-to-know-about-online-payment-performance,5,200,mouvement_argent,"AddToAny,Bootstrap,Cloudflare,EWWW Image Optimizer,Google PageSpeed:1.13.35.2,Google Tag Manager,Gravatar,HSTS,HubSpot,MySQL,PHP,Popper:2,Redux Framework:4.4.5,Site Kit:1.183.0,Tippy.js:6,Unpkg,WordPress,jQuery"
www.payplug.com,https://www.payplug.com/blog/2019-retrospective-dalenys-establishes-its-leader-position-in-the-payments-market,5,200,mouvement_argent,"AddToAny,Bootstrap,Cloudflare,EWWW Image Optimizer,Google PageSpeed:1.13.35.2,Google Tag Manager,Gravatar,HSTS,HubSpot,MySQL,PHP,Popper:2,Redux Framework:4.4.5,Site Kit:1.183.0,Tippy.js:6,Unpkg,WordPress,jQuery"
www.payplug.com,https://www.payplug.com/blog/10-years-of-payment-performance-and-customer-success,5,200,mouvement_argent,"AddToAny,Bootstrap,Cloudflare,EWWW Image Optimizer,Google PageSpeed:1.13.35.2,Google Tag Manager,Gravatar,HSTS,HubSpot,MySQL,PHP,Popper:2,Redux Framework:4.4.5,Site Kit:1.183.0,Tippy.js:6,Unpkg,WordPress,jQuery"
www.payplug.com,https://www.payplug.com/blog/category/payments/feed,5,200,mouvement_argent,"Cloudflare,HSTS,MySQL,PHP,WordPress"
www.payplug.com,https://www.payplug.com/blog/category/paiement/feed,5,200,mouvement_argent,"Cloudflare,HSTS,MySQL,PHP,WordPress"
www.payplug.com,https://www.payplug.com/?p=35407,5,200,flux_auth,"AddToAny,Bootstrap,Cloudflare,EWWW Image Optimizer,Google PageSpeed:1.13.35.2,Google Tag Manager,Gravatar,HSTS,HubSpot,MySQL,PHP,Popper:2,Redux Framework:4.4.5,Site Kit:1.183.0,Tippy.js:6,Unpkg,WordPress,jQuery"
www.payplug.com,https://www.payplug.com/?p=14803,5,200,flux_auth,"AddToAny,Bootstrap,Cloudflare,EWWW Image Optimizer,Google PageSpeed:1.13.35.2,Google Tag Manager,Gravatar,HSTS,HubSpot,MySQL,PHP,Popper:2,Redux Framework:4.4.5,Site Kit:1.183.0,Tippy.js:6,Unpkg,WordPress,jQuery"
www.payplug.com,https://www.payplug.com/wp-json/wp/v2/posts/29524,5,401,id_non_derive_session(+5),"Cloudflare,HSTS,MySQL,PHP,WordPress"
www.payplug.com,https://www.payplug.com/wp-json/wp/v2/posts/34925,5,401,id_non_derive_session(+5),"Cloudflare,HSTS,MySQL,PHP,WordPress"
www.payplug.com,https://www.payplug.com/wp-json/wp/v2/posts/36938,5,401,id_non_derive_session(+5),"Cloudflare,HSTS,MySQL,PHP,WordPress"
www.payplug.com,https://www.payplug.com/wp-json/wp/v2/posts/42416,5,401,id_non_derive_session(+5),"Cloudflare,HSTS,MySQL,PHP,WordPress"
www.payplug.com,https://www.payplug.com/fr/blog/creer-un-paiement-en-plusieurs-fois-avec-lapi-de-payplug,5,200,mouvement_argent,"AddToAny,Bootstrap,Cloudflare,EWWW Image Optimizer,Google PageSpeed:1.13.35.2,Google Tag Manager,Gravatar,HSTS,HubSpot,MySQL,PHP,Popper:2,Redux Framework:4.4.5,Site Kit:1.183.0,Tippy.js:6,Unpkg,WordPress,jQuery"
www.payplug.com,https://www.payplug.com/fr/blog/tourisme-le-paiement-fractionne-de-plus-en-plus-plebiscite,5,200,mouvement_argent,"AddToAny,Bootstrap,Cloudflare,EWWW Image Optimizer,Google PageSpeed:1.13.35.2,Google Tag Manager,Gravatar,HSTS,HubSpot,MySQL,PHP,Popper:2,Redux Framework:4.4.5,Site Kit:1.183.0,Tippy.js:6,Unpkg,WordPress,jQuery"
www.payplug.com,https://www.payplug.com/fr/blog/solution-paiement-fractionne-e-commerce,5,200,mouvement_argent,"AddToAny,Bootstrap,Cloudflare,EWWW Image Optimizer,Google PageSpeed:1.13.35.2,Google Tag Manager,Gravatar,HSTS,HubSpot,MySQL,PHP,Popper:2,Redux Framework:4.4.5,Site Kit:1.183.0,Tippy.js:6,Unpkg,WordPress,jQuery"
www.payplug.com,https://www.payplug.com/wp-json/wp/v2/posts/23161,5,401,id_non_derive_session(+5),"Cloudflare,HSTS,MySQL,PHP,WordPress"
www.payplug.com,https://www.payplug.com/fr/blog/mcp-prestashop-pilotez-vos-commandes-et-vos-paiements-avec-ia,5,200,mouvement_argent,"AddToAny,Bootstrap,Cloudflare,EWWW Image Optimizer,Google PageSpeed:1.13.35.2,Google Tag Manager,Gravatar,HSTS,HubSpot,MySQL,PHP,Popper:2,Redux Framework:4.4.5,Site Kit:1.183.0,Tippy.js:6,Unpkg,WordPress,jQuery"
www.payplug.com,https://www.payplug.com/fr/ressources,5,200,flux_auth,"AddToAny,Bootstrap,Cloudflare,EWWW Image Optimizer,Google PageSpeed:1.13.35.2,Google Tag Manager,HSTS,HubSpot,MySQL,PHP,Redux Framework:4.4.5,Site Kit:1.183.0,WordPress,jQuery"
www.payplug.com,https://www.payplug.com/fr/blog/frais-transaction-carte,5,200,mouvement_argent,"AddToAny,Bootstrap,Cloudflare,EWWW Image Optimizer,Google PageSpeed:1.13.35.2,Google Tag Manager,HSTS,HubSpot,MySQL,PHP,Popper:2,Redux Framework:4.4.5,Site Kit:1.183.0,Tippy.js:6,Unpkg,WordPress,jQuery"
www.payplug.com,https://www.payplug.com/fr/shape/checkout,5,200,mouvement_argent,"AddToAny,Bootstrap,Cloudflare,EWWW Image Optimizer,Google PageSpeed:1.13.35.2,Google Tag Manager,HSTS,HubSpot,MySQL,PHP,Popper:2,Redux Framework:4.4.5,Site Kit:1.183.0,Tippy.js:6,Unpkg,WordPress,jQuery"
www.payplug.com,https://www.payplug.com/fr/shape/moyens-de-paiement,5,200,mouvement_argent,"AddToAny,Bootstrap,Cloudflare,EWWW Image Optimizer,Google PageSpeed:1.13.35.2,Google Tag Manager,HSTS,HubSpot,MySQL,PHP,Popper:2,Redux Framework:4.4.5,Site Kit:1.183.0,Tippy.js:6,Unpkg,WordPress,jQuery"
www.payplug.com,https://www.payplug.com/fr/shape/paiement-par-lien,5,200,mouvement_argent,"AddToAny,Bootstrap,Cloudflare,EWWW Image Optimizer,Google PageSpeed:1.13.35.2,Google Tag Manager,HSTS,HubSpot,MySQL,PHP,Popper:2,Redux Framework:4.4.5,Site Kit:1.183.0,Tippy.js:6,Unpkg,WordPress,jQuery"
www.payplug.com,https://www.payplug.com/fr/shape/paiement-fractionne,5,200,mouvement_argent,"AddToAny,Bootstrap,Cloudflare,EWWW Image Optimizer,Google PageSpeed:1.13.35.2,Google Tag Manager,HSTS,HubSpot,MySQL,PHP,Popper:2,Redux Framework:4.4.5,Site Kit:1.183.0,Tippy.js:6,Unpkg,WordPress,jQuery"
www.payplug.com,https://www.payplug.com/use-case/payment-solution-travel,5,200,mouvement_argent,"AddToAny,Bootstrap,Cloudflare,EWWW Image Optimizer,Google PageSpeed:1.13.35.2,Google Tag Manager,HSTS,HubSpot,MySQL,PHP,Popper:2,Redux Framework:4.4.5,Site Kit:1.183.0,Tippy.js:6,Unpkg,WordPress,jQuery"
www.payplug.com,https://www.payplug.com/use-case/payment-solution-payfac,5,200,mouvement_argent,"AddToAny,Bootstrap,Cloudflare,EWWW Image Optimizer,Google PageSpeed:1.13.35.2,Google Tag Manager,HSTS,HubSpot,MySQL,PHP,Popper:2,Redux Framework:4.4.5,Site Kit:1.183.0,Tippy.js:6,Unpkg,WordPress,jQuery"
www.payplug.com,https://www.payplug.com/?p=38710,5,200,flux_auth,"AddToAny,Bootstrap,Cloudflare,EWWW Image Optimizer,Google PageSpeed:1.13.35.2,Google Tag Manager,HSTS,HubSpot,MySQL,PHP,Popper:2,Redux Framework:4.4.5,Site Kit:1.183.0,Tippy.js:6,Unpkg,WordPress,jQuery"
www.payplug.com,https://www.payplug.com/?p=42588,5,200,flux_auth,"AddToAny,Bootstrap,Cloudflare,EWWW Image Optimizer,Google PageSpeed:1.13.35.2,Google Tag Manager,HSTS,HubSpot,MySQL,PHP,Popper:2,Redux Framework:4.4.5,Site Kit:1.183.0,Tippy.js:6,Unpkg,WordPress,jQuery"
www.payplug.com,https://www.payplug.com/?p=38579,5,200,flux_auth,"AddToAny,Bootstrap,Cloudflare,EWWW Image Optimizer,Google PageSpeed:1.13.35.2,Google Tag Manager,Gravatar,HSTS,HubSpot,MySQL,PHP,Popper:2,Redux Framework:4.4.5,Site Kit:1.183.0,Tippy.js:6,Unpkg,WordPress,jQuery"
www.payplug.com,https://www.payplug.com/?p=8644,5,200,flux_auth,"AddToAny,Bootstrap,Cloudflare,EWWW Image Optimizer,Google PageSpeed:1.13.35.2,Google Tag Manager,HSTS,HubSpot,MySQL,PHP,Redux Framework:4.4.5,Site Kit:1.183.0,WordPress,jQuery"
www.payplug.com,https://www.payplug.com/?p=8645,5,200,flux_auth,"AddToAny,Bootstrap,Cloudflare,EWWW Image Optimizer,Google PageSpeed:1.13.35.2,Google Tag Manager,HSTS,HubSpot,MySQL,PHP,Redux Framework:4.4.5,Site Kit:1.183.0,WordPress,jQuery"
www.payplug.com,https://www.payplug.com/blog/conversion-levers-tokenization,5,200,flux_auth,"AddToAny,Bootstrap,Cloudflare,EWWW Image Optimizer,Google PageSpeed:1.13.35.2,Google Tag Manager,Gravatar,HSTS,HubSpot,MySQL,PHP,Popper:2,Redux Framework:4.4.5,Site Kit:1.183.0,Tippy.js:6,Unpkg,WordPress,jQuery"
www.payplug.com,https://www.payplug.com/blog/multibanco,5,200,mouvement_argent,"AddToAny,Bootstrap,Cloudflare,EWWW Image Optimizer,Google PageSpeed:1.13.35.2,Google Tag Manager,Gravatar,HSTS,HubSpot,MySQL,PHP,Popper:2,Redux Framework:4.4.5,Site Kit:1.183.0,Tippy.js:6,Unpkg,WordPress,jQuery"
www.payplug.com,https://www.payplug.com/blog/new-psd2-regulation-and-strong-authentication,5,200,flux_auth,"AddToAny,Bootstrap,Cloudflare,EWWW Image Optimizer,Google PageSpeed:1.13.35.2,Google Tag Manager,Gravatar,HSTS,HubSpot,MySQL,PHP,Popper:2,Redux Framework:4.4.5,Site Kit:1.183.0,Tippy.js:6,Unpkg,WordPress,jQuery"
www.payplug.com,https://www.payplug.com/installment-payment,5,200,mouvement_argent,"AddToAny,Bootstrap,Cloudflare,EWWW Image Optimizer,Google PageSpeed:1.13.35.2,Google Tag Manager,HSTS,HubSpot,MySQL,PHP,Popper:2,Redux Framework:4.4.5,Site Kit:1.183.0,Tippy.js:6,Unpkg,WordPress,jQuery"
www.payplug.com,https://www.payplug.com/blog/psd2-frictionless-payments,5,200,mouvement_argent,"AddToAny,Bootstrap,Cloudflare,EWWW Image Optimizer,Google PageSpeed:1.13.35.2,Google Tag Manager,Gravatar,HSTS,HubSpot,MySQL,PHP,Popper:2,Redux Framework:4.4.5,Site Kit:1.183.0,Tippy.js:6,Unpkg,WordPress,jQuery"
www.payplug.com,https://www.payplug.com/blog/when-secured-payments-lead-us-to-climb-the-stairs-at-cannes-trustech,5,200,mouvement_argent,"AddToAny,Bootstrap,Cloudflare,EWWW Image Optimizer,Google PageSpeed:1.13.35.2,Google Tag Manager,Gravatar,HSTS,HubSpot,MySQL,PHP,Popper:2,Redux Framework:4.4.5,Site Kit:1.183.0,Tippy.js:6,Unpkg,WordPress,jQuery"
www.payplug.com,https://www.payplug.com/fr/blog/checkout-invisible,5,200,mouvement_argent,"AddToAny,Bootstrap,Cloudflare,EWWW Image Optimizer,Google PageSpeed:1.13.35.2,Google Tag Manager,HSTS,HubSpot,MySQL,PHP,Popper:2,Redux Framework:4.4.5,Site Kit:1.183.0,Tippy.js:6,Unpkg,WordPress,jQuery"
www.payplug.com,https://www.payplug.com/fr/blog/driffle-perf-paiements-gaming,5,200,mouvement_argent,"AddToAny,Bootstrap,Cloudflare,EWWW Image Optimizer,Google PageSpeed:1.13.35.2,Google Tag Manager,HSTS,HubSpot,MySQL,PHP,Popper:2,Redux Framework:4.4.5,Site Kit:1.183.0,Tippy.js:6,Unpkg,WordPress,jQuery"
www.payplug.com,https://www.payplug.com/fr/blog/orchestration-paiements-back-market,5,200,mouvement_argent,"AddToAny,Bootstrap,Cloudflare,EWWW Image Optimizer,Google PageSpeed:1.13.35.2,Google Tag Manager,Gravatar,HSTS,HubSpot,MySQL,PHP,Popper:2,Redux Framework:4.4.5,Site Kit:1.183.0,Tippy.js:6,Unpkg,WordPress,jQuery"
www.payplug.com,https://www.payplug.com/fr/blog/paiement-croissance-patyka,5,200,mouvement_argent,"AddToAny,Bootstrap,Cloudflare,EWWW Image Optimizer,Google PageSpeed:1.13.35.2,Google Tag Manager,HSTS,HubSpot,MySQL,PHP,Popper:2,Redux Framework:4.4.5,Site Kit:1.183.0,Tippy.js:6,Unpkg,WordPress,jQuery"
www.payplug.com,https://www.payplug.com/fr/blog/strategie-paiement-performante,5,200,mouvement_argent,"AddToAny,Bootstrap,Cloudflare,EWWW Image Optimizer,Google PageSpeed:1.13.35.2,Google Tag Manager,HSTS,HubSpot,MySQL,PHP,Popper:2,Redux Framework:4.4.5,Site Kit:1.183.0,Tippy.js:6,Unpkg,WordPress,jQuery"
www.payplug.com,https://www.payplug.com/fr/modules/tiller,5,200,flux_auth,"AddToAny,Bootstrap,Cloudflare,EWWW Image Optimizer,Google PageSpeed:1.13.35.2,Google Tag Manager,HSTS,HubSpot,MySQL,PHP,Redux Framework:4.4.5,Site Kit:1.183.0,WordPress,jQuery"
www.payplug.com,https://www.payplug.com/in-store-payment,5,200,mouvement_argent,"AddToAny,Bootstrap,Cloudflare,EWWW Image Optimizer,Google PageSpeed:1.13.35.2,Google Tag Manager,HSTS,HubSpot,MySQL,PHP,Popper:2,Redux Framework:4.4.5,Site Kit:1.183.0,Tippy.js:6,Unpkg,WordPress,jQuery"
www.payplug.com,https://www.payplug.com/it/target/tasso-di-frode,5,200,flux_auth,"AddToAny,Bootstrap,Cloudflare,EWWW Image Optimizer,Google PageSpeed:1.13.35.2,Google Tag Manager,HSTS,HubSpot,MySQL,PHP,Popper:2,Redux Framework:4.4.5,Site Kit:1.183.0,Tippy.js:6,Unpkg,WordPress,jQuery"
www.payplug.com,https://www.payplug.com/wp-json/wp/v2/modules/35897,5,401,id_non_derive_session(+5),"Cloudflare,HSTS,MySQL,PHP,WordPress"
www.payplug.com,https://www.payplug.com/wp-json/wp/v2/modules/38710,5,401,id_non_derive_session(+5),"Cloudflare,HSTS,MySQL,PHP,WordPress"
www.payplug.com,https://www.payplug.com/blog/bluesnap-partners-with-payplug-to-obtain-greater-authorization-rates-in-the-eu-and-france,5,200,flux_auth,"AddToAny,Bootstrap,Cloudflare,EWWW Image Optimizer,Google PageSpeed:1.13.35.2,Google Tag Manager,Gravatar,HSTS,HubSpot,MySQL,PHP,Popper:2,Redux Framework:4.4.5,Site Kit:1.183.0,Tippy.js:6,Unpkg,WordPress,jQuery"
www.payplug.com,https://www.payplug.com/blog/a-look-back-on-2020-dalenys-rising-to-the-tremendous-challenges-of-commerce-and-payments,5,200,mouvement_argent,"AddToAny,Bootstrap,Cloudflare,EWWW Image Optimizer,Google PageSpeed:1.13.35.2,Google Tag Manager,Gravatar,HSTS,HubSpot,MySQL,PHP,Popper:2,Redux Framework:4.4.5,Site Kit:1.183.0,Tippy.js:6,Unpkg,WordPress,jQuery"
www.payplug.com,https://www.payplug.com/wp-json/wp/v2/pages/15349,5,401,id_non_derive_session(+5),"Cloudflare,HSTS,MySQL,PHP,WordPress"
www.payplug.com,https://www.payplug.com/wp-json/wp/v2/pages/15427,5,401,id_non_derive_session(+5),"Cloudflare,HSTS,MySQL,PHP,WordPress"
www.payplug.com,https://www.payplug.com/wp-json/wp/v2/pages/15544,5,401,id_non_derive_session(+5),"Cloudflare,HSTS,MySQL,PHP,WordPress"
www.payplug.com,https://www.payplug.com/wp-json/wp/v2/pages/15387,5,401,id_non_derive_session(+5),"Cloudflare,HSTS,MySQL,PHP,WordPress"
www.payplug.com,https://www.payplug.com/wp-json/wp/v2/pages/15530,5,401,id_non_derive_session(+5),"Cloudflare,HSTS,MySQL,PHP,WordPress"
www.payplug.com,https://www.payplug.com/wp-json/wp/v2/pages/15883,5,401,id_non_derive_session(+5),"Cloudflare,HSTS,MySQL,PHP,WordPress"
www.payplug.com,https://www.payplug.com/wp-json/wp/v2/posts/52618,5,429,id_non_derive_session(+5),"Cloudflare,HSTS"
www.payplug.com,https://www.payplug.com/wp-json/wp/v2/posts/53175,5,429,id_non_derive_session(+5),"Cloudflare,HSTS"
www.payplug.com,https://www.payplug.com/wp-json/wp/v2/posts/50383,5,429,id_non_derive_session(+5),"Cloudflare,HSTS"
www.payplug.com,https://www.payplug.com/wp-json/wp/v2/posts/39919,5,429,id_non_derive_session(+5),"Cloudflare,HSTS"
www.payplug.com,https://www.payplug.com/wp-json/wp/v2/posts/38044,5,429,id_non_derive_session(+5),"Cloudflare,HSTS"
www.payplug.com,https://www.payplug.com/wp-json/wp/v2/posts/43848,5,429,id_non_derive_session(+5),"Cloudflare,HSTS"
www.payplug.com,https://www.payplug.com/wp-json/wp/v2/posts/31430,5,429,id_non_derive_session(+5),"Cloudflare,HSTS"
www.payplug.com,https://www.payplug.com/wp-json/wp/v2/posts/37890,5,429,id_non_derive_session(+5),"Cloudflare,HSTS"
www.payplug.com,https://www.payplug.com/wp-json/wp/v2/posts/22430,5,429,id_non_derive_session(+5),"Cloudflare,HSTS"
www.payplug.com,https://www.payplug.com/wp-json/wp/v2/posts/22882,5,429,id_non_derive_session(+5),"Cloudflare,HSTS"
www.payplug.com,https://www.payplug.com/wp-json/wp/v2/posts/31039,5,429,id_non_derive_session(+5),"Cloudflare,HSTS"
www.payplug.com,https://www.payplug.com/wp-json/wp/v2/posts/30114,5,429,id_non_derive_session(+5),"Cloudflare,HSTS"
www.payplug.com,https://www.payplug.com/wp-json/wp/v2/posts/30885,5,429,id_non_derive_session(+5),"Cloudflare,HSTS"
www.payplug.com,https://www.payplug.com/wp-json/wp/v2/posts/21686,5,429,id_non_derive_session(+5),"Cloudflare,HSTS"
www.payplug.com,https://www.payplug.com/wp-json/wp/v2/posts/22394,5,429,id_non_derive_session(+5),"Cloudflare,HSTS"
www.payplug.com,https://www.payplug.com/wp-json/wp/v2/posts/21750,5,429,id_non_derive_session(+5),"Cloudflare,HSTS"
www.payplug.com,https://www.payplug.com/wp-json/wp/v2/posts/22004,5,429,id_non_derive_session(+5),"Cloudflare,HSTS"
www.payplug.com,https://www.payplug.com/wp-json/wp/v2/posts/21974,5,429,id_non_derive_session(+5),"Cloudflare,HSTS"
www.payplug.com,https://www.payplug.com/wp-json/wp/v2/pages/49914,5,429,id_non_derive_session(+5),"Cloudflare,HSTS"
www.payplug.com,https://www.payplug.com/wp-json/wp/v2/pages/40415,5,429,id_non_derive_session(+5),"Cloudflare,HSTS"
www.payplug.com,https://www.payplug.com/wp-json/wp/v2/posts/19843,5,429,id_non_derive_session(+5),"Cloudflare,HSTS"
www.payplug.com,https://www.payplug.com/it/blog/checkout-ecommerce,5,429,mouvement_argent,"Cloudflare,HSTS"
www.payplug.com,https://www.payplug.com/fr/payplug-simplifie-paiement-shopify,5,429,mouvement_argent,"Cloudflare,HSTS"
www.payplug.com,https://www.payplug.com/fr/paiement-fractionne-garanti,5,429,mouvement_argent,"Cloudflare,HSTS"
www.payplug.com,https://www.payplug.com/fr/paiement-par-lien,5,429,mouvement_argent,"Cloudflare,HSTS"
www.payplug.com,https://www.payplug.com/fr/paiement-omnicanal,5,429,mouvement_argent,"Cloudflare,HSTS"
www.payplug.com,https://www.payplug.com/fr/landing/checklist-checkout-ideal,5,429,mouvement_argent,"Cloudflare,HSTS"
www.payplug.com,https://www.payplug.com/fr/blog/terminal-de-paiement,5,429,mouvement_argent,"Cloudflare,HSTS"
www.payplug.com,https://www.payplug.com/fr/blog/solution-paiement-en-ligne,5,429,mouvement_argent,"Cloudflare,HSTS"
www.payplug.com,https://www.payplug.com/fr/blog/taux-de-paiement,5,429,mouvement_argent,"Cloudflare,HSTS"
www.payplug.com,https://www.payplug.com/fr/blog/soldes-ete,5,429,mouvement_argent,"Cloudflare,HSTS"
www.payplug.com,https://www.payplug.com/fr/blog/securite-paiements-en-ligne,5,429,mouvement_argent,"Cloudflare,HSTS"
www.payplug.com,https://www.payplug.com/fr/blog/rgpd-et-paiement-ce-quil-faut-retenir,5,429,mouvement_argent,"Cloudflare,HSTS"
www.payplug.com,https://www.payplug.com/fr/blog/role-prestataires-service-paiement,5,429,mouvement_argent,"Cloudflare,HSTS"
www.payplug.com,https://www.payplug.com/fr/blog/proposer-paiement-en-plusieurs-fois,5,429,mouvement_argent,"Cloudflare,HSTS"
www.payplug.com,https://www.payplug.com/fr/blog/pay-by-link-developpez-la-distanciation-en-magasin-grace-aux-liens-de-paiement,5,429,mouvement_argent,"Cloudflare,HSTS"
www.payplug.com,https://www.payplug.com/fr/blog/payplug-propose-le-paiement-differe,5,429,mouvement_argent,"Cloudflare,HSTS"
www.payplug.com,https://www.payplug.com/fr/blog/page-de-paiement-conversion,5,429,mouvement_argent,"Cloudflare,HSTS"
www.payplug.com,https://www.payplug.com/fr/blog/paiement-securise,5,429,mouvement_argent,"Cloudflare,HSTS"
www.payplug.com,https://www.payplug.com/fr/blog/paiement-par-lien,5,429,mouvement_argent,"Cloudflare,HSTS"
www.payplug.com,https://www.payplug.com/fr/blog/orchestration-paiements,5,429,mouvement_argent,"Cloudflare,HSTS"
www.payplug.com,https://www.payplug.com/fr/blog/multibanco,5,429,mouvement_argent,"Cloudflare,HSTS"
www.payplug.com,https://www.payplug.com/fr/blog/dematerialiser-paiements-magasin-soi-paris,5,429,mouvement_argent,"Cloudflare,HSTS"
www.payplug.com,https://www.payplug.com/fr/blog/differents-modes-paiement-en-plusieurs-fois,5,429,mouvement_argent,"Cloudflare,HSTS"
www.payplug.com,https://www.payplug.com/fr/blog/connexion-tpe-caisse,5,429,flux_auth,"Cloudflare,HSTS"
www.payplug.com,https://www.payplug.com/fr/blog/comment-fonctionne-un-terminal-de-paiement,5,429,mouvement_argent,"Cloudflare,HSTS"
www.payplug.com,https://www.payplug.com/fr/blog/comment-choisir-solution-de-paiement-en-ligne,5,429,mouvement_argent,"Cloudflare,HSTS"
www.payplug.com,https://www.payplug.com/fr/blog/checkout-ecommerce,5,429,mouvement_argent,"Cloudflare,HSTS"
www.payplug.com,https://www.payplug.com/fr/blog/bouton-paiement-ecommerce,5,429,mouvement_argent,"Cloudflare,HSTS"
www.payplug.com,https://www.payplug.com/fr/blog/accepter-paiements-bancontact,5,429,mouvement_argent,"Cloudflare,HSTS"
www.payplug.com,https://www.payplug.com/wp-json/wp/v2/pages/15554,5,401,id_non_derive_session(+5),"Cloudflare,HSTS,MySQL,PHP,WordPress"
www.payplug.com,https://www.payplug.com/wp-json/wp/v2/pages/42588,5,401,id_non_derive_session(+5),"Cloudflare,HSTS,MySQL,PHP,WordPress"
www.payplug.com,https://www.payplug.com/wp-json/wp/v2/pages/42671,5,401,id_non_derive_session(+5),"Cloudflare,HSTS,MySQL,PHP,WordPress"
www.payplug.com,https://www.payplug.com/wp-json/wp/v2/pages/33714,5,401,id_non_derive_session(+5),"Cloudflare,HSTS,MySQL,PHP,WordPress"
www.payplug.com,https://www.payplug.com/wp-json/wp/v2/pages/42633,5,401,id_non_derive_session(+5),"Cloudflare,HSTS,MySQL,PHP,WordPress"
www.payplug.com,https://www.payplug.com/wp-json/wp/v2/pages/42599,5,401,id_non_derive_session(+5),"Cloudflare,HSTS,MySQL,PHP,WordPress"
www.payplug.com,https://www.payplug.com/wp-json/wp/v2/pages/44527,5,401,id_non_derive_session(+5),"Cloudflare,HSTS,MySQL,PHP,WordPress"
www.payplug.com,https://www.payplug.com/wp-json/wp/v2/pages/42683,5,401,id_non_derive_session(+5),"Cloudflare,HSTS,MySQL,PHP,WordPress"
www.payplug.com,https://www.payplug.com/wp-json/wp/v2/pages/44530,5,401,id_non_derive_session(+5),"Cloudflare,HSTS,MySQL,PHP,WordPress"
www.payplug.com,https://www.payplug.com/wp-json/wp/v2/pages/45645,5,401,id_non_derive_session(+5),"Cloudflare,HSTS,MySQL,PHP,WordPress"
www.payplug.com,https://www.payplug.com/wp-json/wp/v2/posts/37664,5,401,id_non_derive_session(+5),"Cloudflare,HSTS,MySQL,PHP,WordPress"
www.payplug.com,https://www.payplug.com/wp-json/wp/v2/posts/36974,5,401,id_non_derive_session(+5),"Cloudflare,HSTS,MySQL,PHP,WordPress"
www.payplug.com,https://www.payplug.com/wp-json/wp/v2/posts/38579,5,401,id_non_derive_session(+5),"Cloudflare,HSTS,MySQL,PHP,WordPress"
www.payplug.com,https://www.payplug.com/wp-json/wp/v2/posts/39808,5,401,id_non_derive_session(+5),"Cloudflare,HSTS,MySQL,PHP,WordPress"
www.payplug.com,https://www.payplug.com/wp-json/wp/v2/posts/40561,5,401,id_non_derive_session(+5),"Cloudflare,HSTS,MySQL,PHP,WordPress"
www.payplug.com,https://www.payplug.com/wp-json/wp/v2/posts/39816,5,401,id_non_derive_session(+5),"Cloudflare,HSTS,MySQL,PHP,WordPress"
www.payplug.com,https://www.payplug.com/wp-json/wp/v2/posts/41270,5,401,id_non_derive_session(+5),"Cloudflare,HSTS,MySQL,PHP,WordPress"
www.payplug.com,https://www.payplug.com/omnichannel-payment,5,200,mouvement_argent,"AddToAny,Bootstrap,Cloudflare,EWWW Image Optimizer,Google PageSpeed:1.13.35.2,Google Tag Manager,HSTS,HubSpot,MySQL,PHP,Popper:2,Redux Framework:4.4.5,Site Kit:1.183.0,Tippy.js:6,Unpkg,WordPress,jQuery"
www.payplug.com,https://www.payplug.com/wp-json/wp/v2/posts/49799,5,401,id_non_derive_session(+5),"Cloudflare,HSTS,MySQL,PHP,WordPress"
www.payplug.com,https://www.payplug.com/wp-json/wp/v2/posts/43849,5,401,id_non_derive_session(+5),"Cloudflare,HSTS,MySQL,PHP,WordPress"
www.payplug.com,https://www.payplug.com/wp-json/wp/v2/posts/45873,5,401,id_non_derive_session(+5),"Cloudflare,HSTS,MySQL,PHP,WordPress"
www.payplug.com,https://www.payplug.com/wp-json/wp/v2/posts/44228,5,401,id_non_derive_session(+5),"Cloudflare,HSTS,MySQL,PHP,WordPress"
www.payplug.com,https://www.payplug.com/wp-json/wp/v2/posts/52634,5,401,id_non_derive_session(+5),"Cloudflare,HSTS,MySQL,PHP,WordPress"
www.payplug.com,https://www.payplug.com/wp-json/wp/v2/posts/52021,5,401,id_non_derive_session(+5),"Cloudflare,HSTS,MySQL,PHP,WordPress"
www.payplug.com,https://www.payplug.com/wp-json/wp/v2/posts/51394,5,401,id_non_derive_session(+5),"Cloudflare,HSTS,MySQL,PHP,WordPress"
www.payplug.com,https://www.payplug.com/wp-json/wp/v2/posts/52572,5,401,id_non_derive_session(+5),"Cloudflare,HSTS,MySQL,PHP,WordPress"
www.payplug.com,https://www.payplug.com/wp-json/wp/v2/posts/52651,5,401,id_non_derive_session(+5),"Cloudflare,HSTS,MySQL,PHP,WordPress"
www.payplug.com,https://www.payplug.com/wp-json/wp/v2/posts/52653,5,401,id_non_derive_session(+5),"Cloudflare,HSTS,MySQL,PHP,WordPress"
www.payplug.com,https://www.payplug.com/online-payment,5,200,mouvement_argent,"AddToAny,Bootstrap,Cloudflare,EWWW Image Optimizer,Google PageSpeed:1.13.35.2,Google Tag Manager,HSTS,HubSpot,MySQL,PHP,Popper:2,Redux Framework:4.4.5,Site Kit:1.183.0,Tippy.js:6,Unpkg,WordPress,jQuery"
www.payplug.com,https://www.payplug.com/payment-methods,5,200,mouvement_argent,"AddToAny,Bootstrap,Cloudflare,EWWW Image Optimizer,Google PageSpeed:1.13.35.2,Google Tag Manager,HSTS,HubSpot,MySQL,PHP,Popper:2,Redux Framework:4.4.5,Site Kit:1.183.0,Tippy.js:6,Unpkg,WordPress,jQuery"
www.payplug.com,https://www.payplug.com/split-payments,5,200,mouvement_argent,"AddToAny,Bootstrap,Cloudflare,EWWW Image Optimizer,Google PageSpeed:1.13.35.2,Google Tag Manager,HSTS,HubSpot,MySQL,PHP,Popper:2,Redux Framework:4.4.5,Site Kit:1.183.0,Tippy.js:6,Unpkg,WordPress,jQuery"
www.payplug.com,https://www.payplug.com/wp-json/wp/v2/posts/50148,5,401,id_non_derive_session(+5),"Cloudflare,HSTS,MySQL,PHP,WordPress"
www.payplug.com,https://www.payplug.com/wp-json/wp/v2/posts/52187,5,401,id_non_derive_session(+5),"Cloudflare,HSTS,MySQL,PHP,WordPress"
www.payplug.com,https://www.payplug.com/blog/online-payments-fraud,5,200,mouvement_argent,"AddToAny,Bootstrap,Cloudflare,EWWW Image Optimizer,Google PageSpeed:1.13.35.2,Google Tag Manager,Gravatar,HSTS,HubSpot,MySQL,PHP,Popper:2,Redux Framework:4.4.5,Site Kit:1.183.0,Tippy.js:6,Unpkg,WordPress,jQuery"
www.payplug.com,https://www.payplug.com/blog/payment-service-provider,5,200,mouvement_argent,"AddToAny,Bootstrap,Cloudflare,EWWW Image Optimizer,Google PageSpeed:1.13.35.2,Google Tag Manager,Gravatar,HSTS,HubSpot,MySQL,PHP,Popper:2,Redux Framework:4.4.5,Site Kit:1.183.0,Tippy.js:6,Unpkg,WordPress,jQuery"
www.payplug.com,https://www.payplug.com/blog/payment-orchestration-back-market,5,200,mouvement_argent,"AddToAny,Bootstrap,Cloudflare,EWWW Image Optimizer,Google PageSpeed:1.13.35.2,Google Tag Manager,Gravatar,HSTS,HubSpot,MySQL,PHP,Popper:2,Redux Framework:4.4.5,Site Kit:1.183.0,Tippy.js:6,Unpkg,WordPress,jQuery"
www.payplug.com,https://www.payplug.com/blog/successful-payment-strategy,5,200,mouvement_argent,"AddToAny,Bootstrap,Cloudflare,EWWW Image Optimizer,Google PageSpeed:1.13.35.2,Google Tag Manager,HSTS,HubSpot,MySQL,PHP,Popper:2,Redux Framework:4.4.5,Site Kit:1.183.0,Tippy.js:6,Unpkg,WordPress,jQuery"
www.payplug.com,https://www.payplug.com/fr/blog/payplug-popina-paiements-omimi-sushi,5,200,mouvement_argent,"AddToAny,Bootstrap,Cloudflare,EWWW Image Optimizer,Google PageSpeed:1.13.35.2,Google Tag Manager,Gravatar,HSTS,HubSpot,MySQL,PHP,Popper:2,Redux Framework:4.4.5,Site Kit:1.183.0,Tippy.js:6,Unpkg,WordPress,jQuery"
www.payplug.com,https://www.payplug.com/modules/clyo-systems,5,200,flux_auth,"AddToAny,Bootstrap,Cloudflare,EWWW Image Optimizer,Google PageSpeed:1.13.35.2,Google Tag Manager,HSTS,HubSpot,MySQL,PHP,Popper:2,Redux Framework:4.4.5,Site Kit:1.183.0,Tippy.js:6,Unpkg,WordPress,jQuery"
www.payplug.com,https://www.payplug.com/modules/kintpv,5,200,flux_auth,"AddToAny,Bootstrap,Cloudflare,EWWW Image Optimizer,Google PageSpeed:1.13.35.2,Google Tag Manager,HSTS,HubSpot,MySQL,PHP,Redux Framework:4.4.5,Site Kit:1.183.0,WordPress,jQuery"
www.payplug.com,https://www.payplug.com/modules/tiller,5,200,flux_auth,"AddToAny,Bootstrap,Cloudflare,EWWW Image Optimizer,Google PageSpeed:1.13.35.2,Google Tag Manager,HSTS,HubSpot,MySQL,PHP,Redux Framework:4.4.5,Site Kit:1.183.0,WordPress,jQuery"
www.payplug.com,https://www.payplug.com/wp-json/wp/v2/pages/15543,5,401,id_non_derive_session(+5),"Cloudflare,HSTS,MySQL,PHP,WordPress"
www.payplug.com,https://www.payplug.com/secure-payment,5,200,mouvement_argent,"AddToAny,Bootstrap,Cloudflare,EWWW Image Optimizer,Google PageSpeed:1.13.35.2,Google Tag Manager,HSTS,HubSpot,MySQL,PHP,Popper:2,Redux Framework:4.4.5,Site Kit:1.183.0,Tippy.js:6,Unpkg,WordPress,jQuery"
www.payplug.com,https://www.payplug.com/fr/espace-ressources,5,200,flux_auth,"AddToAny,Bootstrap,Cloudflare,EWWW Image Optimizer,Google PageSpeed:1.13.35.2,Google Tag Manager,HSTS,HubSpot,MySQL,PHP,Redux Framework:4.4.5,Site Kit:1.183.0,WordPress,jQuery"
www.payplug.com,https://www.payplug.com/fr/lien-de-paiement,5,200,mouvement_argent,"AddToAny,Bootstrap,Cloudflare,EWWW Image Optimizer,Google PageSpeed:1.13.35.2,Google Tag Manager,HSTS,HubSpot,MySQL,PHP,Popper:2,Redux Framework:4.4.5,Site Kit:1.183.0,Tippy.js:6,Unpkg,WordPress,jQuery"
www.payplug.com,https://www.payplug.com/fr/paiement-en-magasin,5,200,mouvement_argent,"AddToAny,Bootstrap,Cloudflare,EWWW Image Optimizer,Google PageSpeed:1.13.35.2,Google Tag Manager,HSTS,HubSpot,MySQL,PHP,Popper:2,Redux Framework:4.4.5,Site Kit:1.183.0,Tippy.js:6,Unpkg,WordPress,jQuery"
www.payplug.com,https://www.payplug.com/fr/paiement-en-ligne,5,200,mouvement_argent,"AddToAny,Bootstrap,Cloudflare,EWWW Image Optimizer,Google PageSpeed:1.13.35.2,Google Tag Manager,HSTS,HubSpot,MySQL,PHP,Popper:2,Redux Framework:4.4.5,Site Kit:1.183.0,Tippy.js:6,Unpkg,WordPress,jQuery"
www.pramex.com,https://www.pramex.com/implantation-pologne/controle-des-prix-de-transfert-en-pologne-nouvelle-priorite-du-gouvernement-polonais,5,200,mouvement_argent,"Apache HTTP Server,Google Tag Manager,Gravity Forms,HSTS,MySQL,PHP,WP Rocket,WordPress,Yoast SEO:27.1.1"
www.pramex.com,https://www.pramex.com/inscription-a-la-newsletter,5,200,flux_auth,"Apache HTTP Server,Google Tag Manager,Gravity Forms,HSTS,MySQL,PHP,WP Rocket,WordPress,Yoast SEO:27.1.1"
www.pramex.com,https://www.pramex.com/implantation-italie/comment-ouvrir-un-compte-bancaire-en-italie-pour-une-entreprise-non-residente,5,200,flux_auth,"Apache HTTP Server,Google Tag Manager,Gravity Forms,HSTS,MySQL,PHP,WP Rocket,WordPress,Yoast SEO:27.1.1"
www.pramex.com,https://www.pramex.com/implantation-allemagne/ouvrir-un-compte-bancaire-en-allemagne-comment-faire,5,200,flux_auth,"Apache HTTP Server,Google Tag Manager,Gravity Forms,HSTS,MySQL,PHP,WP Rocket,WordPress,Yoast SEO:27.1.1"
www.pramex.com,https://www.pramex.com/?p=56993,5,200,flux_auth,"Apache HTTP Server,Google Tag Manager,Gravity Forms,HSTS,MySQL,PHP,WP Rocket,WordPress,Yoast SEO:27.1.1"
www.pramex.com,https://www.pramex.com/author/anne-bellicaud,5,200,flux_auth,"Apache HTTP Server,Google Tag Manager,Gravity Forms,HSTS,MySQL,PHP,WP Rocket,WordPress,Yoast SEO:27.1.1"
www.pramex.com,https://www.pramex.com/implantation-angleterre/pramex-international-conseille-la-societe-grassoise-de-parfumerie-dans-lacquisition-de-la-societe-britannique-potters-crouch,5,200,flux_auth,"Apache HTTP Server,Google Tag Manager,Gravity Forms,HSTS,MySQL,PHP,WP Rocket,WordPress,Yoast SEO:27.1.1"
www.pramex.com,https://www.pramex.com/wp-json/wp/v2/posts/88281,5,200,id_non_derive_session(+5) | hors_cible_de_lancement:vega-is.com,"Apache HTTP Server,HSTS,WordPress,Yoast SEO:27.1.1"
www.pramex.com,https://www.pramex.com/wp-json/wp/v2/posts/13118,5,200,id_non_derive_session(+5) | hors_cible_de_lancement:vega-is.com,"Apache HTTP Server,HSTS,WordPress,Yoast SEO:27.1.1"
www.pramex.com,https://www.pramex.com/implantation-espagne/comment-ouvrir-un-compte-bancaire-en-espagne-pour-son-entreprise,5,200,flux_auth,"Apache HTTP Server,Google Tag Manager,Gravity Forms,HSTS,MySQL,PHP,WP Rocket,WordPress,Yoast SEO:27.1.1"
www.pramex.com,https://www.pramex.com/wp-json/wp/v2/posts/13150,5,200,id_non_derive_session(+5) | hors_cible_de_lancement:vega-is.com,"Apache HTTP Server,HSTS,WordPress,Yoast SEO:27.1.1"
www.pramex.com,https://www.pramex.com/ressources,5,200,flux_auth,"Apache HTTP Server,Google Tag Manager,HSTS,MySQL,PHP,WP Rocket,WordPress,Yoast SEO:27.1.1"
www.pramex.com,https://www.pramex.com/ressources-humaines/recrutement-a-l-international-le-contrat-de-travail-est-il-la-seule-solution,5,200,flux_auth,"Apache HTTP Server,Google Tag Manager,Gravity Forms,HSTS,MySQL,PHP,WP Rocket,WordPress,Yoast SEO:27.1.1"
www.pramex.com,https://www.pramex.com/wp-json/wp/v2/posts/67266,5,200,id_non_derive_session(+5) | hors_cible_de_lancement:vega-is.com,"Apache HTTP Server,HSTS,WordPress,Yoast SEO:27.1.1"
www.pramex.com,https://www.pramex.com/implantation-singapour/ouvrir-un-compte-bancaire-a-singapour-que-faut-il-savoir,5,200,flux_auth,"Apache HTTP Server,Google Tag Manager,Gravity Forms,HSTS,MySQL,PHP,WP Rocket,WordPress,Yoast SEO:27.1.1"
www.pramex.com,https://www.pramex.com/implantation-hong-kong/compte-bancaire-a-hong-kong-comment-faire-pour-en-ouvrir-un,5,200,flux_auth,"Apache HTTP Server,Google Tag Manager,Gravity Forms,HSTS,MySQL,PHP,WP Rocket,WordPress,Yoast SEO:27.1.1"
www.pramex.com,https://www.pramex.com/wp-json/wp/v2/posts/13217,5,200,id_non_derive_session(+5) | hors_cible_de_lancement:vega-is.com,"Apache HTTP Server,HSTS,WordPress,Yoast SEO:27.1.1"
www.pramex.com,https://www.pramex.com/ressources-humaines,5,200,flux_auth,"Apache HTTP Server,Google Tag Manager,HSTS,MySQL,PHP,WP Rocket,WordPress,Yoast SEO:27.1.1"
www.prepar-vie.fr,https://www.prepar-vie.fr/author/alexandra_prepar,5,200,flux_auth,"Bootstrap:4,Gravatar,HSTS,Modernizr,MySQL,PHP,WordPress,jQuery"
www.prepar-vie.fr,https://www.prepar-vie.fr/author/marion,5,200,flux_auth,"Bootstrap:4,Gravatar,HSTS,Modernizr,MySQL,PHP,WordPress,jQuery"
www.satisfaction.creditfoncier.fr,https://www.satisfaction.creditfoncier.fr/backend/login?key=s80966q5&target=L2JhY2tlbmQv,5,200,flux_auth,"Bootstrap:3,Cloudflare,HSTS,HTTP/3,Slick,Summernote,Zendesk,jQuery,jQuery UI:1.10.4,metisMenu"
www.satisfaction.creditfoncier.fr,https://www.satisfaction.creditfoncier.fr/backend/askNewPassword?target=%2Fbackend%2F,5,200,flux_auth,"Bootstrap:3,Cloudflare,HSTS,HTTP/3,Slick,Summernote,Zendesk,jQuery,jQuery UI:1.10.4,metisMenu"
www.seventure.fr,https://www.seventure.fr/?p=10118,5,200,flux_auth,"Apache HTTP Server,MySQL,PHP,WPML:4.9.5,WordPress,Yoast SEO:28.1,jQuery,jQuery UI"
www.seventure.fr,https://www.seventure.fr/maat-pharma-presente-les-resultats-finaux-de-letude-pivotale-de-phase-3-ares-lors-de-la-session-pleniere-presidentielle-au-52eme-congres-annuel-de-leuropean-society-for-blood-and-mar,5,200,flux_auth,"Apache HTTP Server,MySQL,PHP,WPML:4.9.5,WordPress,Yoast SEO:28.1,jQuery,jQuery UI"
www.seventure.fr,https://www.seventure.fr/en/maat-pharma-presents-the-ares-phase-3-pivotal-trial-final-data-during-the-presidential-plenary-session-at-the-52nd-annual-meeting-of-the-european-society-for-bone-and-marrow-transplantation,5,200,flux_auth,"Apache HTTP Server,MySQL,PHP,WPML:4.9.5,WordPress,Yoast SEO:28.1,jQuery,jQuery UI"
www.smaltcapital.com,https://www.smaltcapital.com/admin/login,5,200,flux_auth,"Craft CMS,D3,XRegExp,Yii,jQuery,jQuery UI"
www.smaltcapital.com,https://www.smaltcapital.com/ambition-capital-lassociation-professionnelle-des-acteurs-du-capital-investissement-en-region-sud-provence-alpes-cote-dazur-paca,5,200,flux_auth,"Craft CMS,Yii,reCAPTCHA"
www.thematics-am.com,https://www.thematics-am.com/fr-FR/funds,5,403,mouvement_argent,Vercel
www.vega-is.com,https://www.vega-is.com/actualites/avis-financiers/crise-ukraine-mesures-lencontre-des-ressortissants-russes-ou-bielorusses,5,200,flux_auth,"Cloudflare,Drupal,Google Tag Manager,HSTS,PHP,hCaptcha,jQuery,jQuery CDN"
www.vega-is.com,https://www.vega-is.com/actualites/avis-financiers/avis-aux-porteurs-des-fcp-ci-dessous-geres-par-vega-investment-managers,5,200,flux_auth,"Cloudflare,Drupal,Google Tag Manager,HSTS,PHP,hCaptcha,jQuery,jQuery CDN"
www.vega-is.com,https://www.vega-is.com/actualites/avis-financiers/avis-aux-porteurs-2-des-fcp-ci-dessous-geres-par-vega-investment,5,200,flux_auth,"Cloudflare,Drupal,Google Tag Manager,HSTS,PHP,hCaptcha,jQuery,jQuery CDN"
www.vega-is.com,https://www.vega-is.com/index.php/user/logout,5,200,flux_auth,"Cloudflare,Drupal,Google Tag Manager,HSTS,PHP,hCaptcha,jQuery,jQuery CDN"
www.vega-is.com,https://www.vega-is.com/index.php/user/password,5,200,flux_auth,"Cloudflare,Drupal,Google Tag Manager,HSTS,PHP,hCaptcha,jQuery,jQuery CDN"
www.vega-is.com,https://www.vega-is.com/index.php/user/login,5,200,flux_auth,"Cloudflare,Drupal,Google Tag Manager,HSTS,PHP,hCaptcha,jQuery,jQuery CDN"
www.vega-is.com,https://www.vega-is.com/celina-vazquez-ibanez,5,200,mouvement_argent,"Cloudflare,Drupal,Google Tag Manager,HSTS,PHP,hCaptcha,jQuery,jQuery CDN"
www.vega-is.com,https://www.vega-is.com/actualites/dans-la-presse/vega-investment-solutions-dans-la-selection-2024-des-50-societes-de,5,200,flux_auth,"Cloudflare,Drupal,Google Tag Manager,HSTS,PHP,hCaptcha,jQuery,jQuery CDN"
www.vega-is.com,https://www.vega-is.com/user/logout,5,200,flux_auth,"Cloudflare,Drupal,Google Tag Manager,HSTS,PHP,hCaptcha,jQuery,jQuery CDN"
www.vega-is.com,https://www.vega-is.com/actualites/dans-la-presse/vega-investment-solutions-dans-le-classement-2025-des-50-societes-de,5,200,flux_auth,"Cloudflare,Drupal,Google Tag Manager,HSTS,PHP,hCaptcha,jQuery,jQuery CDN"
www.vega-is.com,https://www.vega-is.com/actualites/avis-financiers/avis-aux-porteurs-1-des-fcp-ci-dessous-geres-par-vega-investment,5,200,flux_auth,"Cloudflare,Drupal,Google Tag Manager,HSTS,PHP,hCaptcha,jQuery,jQuery CDN"
www.vega-is.com,https://www.vega-is.com/actualites/avis-financiers/crise-ukraine-mesures-dinterdiction-des-souscriptions-dans-les-fonds,5,200,flux_auth,"Cloudflare,Drupal,Google Tag Manager,HSTS,PHP,hCaptcha,jQuery,jQuery CDN"
bp.natixis.com,https://bp.natixis.com/GetFile?id=099478fe-edc0-438a-9a5e-b77a6257cafc,3,200,id_non_derive_session(+3) | hors_cible_de_lancement:vega-is.com,"Azure,HSTS,Microsoft ASP.NET"
bp.natixis.com,https://bp.natixis.com/GetFile?id=975da1a1-37e1-42fc-bd1d-42ba7532d909,3,200,id_non_derive_session(+3) | hors_cible_de_lancement:vega-is.com,"Azure,HSTS,Microsoft ASP.NET"
bp.natixis.com,https://bp.natixis.com/GetFile?id=809d13e7-0611-4fef-9eb8-3a6c16066569,3,200,id_non_derive_session(+3) | hors_cible_de_lancement:vega-is.com,"Azure,HSTS,Microsoft ASP.NET"
bp.natixis.com,https://bp.natixis.com/GetFile?id=6506a9fd-58b8-408c-bc75-daaa361e8d33,3,200,id_non_derive_session(+3) | hors_cible_de_lancement:vega-is.com,"Azure,HSTS,Microsoft ASP.NET"
bp.natixis.com,https://bp.natixis.com/GetFile?id=628d4490-0153-4169-bcfd-66af1a278313,3,200,id_non_derive_session(+3) | hors_cible_de_lancement:vega-is.com,"Azure,HSTS,Microsoft ASP.NET"
bp.natixis.com,https://bp.natixis.com/GetFile?id=49f64abf-a844-4ba7-a54a-3367bbcf181a,3,200,id_non_derive_session(+3) | hors_cible_de_lancement:vega-is.com,"Azure,HSTS,Microsoft ASP.NET"
bp.natixis.com,https://bp.natixis.com/GetFile?id=3f7b3129-114e-4188-af17-302a8e8379f4,3,200,id_non_derive_session(+3) | hors_cible_de_lancement:vega-is.com,"Azure,HSTS,Microsoft ASP.NET"
bp.natixis.com,https://bp.natixis.com/GetFile?id=36ec724e-c74c-4c22-9de2-2a405c9a3438,3,200,id_non_derive_session(+3) | hors_cible_de_lancement:vega-is.com,"Azure,HSTS,Microsoft ASP.NET"
bp.natixis.com,https://bp.natixis.com/GetFile?id=321a3ba3-a2ad-43b0-b2f2-4f04d1d0ff66,3,200,id_non_derive_session(+3) | hors_cible_de_lancement:vega-is.com,"Azure,HSTS,Microsoft ASP.NET"
bp.natixis.com,https://bp.natixis.com/GetFile?id=02e49f45-b8c0-4f0c-b9c2-15192140a8de,3,200,id_non_derive_session(+3) | hors_cible_de_lancement:vega-is.com,"Azure,HSTS,Microsoft ASP.NET"
bp.natixis.com,https://bp.natixis.com/GetFile?id=031028a8-f894-4e44-8496-86888a1daceb,3,200,id_non_derive_session(+3) | hors_cible_de_lancement:vega-is.com,"Azure,HSTS,Microsoft ASP.NET"
bp.natixis.com,https://bp.natixis.com/GetFile?id=1e000198-3542-4acb-bee4-bbda5c07be08,3,200,id_non_derive_session(+3) | hors_cible_de_lancement:vega-is.com,"Azure,HSTS,Microsoft ASP.NET"
bp.natixis.com,https://bp.natixis.com/GetFile?id=1db3f875-4f17-483d-a8cb-de3943a7ad20,3,200,id_non_derive_session(+3) | hors_cible_de_lancement:vega-is.com,"Azure,HSTS,Microsoft ASP.NET"
bp.natixis.com,https://bp.natixis.com/GetFile?id=2beac55b-e4da-4834-8228-ab8c98736b40,3,200,id_non_derive_session(+3) | hors_cible_de_lancement:vega-is.com,"Azure,HSTS,Microsoft ASP.NET"
bp.natixis.com,https://bp.natixis.com/GetFile?id=02e87459-bb41-48c9-affc-44e16e4bea7e,3,200,id_non_derive_session(+3) | hors_cible_de_lancement:vega-is.com,"Azure,HSTS,Microsoft ASP.NET"
cgpi.aewpatrimoine.com,https://cgpi.aewpatrimoine.com/project/16058ee2-e00e-47a7-b439-43c30efb017c/scpi aew paris commerces - marché secondaire,3,200,id_non_derive_session(+3) | hors_cible_de_lancement:vega-is.com,"Bootstrap:5.3.0,Google Maps,HSTS,Popper:2.11.6,jsDelivr"
cgpi.aewpatrimoine.com,https://cgpi.aewpatrimoine.com/project/eb1274da-42a0-4391-a325-75427cc259ad/scpi_immo_evolutif,3,200,id_non_derive_session(+3) | hors_cible_de_lancement:vega-is.com,"Bootstrap:5.3.0,Google Maps,HSTS,Popper:2.11.6,jsDelivr"
cgpi.aewpatrimoine.com,https://cgpi.aewpatrimoine.com/project/eb1274da-42a0-4391-a325-75427cc259ad/scpi immo evolutif,3,200,id_non_derive_session(+3) | hors_cible_de_lancement:vega-is.com,"Bootstrap:5.3.0,Google Maps,HSTS,Popper:2.11.6,jsDelivr"
cgpi.aewpatrimoine.com,https://cgpi.aewpatrimoine.com/project/7f4d7a6b-77dc-4805-9567-70c8798048a2/scpi_aew_opportunites_europe,3,200,id_non_derive_session(+3) | hors_cible_de_lancement:vega-is.com,"Bootstrap:5.3.0,Google Maps,HSTS,Popper:2.11.6,jsDelivr"
cgpi.aewpatrimoine.com,https://cgpi.aewpatrimoine.com/project/27f30f3a-2441-41eb-a25b-051ab7a5f875/scpi_aew_diversification_allemagne,3,200,id_non_derive_session(+3) | hors_cible_de_lancement:vega-is.com,"Bootstrap:5.3.0,Google Maps,HSTS,Popper:2.11.6,jsDelivr"
cgpi.aewpatrimoine.com,https://cgpi.aewpatrimoine.com/project/89ac8b6e-24d6-469b-a030-03dd77404a0a/scpi aew commerces europe,3,200,id_non_derive_session(+3) | hors_cible_de_lancement:vega-is.com,"Bootstrap:5.3.0,Google Maps,HSTS,Popper:2.11.6,jsDelivr"
cgpi.aewpatrimoine.com,https://cgpi.aewpatrimoine.com/project/9701b4cb-b4f4-42c2-9932-03c0db69778d/scpi laffitte pierre,3,200,id_non_derive_session(+3) | hors_cible_de_lancement:vega-is.com,"Bootstrap:5.3.0,Google Maps,HSTS,Popper:2.11.6,jsDelivr"
cgpi.aewpatrimoine.com,https://cgpi.aewpatrimoine.com/project/9701b4cb-b4f4-42c2-9932-03c0db69778d/scpi_laffitte_pierre,3,200,id_non_derive_session(+3) | hors_cible_de_lancement:vega-is.com,"Bootstrap:5.3.0,Google Maps,HSTS,Popper:2.11.6,jsDelivr"
cgpi.aewpatrimoine.com,https://cgpi.aewpatrimoine.com/project/d7f474f1-d568-4c63-805e-7f71f2299996/scpi aew patrimoine sante,3,200,id_non_derive_session(+3) | hors_cible_de_lancement:vega-is.com,"Bootstrap:5.3.0,Google Maps,HSTS,Popper:2.11.6,jsDelivr"
cgpi.aewpatrimoine.com,https://cgpi.aewpatrimoine.com/project/afa04083-e3f8-4c29-8387-a3ca6af66c6a/scpi_atout_pierre_diversification,3,200,id_non_derive_session(+3) | hors_cible_de_lancement:vega-is.com,"Bootstrap:5.3.0,Google Maps,HSTS,Popper:2.11.6,jsDelivr"
cgpi.aewpatrimoine.com,https://cgpi.aewpatrimoine.com/project/d7f474f1-d568-4c63-805e-7f71f2299996/scpi_aew_patrimoine_sante,3,200,id_non_derive_session(+3) | hors_cible_de_lancement:vega-is.com,"Bootstrap:5.3.0,Google Maps,HSTS,Popper:2.11.6,jsDelivr"
cgpi.aewpatrimoine.com,https://cgpi.aewpatrimoine.com/project/751a1aec-9122-4851-9ba3-bdb3812542e6/marche_secondaire_v2___modele,3,200,id_non_derive_session(+3) | hors_cible_de_lancement:vega-is.com,"Bootstrap:5.3.0,Google Maps,HSTS,Popper:2.11.6,jsDelivr"
cgpi.aewpatrimoine.com,https://cgpi.aewpatrimoine.com/project/42f8fc23-4015-4ae5-98c8-5c17fdf501a4/scpi fructipierre - marché secondaire,3,200,id_non_derive_session(+3) | hors_cible_de_lancement:vega-is.com,"Bootstrap:5.3.0,Google Maps,HSTS,Popper:2.11.6,jsDelivr"
cgpi.aewpatrimoine.com,https://cgpi.aewpatrimoine.com/project/afa04083-e3f8-4c29-8387-a3ca6af66c6a/scpi atout pierre diversification,3,200,id_non_derive_session(+3) | hors_cible_de_lancement:vega-is.com,"Bootstrap:5.3.0,Google Maps,HSTS,Popper:2.11.6,jsDelivr"
cgpi.aewpatrimoine.com,https://cgpi.aewpatrimoine.com/project/751a1aec-9122-4851-9ba3-bdb3812542e6/marché secondaire v2 - modèle,3,200,id_non_derive_session(+3) | hors_cible_de_lancement:vega-is.com,"Bootstrap:5.3.0,Google Maps,HSTS,Popper:2.11.6,jsDelivr"
cgpi.aewpatrimoine.com,https://cgpi.aewpatrimoine.com/project/42f8fc23-4015-4ae5-98c8-5c17fdf501a4/scpi_fructipierre___marche_secondaire,3,200,id_non_derive_session(+3) | hors_cible_de_lancement:vega-is.com,"Bootstrap:5.3.0,Google Maps,HSTS,Popper:2.11.6,jsDelivr"
cgpi.aewpatrimoine.com,https://cgpi.aewpatrimoine.com/project/16058ee2-e00e-47a7-b439-43c30efb017c/scpi_aew_paris_commerces___marche_secondaire,3,200,id_non_derive_session(+3) | hors_cible_de_lancement:vega-is.com,"Bootstrap:5.3.0,Google Maps,HSTS,Popper:2.11.6,jsDelivr"
cgpi.aewpatrimoine.com,https://cgpi.aewpatrimoine.com/project/89ac8b6e-24d6-469b-a030-03dd77404a0a/scpi_aew_commerces_europe,3,200,id_non_derive_session(+3) | hors_cible_de_lancement:vega-is.com,"Bootstrap:5.3.0,Google Maps,HSTS,Popper:2.11.6,jsDelivr"
cgpi.aewpatrimoine.com,https://cgpi.aewpatrimoine.com/project/7f4d7a6b-77dc-4805-9567-70c8798048a2/scpi aew opportunites europe,3,200,id_non_derive_session(+3) | hors_cible_de_lancement:vega-is.com,"Bootstrap:5.3.0,Google Maps,HSTS,Popper:2.11.6,jsDelivr"
cgpi.aewpatrimoine.com,https://cgpi.aewpatrimoine.com/project/27f30f3a-2441-41eb-a25b-051ab7a5f875/scpi aew diversification allemagne,3,200,id_non_derive_session(+3) | hors_cible_de_lancement:vega-is.com,"Bootstrap:5.3.0,Google Maps,HSTS,Popper:2.11.6,jsDelivr"
cib.natixis.com,https://cib.natixis.com/DevInet.PIMS.ComplianceTool.Web/api/ProspectusPublicNg/DownloadDocument/236/PROGRAMSEARCH,3,500,id_non_derive_session(+6) | api_objet_par_id | verbe_state_changing_en_GET | statut_500(x0.25),"Azure,HSTS"
developer.dalenys.com,https://developer.dalenys.com/openapi/report-api.html,3,200,surface_exposee(+3),"Cloudflare,Google Cloud,Google Cloud Storage"
developer.dalenys.com,https://developer.dalenys.com/openapi/notifier-api.html,3,200,surface_exposee(+3),"Cloudflare,Google Cloud,Google Cloud Storage"
developer.dalenys.com,https://developer.dalenys.com/openapi/marketplace.html,3,200,surface_exposee(+3),"Cloudflare,Google Cloud,Google Cloud Storage,ReDoc,React"
developer.dalenys.com,https://developer.dalenys.com/openapi/index.html,3,200,surface_exposee(+3),"Cloudflare,Google Cloud,Google Cloud Storage"
developer.dalenys.com,https://developer.dalenys.com/ui/developer-doc/openapi/report-api.html,3,200,surface_exposee(+3),"Cloudflare,Google Cloud,Google Cloud Storage"
developer.dalenys.com,https://developer.dalenys.com/openapi/self-onboarding.html,3,200,surface_exposee(+3),"Cloudflare,Google Cloud,Google Cloud Storage,ReDoc,React"
developer.dalenys.com,https://developer.dalenys.com/ui/developer-doc/openapi/self-onboarding.html,3,200,surface_exposee(+3),"Cloudflare,Google Cloud,Google Cloud Storage,ReDoc,React"
developer.dalenys.com,https://developer.dalenys.com/ui/developer-doc/assets/css/openapi3.css,3,200,surface_exposee(+3),"Cloudflare,Google Cloud,Google Cloud Storage"
developer.dalenys.com,https://developer.dalenys.com/ui/developer-doc/openapi/notifier-api.html,3,200,surface_exposee(+3),"Cloudflare,Google Cloud,Google Cloud Storage"
developer.dalenys.com,https://developer.dalenys.com/ui/developer-doc/openapi/index.html,3,200,surface_exposee(+3),"Cloudflare,Google Cloud,Google Cloud Storage"
agences.banquebcp.fr,https://agences.banquebcp.fr/agences/agences-saverne-C67437,2,200,verbe_state_changing_en_GET,"HSTS,Microsoft ASP.NET,Nginx,Unpkg"
agences.banquebcp.fr,https://agences.banquebcp.fr/agences/agences-sete-C34301,2,200,verbe_state_changing_en_GET,"HSTS,Microsoft ASP.NET,Nginx,Unpkg"
agences.banquebcp.fr,https://agences.banquebcp.fr/agences/agences-cusset-C03095,2,200,verbe_state_changing_en_GET,"HSTS,Microsoft ASP.NET,Nginx,Unpkg"
agences.banquebcp.fr,https://agences.banquebcp.fr/agences/agences-seyssinet-pariset-C38485,2,200,verbe_state_changing_en_GET,"HSTS,Microsoft ASP.NET,Nginx,Unpkg"
business.bcimr.dj,https://business.bcimr.dj/CIB/dist/Afterlogin/BillPayment,2,500,flux_auth | mouvement_argent | statut_500(x0.25),"Cloudflare,HSTS,HTTP/3"
business.bcimr.dj,https://business.bcimr.dj/CIB/dist/Afterlogin/Transfer,2,500,flux_auth | mouvement_argent | statut_500(x0.25),"Cloudflare,HSTS,HTTP/3"
business.bcimr.dj,https://business.bcimr.dj/CIB/dist/content/modaldialog/templates/welcome_page_newuser_activate_softtoken.html,2,500,flux_auth | verbe_state_changing_en_GET | statut_500(x0.25),"Cloudflare,HSTS,HTTP/3"
business.bcimr.dj,https://business.bcimr.dj/CIB/dist/Afterlogin/TradeFinance/LetterOfCredit,2,500,flux_auth | verbe_state_changing_en_GET | statut_500(x0.25),"Cloudflare,HSTS,HTTP/3"
card-authentication.groupebpce.com,https://card-authentication.groupebpce.com/trustedbeneficiary/delete,2,200,verbe_state_changing_en_GET,"HSTS,hCaptcha"
card-authentication.groupebpce.com,https://card-authentication.groupebpce.com/assets,2,400,verbe_state_changing_en_GET,"HSTS,hCaptcha"
card-authentication.groupebpce.com,https://card-authentication.groupebpce.com/user/update-language,2,200,verbe_state_changing_en_GET,"HSTS,hCaptcha"
card-authentication.groupebpce.com,https://card-authentication.groupebpce.com/assets/EXPR/i18n/EXPR.json,2,400,verbe_state_changing_en_GET,"HSTS,hCaptcha"
cms.bcimr.dj,https://cms.bcimr.dj/3eme-edition-de-la-foire-internationale-de-djibouti,2,200,verbe_state_changing_en_GET,"Amazon CloudFront,Amazon Web Services,Cloudflare,HSTS,HTTP/3,MySQL,PHP,Polylang,WordPress"
developer.dalenys.com,https://developer.dalenys.com/exports/export-chargebacks.html,2,200,verbe_state_changing_en_GET,"Cloudflare,Google Cloud,Google Cloud Storage"
developer.dalenys.com,https://developer.dalenys.com/report/settlement-report.html,2,200,verbe_state_changing_en_GET,"Cloudflare,Google Cloud,Google Cloud Storage"
developer.dalenys.com,https://developer.dalenys.com/ui/developer-doc/exports/export-reconciliation.html,2,200,verbe_state_changing_en_GET,"Cloudflare,Google Cloud,Google Cloud Storage"
developer.dalenys.com,https://developer.dalenys.com/ui/developer-doc/report/settlement-report.html,2,200,verbe_state_changing_en_GET,"Cloudflare,Google Cloud,Google Cloud Storage"
developer.dalenys.com,https://developer.dalenys.com/assets/files/placeholder.html,2,200,verbe_state_changing_en_GET,"Cloudflare,Google Cloud,Google Cloud Storage"
developer.dalenys.com,https://developer.dalenys.com/ui/developer-doc/assets/images/favicon/manifest.json,2,200,verbe_state_changing_en_GET,"Cloudflare,Google Cloud,Google Cloud Storage"
developer.dalenys.com,https://developer.dalenys.com/ui/developer-doc/exports/export-chargebacks.html,2,200,verbe_state_changing_en_GET,"Cloudflare,Google Cloud,Google Cloud Storage"
developer.dalenys.com,https://developer.dalenys.com/ui/developer-doc/export-services.html,2,200,verbe_state_changing_en_GET,"Cloudflare,Google Cloud,Google Cloud Storage"
developer.dalenys.com,https://developer.dalenys.com/export-services/columns.html,2,200,verbe_state_changing_en_GET,"Cloudflare,Google Cloud,Google Cloud Storage"
developer.dalenys.com,https://developer.dalenys.com/export-services.html,2,200,verbe_state_changing_en_GET,"Cloudflare,Google Cloud,Google Cloud Storage"
developer.dalenys.com,https://developer.dalenys.com/exports/export-reconciliation.html,2,200,verbe_state_changing_en_GET,"Cloudflare,Google Cloud,Google Cloud Storage"
docs.payplug.com,https://docs.payplug.com/api/guide-savecard-en.html?python=,2,200,verbe_state_changing_en_GET,"Clipboard.js,Google Hosted Libraries,Highlight.js,Nginx,Reveal.js,jQuery"
docs.payplug.com,https://docs.payplug.com/api/guide-savecard-fr.html?python=,2,200,verbe_state_changing_en_GET,"Clipboard.js,Google Hosted Libraries,Highlight.js,Nginx,Reveal.js,jQuery"
docs-qa.payplug.com,https://docs-qa.payplug.com/api/guide-savecard-fr.html?php=,2,200,verbe_state_changing_en_GET,"Clipboard.js,Google Hosted Libraries,Highlight.js,Nginx,Reveal.js,jQuery"
docs-qa.payplug.com,https://docs-qa.payplug.com/api/guide-savecard-en.html,2,200,verbe_state_changing_en_GET,"Clipboard.js,Google Hosted Libraries,Highlight.js,Nginx,Reveal.js,jQuery"
equityderivatives.natixis.com,https://equityderivatives.natixis.com/fr/indice/nxs-momentum-cross-asset-jpy-index,2,200,verbe_state_changing_en_GET,"Google Hosted Libraries,MySQL,PHP,WPML:4.7.3,WordPress,Yoast SEO:24.8.1,jQuery"
equityderivatives.natixis.com,https://equityderivatives.natixis.com/fr/natixis-lance-agapmillesima-2026-en-partenariat-avec-edmond-de-rothschild-asset-management,2,200,verbe_state_changing_en_GET,"Google Hosted Libraries,MySQL,PHP,WPML:4.7.3,WordPress,Yoast SEO:24.8.1,jQuery"
equityderivatives.natixis.com,https://equityderivatives.natixis.com/fr/indice/euleaddn,2,200,verbe_state_changing_en_GET,"Google Hosted Libraries,MySQL,PHP,WPML:4.7.3,WordPress,Yoast SEO:24.8.1,jQuery"
equityderivatives.natixis.com,https://equityderivatives.natixis.com/fr/indice/euleaddg,2,200,verbe_state_changing_en_GET,"Google Hosted Libraries,MySQL,PHP,WPML:4.7.3,WordPress,Yoast SEO:24.8.1,jQuery"
equityderivatives.natixis.com,https://equityderivatives.natixis.com/fr/natixis-presente-a-la-25eme-edition-de-la-convention-patrimonia,2,200,verbe_state_changing_en_GET,"Google Hosted Libraries,MySQL,PHP,WPML:4.7.3,WordPress,Yoast SEO:24.8.1,jQuery"
equityderivatives.natixis.com,https://equityderivatives.natixis.com/fr/indice/ezleaddg,2,200,verbe_state_changing_en_GET,"Google Hosted Libraries,MySQL,PHP,WPML:4.7.3,WordPress,Yoast SEO:24.8.1,jQuery"
equityderivatives.natixis.com,https://equityderivatives.natixis.com/fr/indice/ezleaddn,2,200,verbe_state_changing_en_GET,"Google Hosted Libraries,MySQL,PHP,WPML:4.7.3,WordPress,Yoast SEO:24.8.1,jQuery"
equityderivatives.natixis.com,https://equityderivatives.natixis.com/fr/indice/indice-nxs-momentum-cross-asset-vt,2,200,verbe_state_changing_en_GET,"Google Hosted Libraries,MySQL,PHP,WPML:4.7.3,WordPress,Yoast SEO:24.8.1,jQuery"
equityderivatives.natixis.com,https://equityderivatives.natixis.com/fr/indice/indice-nxs-momentum-cross-asset,2,200,verbe_state_changing_en_GET,"Google Hosted Libraries,MySQL,PHP,WPML:4.7.3,WordPress,Yoast SEO:24.8.1,jQuery"
exxotest.audace.fr,https://exxotest.audace.fr/questionnaire/create,2,200,verbe_state_changing_en_GET,"Apache HTTP Server,Bootstrap,Cloudflare,DataTables,Moment.js,PHP:7.2.2,Select2,cdnjs,jQuery,jQuery CDN,jQuery UI"
exxotest.audace.fr,https://exxotest.audace.fr/client/create,2,200,verbe_state_changing_en_GET,"Apache HTTP Server,Bootstrap,Cloudflare,DataTables,Moment.js,PHP:7.2.2,Select2,cdnjs,jQuery,jQuery CDN,jQuery UI"
exxotest.audace.fr,https://exxotest.audace.fr/traduction/create,2,200,verbe_state_changing_en_GET,"Apache HTTP Server,Bootstrap,Cloudflare,DataTables,Moment.js,PHP:7.2.2,Select2,cdnjs,jQuery,jQuery CDN,jQuery UI"
home.cib.natixis.com,https://home.cib.natixis.com/tags/real-assets,2,403,verbe_state_changing_en_GET,""
home.cib.natixis.com,https://home.cib.natixis.com/articles/credit-linked-notes-providing-flexibility-and-returns-in-a-high-rate-environment,2,403,verbe_state_changing_en_GET,""
laplace.habitat-en-region.fr,https://laplace.habitat-en-region.fr/themes/custom/inside-drupal-theme/assets/app-logo/site.webmanifest?t=1715611061,2,200,verbe_state_changing_en_GET,"Apache HTTP Server:2.4.59,HSTS,Lodash,Moment.js,Swiper"
oney.ro,https://oney.ro/credit-de-nevoi-personale,2,200,verbe_state_changing_en_GET,"Apache HTTP Server,CodeIgniter,Google Analytics,Google Tag Manager,Highlight.js,OWL Carousel,PHP,Popper,Slick,jQuery,reCAPTCHA"
oney.ro,https://oney.ro/credit-partener,2,200,verbe_state_changing_en_GET,"Apache HTTP Server,CodeIgniter,Google Analytics,Google Tag Manager,Highlight.js,OWL Carousel,PHP,Popper,Slick,jQuery,reCAPTCHA"
paiement.palatine.fr,https://paiement.palatine.fr/dom/node/added,2,200,verbe_state_changing_en_GET,"Bootstrap,HSTS,jQuery"
server13.audace.fr,https://server13.audace.fr/wp-content/uploads/wp-import-export-lite,2,200,verbe_state_changing_en_GET,Apache HTTP Server
server13.audace.fr,https://server13.audace.fr/*controller=ai1ec_exporter_controller*,2,302,verbe_state_changing_en_GET,Apache HTTP Server
support.payplug.com,https://support.payplug.com/hc/theming_assets/01HZPK680W8QJJFQAQTJER5HTX,2,200,verbe_state_changing_en_GET,"Amazon Web Services,Cloudflare,Cloudflare Bot Management"
support.payplug.com,https://support.payplug.com/hc/theming_assets/01HZPK6J0FY44HP425SM6WCF5J,2,200,verbe_state_changing_en_GET,"Amazon Web Services,Cloudflare,Cloudflare Bot Management"
support.payplug.com,https://support.payplug.com/hc/theming_assets/01HZPK652PKR88RD2YDEYDQ4D9,2,200,verbe_state_changing_en_GET,"Amazon Web Services,Cloudflare,Cloudflare Bot Management"
support.payplug.com,https://support.payplug.com/hc/theming_assets/01HZPK64ACN6Z93C30ASW65YP4,2,200,verbe_state_changing_en_GET,"Amazon Web Services,Cloudflare,Cloudflare Bot Management"
support.payplug.com,https://support.payplug.com/hc/theming_assets/01HZPK637EG9PCPJPNDZPJV559,2,200,verbe_state_changing_en_GET,"Amazon Web Services,Cloudflare,Cloudflare Bot Management"
support.payplug.com,https://support.payplug.com/hc/theming_assets/01HZPK63CXRBB0215W8AZTWY2S,2,200,verbe_state_changing_en_GET,"Amazon Web Services,Cloudflare,Cloudflare Bot Management"
support.payplug.com,https://support.payplug.com/hc/theming_assets/01HZPK61BH536FFJVWXRYA3PNQ,2,200,verbe_state_changing_en_GET,"Amazon Web Services,Cloudflare,Cloudflare Bot Management"
support.payplug.com,https://support.payplug.com/hc/theming_assets/01HZKTTWXBEV4R9N7WVJD2B7ME,2,200,verbe_state_changing_en_GET,"Amazon Web Services,Cloudflare,Cloudflare Bot Management"
support.payplug.com,https://support.payplug.com/hc/theming_assets/01HZPK6E971SZG9N64VN9DC94B,2,200,verbe_state_changing_en_GET,"Amazon Web Services,Cloudflare,Cloudflare Bot Management"
support.payplug.com,https://support.payplug.com/hc/theming_assets/01J44D42MJ5DETVQ5H0F5Z9ZS6,2,200,verbe_state_changing_en_GET,"Amazon Web Services,Cloudflare,Cloudflare Bot Management"
www.aew.com,https://www.aew.com/research/new-logistics-demand-drivers-offset-impact-from-iran-conflict,2,200,verbe_state_changing_en_GET,"Apache HTTP Server,Craft CMS,Google Analytics,Google Tag Manager,HSTS,Linkedin Ads,Yii"
www.banking-gefa-bank.de,https://www.banking-gefa-bank.de/kf-theme/assets?f=assets%2Fbundle_rel.css,2,200,verbe_state_changing_en_GET,HSTS
www.banking-gefa-bank.de,https://www.banking-gefa-bank.de/services_cloud/portal/kf-theme/assets?f=assets%2Fbundle_rel.css,2,200,verbe_state_changing_en_GET,HSTS
www.banking-gefa-bank.de,https://www.banking-gefa-bank.de/kf-theme/assets?a=LIGHT&f=assets%2F0699_0.css,2,200,verbe_state_changing_en_GET,HSTS
www.banqueduleman.ch,https://www.banqueduleman.ch/de/privatkunde/hypotheque/financement-bien-france/credit-hypothecaire-a-taux-variable-france,2,200,verbe_state_changing_en_GET,"Elementor:4.1.4,Google Tag Manager,Gravity Forms:2.10.5,HSTS,HTTP/3,MySQL,PHP,Sucuri,Swiper,WP Rocket,WordPress,Yoast SEO:28.0,jQuery,reCAPTCHA"
www.banqueduleman.ch,https://www.banqueduleman.ch/de/privatkunde/hypotheque/financement-bien-france/credit-hypothecaire-taux-fixe-france,2,200,verbe_state_changing_en_GET,"Elementor:4.1.4,Google Tag Manager,Gravity Forms:2.10.5,HSTS,HTTP/3,MySQL,PHP,Sucuri,Swiper,WP Rocket,WordPress,Yoast SEO:28.0,jQuery,reCAPTCHA"
www.banqueduleman.ch,https://www.banqueduleman.ch/de/privatkunde/credit-prive,2,200,verbe_state_changing_en_GET,"Elementor:4.1.4,Google Tag Manager,HSTS,HTTP/3,MySQL,PHP,Sucuri,Swiper,WP Rocket,WordPress,Yoast SEO:28.0,jQuery"
www.banqueduleman.ch,https://www.banqueduleman.ch/de/privatkunde/alltagsbank/credit-prive,2,200,verbe_state_changing_en_GET,"Elementor:4.1.4,Google Tag Manager,HSTS,HTTP/3,MySQL,PHP,Sucuri,Swiper,WP Rocket,WordPress,Yoast SEO:28.0,jQuery"
www.banque-edel.fr,https://www.banque-edel.fr/rachat-de-credits,2,200,verbe_state_changing_en_GET,"Bootstrap,Google Cloud,Google Cloud CDN,HSTS,HTTP/3,Laravel,October CMS,Popper,jQuery"
www.bcimr.dj,https://www.bcimr.dj/produits-et-services/lettre-de-credit-et-garantie-bancaire,2,200,verbe_state_changing_en_GET,"Amazon CloudFront,Amazon Web Services,Cloudflare,Google Tag Manager,HSTS,HTTP/3,Node.js,Nuxt.js,Vue.js"
www.bcimr.dj,https://www.bcimr.dj/actualites/9eme-edition-de-la-conference-internationale-des-guichets-uniques,2,200,verbe_state_changing_en_GET,"Amazon CloudFront,Amazon Web Services,Cloudflare,Google Tag Manager,HSTS,HTTP/3,Node.js,Nuxt.js,Vue.js"
www.bcimr.dj,https://www.bcimr.dj/emplois/analyste-credit,2,200,verbe_state_changing_en_GET,"Amazon CloudFront,Amazon Web Services,Cloudflare,Google Tag Manager,HSTS,HTTP/3,Node.js,Nuxt.js,Vue.js"
www.bcimr.dj,https://www.bcimr.dj/emplois/officer-of-addis-ababa-representative-office,2,200,verbe_state_changing_en_GET,"Amazon CloudFront,Amazon Web Services,Cloudflare,Google Tag Manager,HSTS,HTTP/3,Node.js,Nuxt.js,Vue.js"
www.bcimr.dj,https://www.bcimr.dj/produits-et-services/credit-ramadan,2,200,verbe_state_changing_en_GET,"Amazon CloudFront,Amazon Web Services,Cloudflare,Google Tag Manager,HSTS,HTTP/3,Node.js,Nuxt.js,Vue.js"
www.bcimr.dj,https://www.bcimr.dj/produits-et-services/credit-etudes-superieures,2,200,verbe_state_changing_en_GET,"Amazon CloudFront,Amazon Web Services,Cloudflare,Google Tag Manager,HSTS,HTTP/3,Node.js,Nuxt.js,Vue.js"
www.bcimr.dj,https://www.bcimr.dj/actualites/3eme-edition-de-la-foire-internationale-de-djibouti,2,200,verbe_state_changing_en_GET,"Amazon CloudFront,Amazon Web Services,Cloudflare,Google Tag Manager,HSTS,HTTP/3,Node.js,Nuxt.js,Vue.js"
www.bcimr.dj,https://www.bcimr.dj/produits-et-services/credit-scolaire,2,200,verbe_state_changing_en_GET,"Amazon CloudFront,Amazon Web Services,Cloudflare,Google Tag Manager,HSTS,HTTP/3,Node.js,Nuxt.js,Vue.js"
www.bcimr.dj,https://www.bcimr.dj/produits-et-services/credit-vacances,2,200,verbe_state_changing_en_GET,"Amazon CloudFront,Amazon Web Services,Cloudflare,Google Tag Manager,HSTS,HTTP/3,Node.js,Nuxt.js,Vue.js"
www.bci.nc,https://www.bci.nc/produits-services/professions-liberales/vie-privee/nos-offres/credit/immo?format=feed&type=rss,2,200,verbe_state_changing_en_GET,"HSTS,Nginx"
www.bci.nc,https://www.bci.nc/produits-services/particuliers/nos-offres/credit/conso?catid=15&id=100%3Apartenariat-bci-eec&view=article,2,200,verbe_state_changing_en_GET,"Bootstrap,HSTS,Joomla,Nginx,PHP,jQuery"
www.bci.nc,https://www.bci.nc/produits-services/particuliers/nos-offres/credit/conso?catid=13&id=577%3Aconvention-ma-banque-16-25&view=article,2,200,verbe_state_changing_en_GET,"Bootstrap,HSTS,Joomla,Nginx,PHP,jQuery"
www.bci.nc,https://www.bci.nc/un-super-taux-pour-vos-credits-a-la-consommation,2,200,verbe_state_changing_en_GET,"Bootstrap,HSTS,Joomla,Nginx,PHP,jQuery"
www.bci.nc,https://www.bci.nc/produits-services/professionnels/vie-professionnelle/nos-offres/credit,2,200,verbe_state_changing_en_GET,"Bootstrap,HSTS,Joomla,Nginx,PHP,jQuery"
www.bci.nc,https://www.bci.nc/produits-services/particuliers/nos-offres/credit/immo?catid=15&id=95%3Apret-immobilier&view=article,2,200,verbe_state_changing_en_GET,"Bootstrap,HSTS,Joomla,Nginx,PHP,jQuery"
www.bci.nc,https://www.bci.nc/produits-services/professions-liberales/vie-privee/nos-offres/credit/immo?catid=15&id=93%3Apret-travaux&view=article,2,200,verbe_state_changing_en_GET,"Bootstrap,HSTS,Joomla,Nginx,PHP,jQuery"
www.bci.nc,https://www.bci.nc/produits-services/professions-liberales/vie-privee/nos-offres/credit/immo?catid=16&id=102%3Aassurance-mrh-privatis&view=article,2,200,verbe_state_changing_en_GET,"Bootstrap,HSTS,Joomla,Nginx,PHP,jQuery"
www.bci.nc,https://www.bci.nc/produits-services/professions-liberales/vie-privee/nos-offres/credit/immo?catid=15&id=91%3Apret-a-taux-zero-ptz&view=article,2,200,verbe_state_changing_en_GET,"Bootstrap,HSTS,Joomla,Nginx,PHP,jQuery"
www.bci.nc,https://www.bci.nc/produits-services/professions-liberales/vie-privee/nos-offres/credit/conso?catid=15&id=97%3Apret-bateau&view=article,2,200,verbe_state_changing_en_GET,"Bootstrap,HSTS,Joomla,Nginx,PHP,jQuery"
www.bci.nc,https://www.bci.nc/produits-services/professions-liberales/vie-privee/nos-offres/credit/immo,2,200,verbe_state_changing_en_GET,"Bootstrap,HSTS,Joomla,Nginx,PHP,jQuery"
www.bci.nc,https://www.bci.nc/produits-services/professions-liberales/vie-privee/nos-offres/credit/conso,2,200,verbe_state_changing_en_GET,"Bootstrap,HSTS,Joomla,Nginx,PHP,jQuery"
www.bci.nc,https://www.bci.nc/produits-services/professions-liberales/vie-privee/nos-offres/credit/conso?catid=15&id=74%3Apret-auto&view=article,2,200,verbe_state_changing_en_GET,"Bootstrap,HSTS,Joomla,Nginx,PHP,jQuery"
www.bci.nc,https://www.bci.nc/produits-services/professions-liberales/vie-privee/nos-offres/credit/conso?catid=15&id=100%3Apartenariat-bci-eec&view=article,2,200,verbe_state_changing_en_GET,"Bootstrap,HSTS,Joomla,Nginx,PHP,jQuery"
www.bci.nc,https://www.bci.nc/produits-services/professions-liberales/vie-privee/nos-offres/credit/conso?catid=15&id=93%3Apret-travaux&view=article,2,200,verbe_state_changing_en_GET,"Bootstrap,HSTS,Joomla,Nginx,PHP,jQuery"
www.bci.nc,https://www.bci.nc/produits-services/professions-liberales/vie-privee/nos-offres/credit/immo?format=feed&type=atom,2,200,verbe_state_changing_en_GET,"HSTS,Nginx"
www.bci.nc,https://www.bci.nc/?catid=15&id=579%3Acredit-auto-assurance-auto&view=article,2,200,verbe_state_changing_en_GET,"Bootstrap,HSTS,Joomla,Nginx,PHP,jQuery"
www.bci.nc,https://www.bci.nc/produits-services/professions-liberales/vie-privee/nos-offres/credit/conso?format=feed&type=atom,2,200,verbe_state_changing_en_GET,"HSTS,Nginx"
www.bci.nc,https://www.bci.nc/produits-services/professions-liberales/vie-privee/nos-offres/credit/conso?format=feed&type=rss,2,200,verbe_state_changing_en_GET,"HSTS,Nginx"
www.bci.nc,https://www.bci.nc/produits-services/professionnels/vie-privee/nos-offres/credit/immo?catid=15&id=95%3Apret-immobilier&view=article,2,200,verbe_state_changing_en_GET,"Bootstrap,HSTS,Joomla,Nginx,PHP,jQuery"
www.bci.nc,https://www.bci.nc/produits-services/professionnels/vie-privee/nos-offres/credit/conso?catid=15&id=93%3Apret-travaux&view=article,2,200,verbe_state_changing_en_GET,"Bootstrap,HSTS,Joomla,Nginx,PHP,jQuery"
www.bci.nc,https://www.bci.nc/produits-services/professionnels/vie-privee/nos-offres/credit/immo,2,200,verbe_state_changing_en_GET,"Bootstrap,HSTS,Joomla,Nginx,PHP,jQuery"
www.bci.nc,https://www.bci.nc/produits-services/professionnels/vie-privee/nos-offres/credit/conso?catid=15&id=190%3Apret-etudiant&view=article,2,200,verbe_state_changing_en_GET,"Bootstrap,HSTS,Joomla,Nginx,PHP,jQuery"
www.bci.nc,https://www.bci.nc//un-super-taux-pour-vos-credits-a-la-consommation,2,200,verbe_state_changing_en_GET,"Bootstrap,HSTS,Joomla,Nginx,PHP,jQuery"
www.bci.nc,https://www.bci.nc/produits-services/professionnels/vie-privee/nos-offres/credit/conso?catid=15&id=100%3Apartenariat-bci-eec&view=article,2,200,verbe_state_changing_en_GET,"Bootstrap,HSTS,Joomla,Nginx,PHP,jQuery"
www.bci.nc,https://www.bci.nc/produits-services/professionnels/vie-privee/nos-offres/credit/conso?catid=15&id=74%3Apret-auto&view=article,2,200,verbe_state_changing_en_GET,"Bootstrap,HSTS,Joomla,Nginx,PHP,jQuery"
www.bci.nc,https://www.bci.nc/produits-services/particuliers/nos-offres/credit/conso?catid=15&id=93%3Apret-travaux&view=article,2,200,verbe_state_changing_en_GET,"Bootstrap,HSTS,Joomla,Nginx,PHP,jQuery"
www.bci.nc,https://www.bci.nc/produits-services/professionnels/vie-privee/nos-offres/credit/conso?catid=15&id=97%3Apret-bateau&view=article,2,200,verbe_state_changing_en_GET,"Bootstrap,HSTS,Joomla,Nginx,PHP,jQuery"
www.bci.nc,https://www.bci.nc/produits-services/professionnels/vie-privee/nos-offres/credit/immo?format=feed&type=rss,2,200,verbe_state_changing_en_GET,"HSTS,Nginx"
www.bci.nc,https://www.bci.nc/produits-services/professionnels/vie-privee/nos-offres/credit/immo?format=feed&type=atom,2,200,verbe_state_changing_en_GET,"HSTS,Nginx"
www.bci.nc,https://www.bci.nc/produits-services/professionnels/vie-privee/nos-offres/credit/conso?format=feed&type=atom,2,200,verbe_state_changing_en_GET,"HSTS,Nginx"
www.bci.nc,https://www.bci.nc/produits-services/professionnels/vie-privee/nos-offres/credit/conso?format=feed&type=rss,2,200,verbe_state_changing_en_GET,"HSTS,Nginx"
www.bci.nc,https://www.bci.nc/produits-services/professionnels/vie-privee/nos-offres/credit/immo?catid=15&id=91%3Apret-a-taux-zero-ptz&view=article,2,200,verbe_state_changing_en_GET,"Bootstrap,HSTS,Joomla,Nginx,PHP,jQuery"
www.bci.nc,https://www.bci.nc/produits-services/professionnels/vie-privee/nos-offres/credit/conso,2,200,verbe_state_changing_en_GET,"Bootstrap,HSTS,Joomla,Nginx,PHP,jQuery"
www.bci.nc,https://www.bci.nc/produits-services/particuliers/nos-offres/credit/immo?catid=10&id=224%3Aconvention-banian&view=article,2,200,verbe_state_changing_en_GET,"Bootstrap,HSTS,Joomla,Nginx,PHP,jQuery"
www.bci.nc,https://www.bci.nc/produits-services/particuliers/nos-offres/credit/immo?catid=15&id=108%3Apret-immobilier-casden&view=article,2,200,verbe_state_changing_en_GET,"Bootstrap,HSTS,Joomla,Nginx,PHP,jQuery"
www.bci.nc,https://www.bci.nc/produits-services/particuliers/nos-offres/credit/immo/pret-immobilier-carre,2,200,verbe_state_changing_en_GET,"Bootstrap,HSTS,Joomla,Nginx,PHP,jQuery"
www.bci.nc,https://www.bci.nc/produits-services/particuliers/nos-offres/credit/conso?catid=15&id=97%3Apret-bateau&view=article,2,200,verbe_state_changing_en_GET,"Bootstrap,HSTS,Joomla,Nginx,PHP,jQuery"
www.bci.nc,https://www.bci.nc/produits-services/particuliers/nos-offres/credit/immo,2,200,verbe_state_changing_en_GET,"Bootstrap,HSTS,Joomla,Nginx,PHP,jQuery"
www.bci.nc,https://www.bci.nc/produits-services/particuliers/nos-offres/credit/conso?catid=13&id=107%3Acarte-mastercard&view=article,2,200,verbe_state_changing_en_GET,"Bootstrap,HSTS,Joomla,Nginx,PHP,jQuery"
www.bci.nc,https://www.bci.nc/produits-services/particuliers/nos-offres/credit/conso?catid=15&id=579%3Acredit-auto-assurance-auto&view=article,2,200,verbe_state_changing_en_GET,"Bootstrap,HSTS,Joomla,Nginx,PHP,jQuery"
www.bci.nc,https://www.bci.nc/produits-services/particuliers/nos-offres/credit/conso?catid=15&id=74%3Apret-auto&view=article,2,200,verbe_state_changing_en_GET,"Bootstrap,HSTS,Joomla,Nginx,PHP,jQuery"
www.bci.nc,https://www.bci.nc/produits-services/particuliers/nos-offres/credit/conso,2,200,verbe_state_changing_en_GET,"Bootstrap,HSTS,Joomla,Nginx,PHP,jQuery"
www.bci.nc,https://www.bci.nc/produits-services/particuliers/nos-offres/credit/conso?catid=15&id=75%3Apret-vacances&view=article,2,200,verbe_state_changing_en_GET,"Bootstrap,HSTS,Joomla,Nginx,PHP,jQuery"
www.bci.nc,https://www.bci.nc/produits-services/particuliers/nos-offres/credit/conso?catid=15&id=190%3Apret-etudiant&view=article,2,200,verbe_state_changing_en_GET,"Bootstrap,HSTS,Joomla,Nginx,PHP,jQuery"
www.bci.nc,https://www.bci.nc/produits-services/particuliers/nos-offres/credit/immo?format=feed&type=rss,2,200,verbe_state_changing_en_GET,"HSTS,Nginx"
www.bci.nc,https://www.bci.nc/produits-services/particuliers/nos-offres/credit/immo?format=feed&type=atom,2,200,verbe_state_changing_en_GET,"HSTS,Nginx"
www.bci.nc,https://www.bci.nc/produits-services/particuliers/nos-offres/credit/conso?format=feed&type=atom,2,200,verbe_state_changing_en_GET,"HSTS,Nginx"
www.bci.nc,https://www.bci.nc/produits-services/particuliers/nos-offres/credit/conso?format=feed&type=rss,2,200,verbe_state_changing_en_GET,"HSTS,Nginx"
www.bci.nc,https://www.bci.nc/produits-services/moins-de-26-ans/nos-offres/credit/immo,2,200,verbe_state_changing_en_GET,"Bootstrap,HSTS,Joomla,Nginx,PHP,jQuery"
www.bci.nc,https://www.bci.nc/produits-services/particuliers/nos-offres/assurances/biens?catid=15&id=579%3Acredit-auto-assurance-auto&view=article,2,200,verbe_state_changing_en_GET,"Bootstrap,HSTS,Joomla,Nginx,PHP,jQuery"
www.bci.nc,https://www.bci.nc/la-bci/actualites/943-la-bci-aux-cotes-des-etudiants-de-legc-pour-explorer-les-enjeux-de-lexport-dans-le-pacifique,2,200,verbe_state_changing_en_GET,"Bootstrap,HSTS,Joomla,Nginx,PHP,jQuery"
www.bci.nc,https://www.bci.nc/produits-services/moins-de-26-ans/nos-offres/credit/conso,2,200,verbe_state_changing_en_GET,"Bootstrap,HSTS,Joomla,Nginx,PHP,jQuery"
www.bred.vu,https://www.bred.vu/personal-banking/credit-card,2,200,verbe_state_changing_en_GET,"Chart.js,Cloudflare,Cloudflare Bot Management,Google Analytics,Google Tag Manager,HSTS,HTTP/3,Kinsta,Lightbox,MySQL,PHP,Underscore.js:1.13.8,WordPress:7.0.2,Yoast SEO:28.1,jQuery"
www.bred.vu,https://www.bred.vu/personal-banking/credit-card/bred-visa-individual-2,2,200,verbe_state_changing_en_GET,"Chart.js,Cloudflare,Cloudflare Bot Management,Google Analytics,Google Tag Manager,HSTS,HTTP/3,Kinsta,Lightbox,MySQL,PHP,Underscore.js:1.13.8,WordPress:7.0.2,Yoast SEO:28.1,jQuery"
www.bred.vu,https://www.bred.vu/personal-banking/credit-card/cred-card-woman-1200x600,2,200,verbe_state_changing_en_GET,"Chart.js,Cloudflare,Cloudflare Bot Management,Google Analytics,Google Tag Manager,HSTS,HTTP/3,Kinsta,Lightbox,MySQL,PHP,Underscore.js:1.13.8,WordPress:7.0.2,Yoast SEO:28.1,jQuery"
www.bred.vu,https://www.bred.vu/personal-banking/credit-card/contactless-visa_web,2,200,verbe_state_changing_en_GET,"Chart.js,Cloudflare,Cloudflare Bot Management,Google Analytics,Google Tag Manager,HSTS,HTTP/3,Kinsta,Lightbox,MySQL,PHP,Underscore.js:1.13.8,WordPress:7.0.2,Yoast SEO:28.1,jQuery"
www.bred.vu,https://www.bred.vu/documentary-letters-of-credit/handshake,2,200,verbe_state_changing_en_GET,"Chart.js,Cloudflare,Cloudflare Bot Management,Google Analytics,Google Tag Manager,HSTS,HTTP/3,Kinsta,Lightbox,MySQL,PHP,Underscore.js:1.13.8,WordPress:7.0.2,Yoast SEO:28.1,jQuery"
www.bred.vu,https://www.bred.vu/fr/entreprise/carte-de-credit-entreprises2,2,200,verbe_state_changing_en_GET,"Chart.js,Cloudflare,Cloudflare Bot Management,Google Analytics,Google Tag Manager,HSTS,HTTP/3,Kinsta,Lightbox,MySQL,PHP,Polylang,Underscore.js:1.13.8,WordPress:7.0.2,Yoast SEO:28.1,jQuery"
www.bred.vu,https://www.bred.vu/business-banking/credit-card/bred-visa-individual,2,200,verbe_state_changing_en_GET,"Chart.js,Cloudflare,Cloudflare Bot Management,Google Analytics,Google Tag Manager,HSTS,HTTP/3,Kinsta,Lightbox,MySQL,PHP,Underscore.js:1.13.8,WordPress:7.0.2,Yoast SEO:28.1,jQuery"
www.bred.vu,https://www.bred.vu/business-banking/credit-card/choose-acc,2,200,verbe_state_changing_en_GET,"Chart.js,Cloudflare,Cloudflare Bot Management,Google Analytics,Google Tag Manager,HSTS,HTTP/3,Kinsta,Lightbox,MySQL,PHP,Underscore.js:1.13.8,WordPress:7.0.2,Yoast SEO:28.1,jQuery"
www.bred.vu,https://www.bred.vu/fr/lettres-de-credit,2,200,verbe_state_changing_en_GET,"Chart.js,Cloudflare,Cloudflare Bot Management,Google Analytics,Google Tag Manager,HSTS,HTTP/3,Kinsta,Lightbox,MySQL,PHP,Underscore.js:1.13.8,WordPress:7.0.2,Yoast SEO:28.1,jQuery"
www.bred.vu,https://www.bred.vu/fr/personnel/carte-de-credit,2,200,verbe_state_changing_en_GET,"Chart.js,Cloudflare,Cloudflare Bot Management,Google Analytics,Google Tag Manager,HSTS,HTTP/3,Kinsta,Lightbox,MySQL,PHP,Polylang,Underscore.js:1.13.8,WordPress:7.0.2,Yoast SEO:28.1,jQuery"
www.bred.vu,https://www.bred.vu/business-banking/credit-card,2,200,verbe_state_changing_en_GET,"Chart.js,Cloudflare,Cloudflare Bot Management,Google Analytics,Google Tag Manager,HSTS,HTTP/3,Kinsta,Lightbox,MySQL,PHP,Underscore.js:1.13.8,WordPress:7.0.2,Yoast SEO:28.1,jQuery"
www.bred.vu,https://www.bred.vu/personal-banking/foreign-exchange/creditcard,2,200,verbe_state_changing_en_GET,"Chart.js,Cloudflare,Cloudflare Bot Management,Google Analytics,Google Tag Manager,HSTS,HTTP/3,Kinsta,Lightbox,MySQL,PHP,Underscore.js:1.13.8,WordPress:7.0.2,Yoast SEO:28.1,jQuery"
www.bred.vu,https://www.bred.vu/documentary-letters-of-credit,2,200,verbe_state_changing_en_GET,"Chart.js,Cloudflare,Cloudflare Bot Management,Google Analytics,Google Tag Manager,HSTS,HTTP/3,Kinsta,Lightbox,MySQL,PHP,Underscore.js:1.13.8,WordPress:7.0.2,Yoast SEO:28.1,jQuery"
www.bred.vu,https://www.bred.vu/personal-banking/credit-card/visa-card-scam-awareness,2,200,verbe_state_changing_en_GET,"Chart.js,Cloudflare,Cloudflare Bot Management,Google Analytics,Google Tag Manager,HSTS,HTTP/3,Kinsta,Lightbox,MySQL,PHP,Underscore.js:1.13.8,WordPress:7.0.2,Yoast SEO:28.1,jQuery"
www.bred.vu,https://www.bred.vu/business-banking/credit-card/card,2,200,verbe_state_changing_en_GET,"Chart.js,Cloudflare,Cloudflare Bot Management,Google Analytics,Google Tag Manager,HSTS,HTTP/3,Kinsta,Lightbox,MySQL,PHP,Underscore.js:1.13.8,WordPress:7.0.2,Yoast SEO:28.1,jQuery"
www.bred.vu,https://www.bred.vu/business-banking/credit-card/b4business,2,200,verbe_state_changing_en_GET,"Chart.js,Cloudflare,Cloudflare Bot Management,Google Analytics,Google Tag Manager,HSTS,HTTP/3,Kinsta,Lightbox,MySQL,PHP,Underscore.js:1.13.8,WordPress:7.0.2,Yoast SEO:28.1,jQuery"
www.bred.vu,https://www.bred.vu/business-banking/credit-card/contactless,2,200,verbe_state_changing_en_GET,"Chart.js,Cloudflare,Cloudflare Bot Management,Google Analytics,Google Tag Manager,HSTS,HTTP/3,Kinsta,Lightbox,MySQL,PHP,Underscore.js:1.13.8,WordPress:7.0.2,Yoast SEO:28.1,jQuery"
www.bred.vu,https://www.bred.vu/trade-finance-and-services/export,2,200,verbe_state_changing_en_GET,"Chart.js,Cloudflare,Cloudflare Bot Management,Google Analytics,Google Tag Manager,HSTS,HTTP/3,Kinsta,Lightbox,MySQL,PHP,Underscore.js:1.13.8,WordPress:7.0.2,Yoast SEO:28.1,jQuery"
www.bred.vu,https://www.bred.vu/business-banking/credit-card/cred-card-chip,2,200,verbe_state_changing_en_GET,"Chart.js,Cloudflare,Cloudflare Bot Management,Google Analytics,Google Tag Manager,HSTS,HTTP/3,Kinsta,Lightbox,MySQL,PHP,Underscore.js:1.13.8,WordPress:7.0.2,Yoast SEO:28.1,jQuery"
www.bred.vu,https://www.bred.vu/business-banking/credit-card/3des,2,200,verbe_state_changing_en_GET,"Chart.js,Cloudflare,Cloudflare Bot Management,Google Analytics,Google Tag Manager,HSTS,HTTP/3,Kinsta,Lightbox,MySQL,PHP,Underscore.js:1.13.8,WordPress:7.0.2,Yoast SEO:28.1,jQuery"
www.bred.vu,https://www.bred.vu/business-banking/credit-card/cred-card-woman,2,200,verbe_state_changing_en_GET,"Chart.js,Cloudflare,Cloudflare Bot Management,Google Analytics,Google Tag Manager,HSTS,HTTP/3,Kinsta,Lightbox,MySQL,PHP,Underscore.js:1.13.8,WordPress:7.0.2,Yoast SEO:28.1,jQuery"
www.bred.vu,https://www.bred.vu/personal-banking/credit-card/cred-card-1200x600,2,200,verbe_state_changing_en_GET,"Chart.js,Cloudflare,Cloudflare Bot Management,Google Analytics,Google Tag Manager,HSTS,HTTP/3,Kinsta,Lightbox,MySQL,PHP,Underscore.js:1.13.8,WordPress:7.0.2,Yoast SEO:28.1,jQuery"
www.bred.vu,https://www.bred.vu/business-banking/credit-card/enhancedsecurity,2,200,verbe_state_changing_en_GET,"Chart.js,Cloudflare,Cloudflare Bot Management,Google Analytics,Google Tag Manager,HSTS,HTTP/3,Kinsta,Lightbox,MySQL,PHP,Underscore.js:1.13.8,WordPress:7.0.2,Yoast SEO:28.1,jQuery"
www.bred.vu,https://www.bred.vu/business-banking/credit-card/cred-card,2,200,verbe_state_changing_en_GET,"Chart.js,Cloudflare,Cloudflare Bot Management,Google Analytics,Google Tag Manager,HSTS,HTTP/3,Kinsta,Lightbox,MySQL,PHP,Underscore.js:1.13.8,WordPress:7.0.2,Yoast SEO:28.1,jQuery"
www.bred.vu,https://www.bred.vu/business-banking/credit-card/finan_manag,2,200,verbe_state_changing_en_GET,"Chart.js,Cloudflare,Cloudflare Bot Management,Google Analytics,Google Tag Manager,HSTS,HTTP/3,Kinsta,Lightbox,MySQL,PHP,Underscore.js:1.13.8,WordPress:7.0.2,Yoast SEO:28.1,jQuery"
www.bred.vu,https://www.bred.vu/business-banking/credit-card/visanetwork,2,200,verbe_state_changing_en_GET,"Chart.js,Cloudflare,Cloudflare Bot Management,Google Analytics,Google Tag Manager,HSTS,HTTP/3,Kinsta,Lightbox,MySQL,PHP,Underscore.js:1.13.8,WordPress:7.0.2,Yoast SEO:28.1,jQuery"
www.bred.vu,https://www.bred.vu/personal-banking/credit-card/contactless-visa_web2,2,200,verbe_state_changing_en_GET,"Chart.js,Cloudflare,Cloudflare Bot Management,Google Analytics,Google Tag Manager,HSTS,HTTP/3,Kinsta,Lightbox,MySQL,PHP,Underscore.js:1.13.8,WordPress:7.0.2,Yoast SEO:28.1,jQuery"
www.bred.vu,https://www.bred.vu/business-banking/credit-card/visadeb,2,200,verbe_state_changing_en_GET,"Chart.js,Cloudflare,Cloudflare Bot Management,Google Analytics,Google Tag Manager,HSTS,HTTP/3,Kinsta,Lightbox,MySQL,PHP,Underscore.js:1.13.8,WordPress:7.0.2,Yoast SEO:28.1,jQuery"
www.bred.vu,https://www.bred.vu/business-banking/credit-card/cred-cardaccount,2,200,verbe_state_changing_en_GET,"Chart.js,Cloudflare,Cloudflare Bot Management,Google Analytics,Google Tag Manager,HSTS,HTTP/3,Kinsta,Lightbox,MySQL,PHP,Underscore.js:1.13.8,WordPress:7.0.2,Yoast SEO:28.1,jQuery"
www.bred.vu,https://www.bred.vu/business-banking/credit-card/credit-card-fraud-protection,2,200,verbe_state_changing_en_GET,"Chart.js,Cloudflare,Cloudflare Bot Management,Google Analytics,Google Tag Manager,HSTS,HTTP/3,Kinsta,Lightbox,MySQL,PHP,Underscore.js:1.13.8,WordPress:7.0.2,Yoast SEO:28.1,jQuery"
www.bred.vu,https://www.bred.vu/business-banking/credit-card/cred-card-accounts,2,200,verbe_state_changing_en_GET,"Chart.js,Cloudflare,Cloudflare Bot Management,Google Analytics,Google Tag Manager,HSTS,HTTP/3,Kinsta,Lightbox,MySQL,PHP,Underscore.js:1.13.8,WordPress:7.0.2,Yoast SEO:28.1,jQuery"
www.connect.seventure.fr,https://www.connect.seventure.fr/wp-content/themes/seventure/assets/fonts?XV=,2,200,verbe_state_changing_en_GET,"Apache HTTP Server,HSTS"
www.credit-conso-ppweb.banquebcp.fr,https://www.credit-conso-ppweb.banquebcp.fr/assets/config/xlkeys.config,2,200,verbe_state_changing_en_GET,""
www.credit-conso-ppweb.ppr.banquebcp.fr,https://www.credit-conso-ppweb.ppr.banquebcp.fr/assets/config/xlkeys.config,2,200,verbe_state_changing_en_GET,""
www.creditfoncier.fr,https://www.creditfoncier.fr/publication-du-rapport-pilier-iii-2024-du-credit-foncier,2,200,verbe_state_changing_en_GET,"Bootstrap,MySQL,OWL Carousel,PHP,WordPress,Yoast SEO:26.8,jQuery"
www.creditfoncier.fr,https://www.creditfoncier.fr/le-credit-foncier-au-sein-du-groupe-bpce,2,200,verbe_state_changing_en_GET,"Bootstrap,MySQL,OWL Carousel,PHP,WordPress,Yoast SEO:26.8,jQuery"
www.creditfoncier.fr,https://www.creditfoncier.fr/faire-son-alternance-au-credit-foncier,2,200,verbe_state_changing_en_GET,"Bootstrap,MySQL,OWL Carousel,PHP,WordPress,Yoast SEO:26.8,jQuery"
www.creditfoncier.fr,https://www.creditfoncier.fr/actualisation-du-rapport-pilier-iii-2024-du-credit-foncier,2,200,verbe_state_changing_en_GET,"Bootstrap,MySQL,OWL Carousel,PHP,WordPress,Yoast SEO:26.8,jQuery"
www.creditfoncier.fr,https://www.creditfoncier.fr/actualisation-du-rapport-pilier-iii-2023-du-credit-foncier,2,200,verbe_state_changing_en_GET,"Bootstrap,MySQL,OWL Carousel,PHP,WordPress,Yoast SEO:26.8,jQuery"
www.creditfoncier.fr,https://www.creditfoncier.fr/publication-du-rapport-pilier-iii-2023-du-credit-foncier,2,200,verbe_state_changing_en_GET,"Bootstrap,MySQL,OWL Carousel,PHP,WordPress,Yoast SEO:26.8,jQuery"
www.creditfoncier.fr,https://www.creditfoncier.fr/publication-du-rapport-pilier-iii-2025-du-credit-foncier,2,200,verbe_state_changing_en_GET,"Bootstrap,MySQL,OWL Carousel,PHP,WordPress,Yoast SEO:26.8,jQuery"
www.creditfoncier.fr,https://www.creditfoncier.fr/actualisation-du-rapport-pilier-iii-2022-du-credit-foncier,2,200,verbe_state_changing_en_GET,"Bootstrap,MySQL,OWL Carousel,PHP,WordPress,Yoast SEO:26.8,jQuery"
www.creditfoncier.fr,https://www.creditfoncier.fr/publication-du-rapport-pilier-iii-2022-du-credit-foncier,2,200,verbe_state_changing_en_GET,"Bootstrap,MySQL,OWL Carousel,PHP,WordPress,Yoast SEO:26.8,jQuery"
www.csebpcea.fr,https://www.csebpcea.fr/upload,2,200,verbe_state_changing_en_GET,"Bootstrap,HSTS,PHP,jQuery,jQuery UI"
www.csebps.fr,https://www.csebps.fr/upload,2,200,verbe_state_changing_en_GET,"Bootstrap,HSTS,PHP,jQuery,jQuery UI"
www.espacesante.caisse-epargne.fr,https://www.espacesante.caisse-epargne.fr/admin/settings/edition/type,2,200,verbe_state_changing_en_GET,"Google Tag Manager,HSTS,Microsoft ASP.NET,OneTrust"
www.espacesante.caisse-epargne.fr,https://www.espacesante.caisse-epargne.fr/admin/settings/etiquette/edition-init,2,200,verbe_state_changing_en_GET,"Google Tag Manager,HSTS,Microsoft ASP.NET,OneTrust"
www.espacesante.caisse-epargne.fr,https://www.espacesante.caisse-epargne.fr/settings/mail/template,2,200,verbe_state_changing_en_GET,"Google Tag Manager,HSTS,Microsoft ASP.NET,OneTrust"
www.espacesante.caisse-epargne.fr,https://www.espacesante.caisse-epargne.fr/settings/traduction,2,200,verbe_state_changing_en_GET,"Google Tag Manager,HSTS,Microsoft ASP.NET,OneTrust"
www.espacesante.caisse-epargne.fr,https://www.espacesante.caisse-epargne.fr/settings/role,2,200,verbe_state_changing_en_GET,"Google Tag Manager,HSTS,Microsoft ASP.NET,OneTrust"
www.espacesante.caisse-epargne.fr,https://www.espacesante.caisse-epargne.fr/export,2,200,verbe_state_changing_en_GET,"Google Tag Manager,HSTS,Microsoft ASP.NET,OneTrust"
www.espacesante.caisse-epargne.fr,https://www.espacesante.caisse-epargne.fr/amf/update-user-tel,2,200,verbe_state_changing_en_GET,"Google Tag Manager,HSTS,Microsoft ASP.NET,OneTrust"
www.espacesante.caisse-epargne.fr,https://www.espacesante.caisse-epargne.fr/amf/delete-devices,2,200,verbe_state_changing_en_GET,"Google Tag Manager,HSTS,Microsoft ASP.NET,OneTrust"
www.espacesante.caisse-epargne.fr,https://www.espacesante.caisse-epargne.fr/settings/etiquette,2,200,verbe_state_changing_en_GET,"Google Tag Manager,HSTS,Microsoft ASP.NET,OneTrust"
www.espacesante.caisse-epargne.fr,https://www.espacesante.caisse-epargne.fr/settings/edition,2,200,verbe_state_changing_en_GET,"Google Tag Manager,HSTS,Microsoft ASP.NET,OneTrust"
www.espacesante.caisse-epargne.fr,https://www.espacesante.caisse-epargne.fr/settings/mail/config,2,200,verbe_state_changing_en_GET,"Google Tag Manager,HSTS,Microsoft ASP.NET,OneTrust"
www.gefa-bank.de,https://www.gefa-bank.de/wp-content/uploads/wpcf7_captcha,2,403,verbe_state_changing_en_GET,"HSTS,Nginx"
www.gefa-bank.de,https://www.gefa-bank.de/glossar/investitionskredit,2,200,verbe_state_changing_en_GET,"Adobe Fonts,Google Tag Manager,HSTS,MySQL,Nginx,PHP,Typekit,WP Rocket,WordPress,Yoast SEO:26.4,jQuery,wpBakery"
www.gefa-bank.de,https://www.gefa-bank.de/produkt/kredit,2,200,verbe_state_changing_en_GET,"Adobe Fonts,Google Tag Manager,HSTS,MySQL,Nginx,PHP,Typekit,WP Rocket,WordPress,Yoast SEO:26.4,jQuery,wpBakery"
www.gefa-bank.de,https://www.gefa-bank.de/ratgeber/vergleich-kredit-leasing-mietkauf,2,200,verbe_state_changing_en_GET,"Adobe Fonts,Google Tag Manager,HSTS,MySQL,Nginx,PHP,Typekit,WP Rocket,WordPress,Yoast SEO:26.4,jQuery,wpBakery"
www.gefa-bank.de,https://www.gefa-bank.de/wp-content/plugins/gefa-iwf-search/assets/environments/environment.json,2,200,verbe_state_changing_en_GET,"HSTS,Nginx"
www.gefa-bank.de,https://www.gefa-bank.de/gefa-messetalk-iaa-2024,2,200,verbe_state_changing_en_GET,"Adobe Fonts,Google Tag Manager,HSTS,MySQL,Nginx,PHP,Typekit,WP Rocket,WordPress,Yoast SEO:26.4,jQuery,wpBakery"
www.gefa-bank.de,https://www.gefa-bank.de/wp-content/plugins/gefa-iwf-search/assets/respones/allgemein.json,2,200,verbe_state_changing_en_GET,"HSTS,Nginx"
www.im.natixis.com,https://www.im.natixis.com/en-intl/about/investment-managers-and-capabilities/ostrum-asset-management,2,200,verbe_state_changing_en_GET,"Adobe Experience Manager,HSTS,Java,OneTrust,jQuery"
www.im.natixis.com,https://www.im.natixis.com/en-intl/investments/multi-asset,2,200,verbe_state_changing_en_GET,"Adobe Experience Manager,HSTS,Java,OneTrust,jQuery"
www.im.natixis.com,https://www.im.natixis.com/en-intl/investments/private-assets,2,200,verbe_state_changing_en_GET,"Adobe Experience Manager,HSTS,Java,OneTrust,jQuery"
www.im.natixis.com,https://www.im.natixis.com/en-intl/insights/private-assets,2,200,verbe_state_changing_en_GET,"Adobe Experience Manager,HSTS,Java,OneTrust,jQuery"
www.interepargne.natixis.com,https://www.interepargne.natixis.com/epargnants/credits,2,200,verbe_state_changing_en_GET,"Amazon ALB,Amazon Web Services,Bootstrap,DataTables,HSTS,MySQL,PHP,Slick,WordPress:6.9.5,Yoast SEO:23.0,jQuery"
www.oney.es,https://www.oney.es/faqs/3x-4x-oney-partners/hasta-que-importe-y-en-cuantas-cuotas-pueden-financiar-mis-clientes,2,200,verbe_state_changing_en_GET,"Azure,Bootstrap,Elementor:3.30.2,GSAP,Google Tag Manager,MySQL,Nginx:1.28.0,OWL Carousel,PHP:8.1.34,Slider Revolution:6.7.21,Underscore.js:1.13.7,WP Rocket,WooCommerce,WordPress:6.7.2,Yoast SEO:24.6,jQuery"
www.oney.es,https://www.oney.es/faqs/web-app/como-puedo-ejercer-mis-derechos-de-acceso-rectificacion-cancelacion-oposicion,2,200,verbe_state_changing_en_GET,"Azure,Bootstrap,Elementor:3.30.2,GSAP,Google Tag Manager,MySQL,Nginx:1.28.0,OWL Carousel,PHP:8.1.34,Slider Revolution:6.7.21,Underscore.js:1.13.7,WP Rocket,WooCommerce,WordPress:6.7.2,Yoast SEO:24.6,jQuery"
www.oney.es,https://www.oney.es/faqs/no_soy_cliente/como-puedo-ejercer-mis-derechos-de-acceso-rectificacion-cancelacion-oposicion-no-cliente,2,200,verbe_state_changing_en_GET,"Azure,Bootstrap,Elementor:3.30.2,GSAP,Google Tag Manager,MySQL,Nginx:1.28.0,OWL Carousel,PHP:8.1.34,Slider Revolution:6.7.21,Underscore.js:1.13.7,WP Rocket,WooCommerce,WordPress:6.7.2,Yoast SEO:24.6,jQuery"
www.oney.es,https://www.oney.es/faqs/3x-4x-oney-particulares/hasta-que-importe-puedo-financiar-mi-compra,2,200,verbe_state_changing_en_GET,"Azure,Bootstrap,Elementor:3.30.2,GSAP,Google Tag Manager,MySQL,Nginx:1.28.0,OWL Carousel,PHP:8.1.34,Slider Revolution:6.7.21,Underscore.js:1.13.7,WP Rocket,WooCommerce,WordPress:6.7.2,Yoast SEO:24.6,jQuery"
www.oney.fr,https://www.oney.fr/guide/guide-credit/signature-electronique,2,200,verbe_state_changing_en_GET,"Azure,Azure Front Door,Google Hosted Libraries,HSTS,jQuery"
www.oney.fr,https://www.oney.fr/guide-pratique-au-quotidien/a-vos-cotes/solutions/cout-credit,2,200,verbe_state_changing_en_GET,"Azure,Azure Front Door,Google Hosted Libraries,HSTS,jQuery"
www.oney.fr,https://www.oney.fr/guide-pratique-au-quotidien/conseils/piloter-budget/type-de-credit-pour-financer-mon-projet,2,200,verbe_state_changing_en_GET,"Azure,Azure Front Door,Google Hosted Libraries,HSTS,jQuery"
www.oney.fr,https://www.oney.fr/guide-pratique-au-quotidien/conseils/piloter-budget/guide-rachat-de-credits,2,200,verbe_state_changing_en_GET,"Azure,Azure Front Door,HSTS"
www.oney.fr,https://www.oney.fr/guide-pratique-au-quotidien/conseils/piloter-budget/bien-utiliser-credit-renouvelable,2,200,verbe_state_changing_en_GET,"Azure,Azure Front Door,Google Hosted Libraries,HSTS,jQuery"
www.oney.fr,https://www.oney.fr/guide-pratique-au-quotidien/a-vos-cotes/solutions/credit-avec-FICP,2,200,verbe_state_changing_en_GET,"Azure,Azure Front Door,HSTS"
www.oney.fr,https://www.oney.fr/guide-pratique-au-quotidien/conseils/maitre-de-vos-demarches/documents-necessaires-credit-auto,2,200,verbe_state_changing_en_GET,"Azure,Azure Front Door,Google Hosted Libraries,HSTS,jQuery"
www.oney.fr,https://www.oney.fr/guide-pratique-au-quotidien/a-vos-cotes/solutions/proteger-credit-assurance-emprunteur,2,200,verbe_state_changing_en_GET,"Azure,Azure Front Door,Google Hosted Libraries,HSTS,jQuery"
www.oney.fr,https://www.oney.fr/guide-pratique-au-quotidien/a-vos-cotes/solutions/pret-personnel-credit-renouvelable-differences,2,200,verbe_state_changing_en_GET,"Azure,Azure Front Door,Google Hosted Libraries,HSTS,jQuery"
www.oney.fr,https://www.oney.fr/guide-pratique-au-quotidien/a-vos-cotes/solutions/credit-auto-coemprunteur,2,200,verbe_state_changing_en_GET,"Azure,Azure Front Door,Google Hosted Libraries,HSTS,jQuery"
www.oney.fr,https://www.oney.fr/guide-pratique-au-quotidien/a-vos-cotes/solutions/pourquoi-credit-refuse,2,200,verbe_state_changing_en_GET,"Azure,Azure Front Door,Google Hosted Libraries,HSTS,jQuery"
www.oney.fr,https://www.oney.fr/guide-pratique-au-quotidien/conseils/piloter-budget/tout-savoir-credit-renouvelable,2,200,verbe_state_changing_en_GET,"Azure,Azure Front Door,Google Hosted Libraries,HSTS,jQuery"
www.oney.fr,https://www.oney.fr/guide-pratique-au-quotidien/a-vos-cotes/solutions/options-credits-renovation,2,200,verbe_state_changing_en_GET,"Azure,Azure Front Door,HSTS"
www.oney.fr,https://www.oney.fr/guide-pratique-au-quotidien/a-vos-cotes/solutions/microcredit-vehicule-propre,2,200,verbe_state_changing_en_GET,"Azure,Azure Front Door,Google Hosted Libraries,HSTS,jQuery"
www.oney.fr,https://www.oney.fr/guide-pratique-au-quotidien/a-vos-cotes/solutions/meilleure-offre-credit-consommation,2,200,verbe_state_changing_en_GET,"Azure,Azure Front Door,Google Hosted Libraries,HSTS,jQuery"
www.oney.fr,https://www.oney.fr/guide-pratique-au-quotidien/a-vos-cotes/solutions/fonctionnalites-credit-renouvelable,2,200,verbe_state_changing_en_GET,"Azure,Azure Front Door,Google Hosted Libraries,HSTS,jQuery"
www.oney.fr,https://www.oney.fr/guide-pratique-au-quotidien/a-vos-cotes/solutions/dossier-credit-consommation,2,200,verbe_state_changing_en_GET,"Azure,Azure Front Door,Google Hosted Libraries,HSTS,jQuery"
www.oney.fr,https://www.oney.fr/guide-pratique-au-quotidien/a-vos-cotes/solutions/cumuler-plusieurs-credits-consommation,2,200,verbe_state_changing_en_GET,"Azure,Azure Front Door,Google Hosted Libraries,HSTS,jQuery"
www.oney.fr,https://www.oney.fr/guide-pratique-au-quotidien/a-vos-cotes/solutions/credit-senior-70ans,2,200,verbe_state_changing_en_GET,"Azure,Azure Front Door,HSTS"
www.oney.fr,https://www.oney.fr/guide-pratique-au-quotidien/a-vos-cotes/solutions/credit-voiture-neuve,2,200,verbe_state_changing_en_GET,"Azure,Azure Front Door,Google Hosted Libraries,HSTS,jQuery"
www.oney.fr,https://www.oney.fr/guide-pratique-au-quotidien/a-vos-cotes/solutions/credit-sans-justificatif-projet,2,200,verbe_state_changing_en_GET,"Azure,Azure Front Door,Google Hosted Libraries,HSTS,jQuery"
www.oney.fr,https://www.oney.fr/guide-pratique-au-quotidien/a-vos-cotes/solutions/credit-tresorerie,2,200,verbe_state_changing_en_GET,"Azure,Azure Front Door,Google Hosted Libraries,HSTS,jQuery"
www.oney.fr,https://www.oney.fr/faq/categorie/credit-renouvelable/mensualites,2,200,verbe_state_changing_en_GET,"Azure,Azure Front Door,HSTS"
www.oney.fr,https://www.oney.fr/faq/categorie/credit-renouvelable/suivi-de-dossier,2,200,verbe_state_changing_en_GET,"Azure,Azure Front Door,HSTS"
www.oney.fr,https://www.oney.fr/faq/categorie/credit-renouvelable/souscription,2,200,verbe_state_changing_en_GET,"Azure,Azure Front Door,HSTS"
www.oney.fr,https://www.oney.fr/faq/categorie/credit-renouvelable,2,200,verbe_state_changing_en_GET,"Azure,Azure Front Door,HSTS"
www.oney.fr,https://www.oney.fr/credit/regroupement-credit,2,200,verbe_state_changing_en_GET,"Azure,Azure Front Door,Cloudflare,Google Hosted Libraries,HSTS,cdnjs,jQuery"
www.oney.fr,https://www.oney.fr/credits/pret-personnel-1,2,200,verbe_state_changing_en_GET,"Azure,Azure Front Door,Google Hosted Libraries,HSTS,jQuery"
www.oney.fr,https://www.oney.fr/guide-pratique-au-quotidien/conseils/piloter-budget/taux-revisable-credit-renouvelable,2,200,verbe_state_changing_en_GET,"Azure,Azure Front Door,Google Hosted Libraries,HSTS,YouTube,jQuery"
www.oney.fr,https://www.oney.fr/guide-pratique-au-quotidien/a-vos-cotes/solutions/etapes-rachat-credits,2,200,verbe_state_changing_en_GET,"Azure,Azure Front Door,Google Hosted Libraries,HSTS,jQuery"
www.oney.fr,https://www.oney.fr/guide-pratique-au-quotidien/a-vos-cotes/solutions/differences-credit-renouvelable-et-amortissable,2,200,verbe_state_changing_en_GET,"Azure,Azure Front Door,Google Hosted Libraries,HSTS,jQuery"
www.oney.fr,https://www.oney.fr/guide-pratique-au-quotidien/a-vos-cotes/solutions/credit-mobilier-ameublement,2,200,verbe_state_changing_en_GET,"Azure,Azure Front Door,Google Hosted Libraries,HSTS,jQuery"
www.oney.fr,https://www.oney.fr/guide-pratique-au-quotidien/a-vos-cotes/solutions/credit-jeune,2,200,verbe_state_changing_en_GET,"Azure,Azure Front Door,Google Hosted Libraries,HSTS,jQuery"
www.oney.fr,https://www.oney.fr/guide-pratique-au-quotidien/a-vos-cotes/solutions/credit-moto,2,200,verbe_state_changing_en_GET,"Azure,Azure Front Door,Google Hosted Libraries,HSTS,jQuery"
www.oney.fr,https://www.oney.fr/guide-pratique-au-quotidien/a-vos-cotes/solutions/credit-renouvelable-partenaires-Oney,2,200,verbe_state_changing_en_GET,"Azure,Azure Front Door,HSTS"
www.oney.fr,https://www.oney.fr/guide-pratique-au-quotidien/a-vos-cotes/solutions/credit-interdit-bancaire,2,200,verbe_state_changing_en_GET,"Azure,Azure Front Door,Google Hosted Libraries,HSTS,jQuery"
www.oney.fr,https://www.oney.fr/guide-pratique-au-quotidien/a-vos-cotes/solutions/credit-consommation,2,200,verbe_state_changing_en_GET,"Azure,Azure Front Door,Google Hosted Libraries,HSTS,jQuery"
www.oney.fr,https://www.oney.fr/guide-pratique-au-quotidien/a-vos-cotes/solutions/credit-formation,2,200,verbe_state_changing_en_GET,"Azure,Azure Front Door,Google Hosted Libraries,HSTS,jQuery"
www.oney.fr,https://www.oney.fr/guide-pratique-au-quotidien/a-vos-cotes/solutions/credit-coemprunteur,2,200,verbe_state_changing_en_GET,"Azure,Azure Front Door,Google Hosted Libraries,HSTS,jQuery"
www.oney.fr,https://www.oney.fr/guide-pratique-au-quotidien/a-vos-cotes/solutions/credit-camping-car,2,200,verbe_state_changing_en_GET,"Azure,Azure Front Door,Google Hosted Libraries,HSTS,jQuery"
www.oney.fr,https://www.oney.fr/guide-pratique-au-quotidien/conseils/innovations-tendances/outils-IA-optimiser-demande-credit-personnel,2,200,verbe_state_changing_en_GET,"Azure,Azure Front Door,HSTS"
www.oney.fr,https://www.oney.fr/guide-pratique-au-quotidien/a-vos-cotes/solutions/realiser-simulation-credit-consommation,2,200,verbe_state_changing_en_GET,"Azure,Azure Front Door,Google Hosted Libraries,HSTS,jQuery"
www.oney.fr,https://www.oney.fr/guide-pratique-au-quotidien/conseils/piloter-budget/que-regarder-dans-un-credit,2,200,verbe_state_changing_en_GET,"Azure,Azure Front Door,HSTS"
www.oney.fr,https://www.oney.fr/guide-pratique-au-quotidien/a-vos-cotes/solutions/renegociation-pret-rachat-credit,2,200,verbe_state_changing_en_GET,"Azure,Azure Front Door,Google Hosted Libraries,HSTS,jQuery"
www.oney.fr,https://www.oney.fr/guide-pratique-au-quotidien/a-vos-cotes/solutions/assurance-emprunteur-credit-renouvelable,2,200,verbe_state_changing_en_GET,"Azure,Azure Front Door,Google Hosted Libraries,HSTS,jQuery"
www.oney.fr,https://www.oney.fr/guide-pratique-au-quotidien/a-vos-cotes/solutions/credit-a-deux-puis-separation,2,200,verbe_state_changing_en_GET,"Azure,Azure Front Door,Google Hosted Libraries,HSTS,jQuery"
www.oney.fr,https://www.oney.fr/guide-pratique-au-quotidien/a-vos-cotes/solutions/credit-2000-euros,2,200,verbe_state_changing_en_GET,"Azure,Azure Front Door,Google Hosted Libraries,HSTS,jQuery"
www.oney.fr,https://www.oney.fr/guide-pratique-au-quotidien/a-vos-cotes/solutions/credit-5000-euros,2,200,verbe_state_changing_en_GET,"Azure,Azure Front Door,Google Hosted Libraries,HSTS,jQuery"
www.oney.fr,https://www.oney.fr/guide-pratique-au-quotidien/a-vos-cotes/solutions/credit-3000-euros,2,200,verbe_state_changing_en_GET,"Azure,Azure Front Door,Google Hosted Libraries,HSTS,jQuery"
www.oney.fr,https://www.oney.fr/credit/avance-argent,2,200,verbe_state_changing_en_GET,"Azure,Azure Front Door,Cloudflare,Google Hosted Libraries,HSTS,OWL Carousel,cdnjs,jQuery"
www.oney.fr,https://www.oney.fr/guide/guide-credit/financer-velo-electrique,2,200,verbe_state_changing_en_GET,"Azure,Azure Front Door,Google Hosted Libraries,HSTS,jQuery"
www.oney.fr,https://www.oney.fr/guide/guide-credit/emprunter-seul-marie,2,200,verbe_state_changing_en_GET,"Azure,Azure Front Door,Google Hosted Libraries,HSTS,jQuery"
www.oney.fr,https://www.oney.fr/guide/guide-credit/credit-sans-justificatif-projet,2,200,verbe_state_changing_en_GET,"Azure,Azure Front Door,Google Hosted Libraries,HSTS,jQuery"
www.oney.fr,https://www.oney.fr/guide/guide-credit/credit-moto,2,200,verbe_state_changing_en_GET,"Azure,Azure Front Door,Google Hosted Libraries,HSTS,jQuery"
www.oney.fr,https://www.oney.fr/faq/categorie/assurances/assurance-emprunteur-de-votre-credit-renouvelable,2,200,verbe_state_changing_en_GET,"Azure,Azure Front Door,HSTS"
www.oney.fr,https://www.oney.fr/credit/solutions-fin-mois,2,200,verbe_state_changing_en_GET,"Azure,Azure Front Door,Google Hosted Libraries,HSTS,jQuery"
www.oney.fr,https://www.oney.fr/credits/pret-personnel-0,2,200,verbe_state_changing_en_GET,"Azure,Azure Front Door,HSTS"
www.oney.fr,https://www.oney.fr/credit-renouvelable,2,200,verbe_state_changing_en_GET,"Azure,Azure Front Door,Cloudflare,Google Hosted Libraries,HSTS,OWL Carousel,cdnjs,jQuery"
www.oney.fr,https://www.oney.fr/guide-pratique-au-quotidien/conseils/innovations-tendances/avenir-credit-consommation-usage-IA,2,200,verbe_state_changing_en_GET,"Azure,Azure Front Door,HSTS"
www.oney.fr,https://www.oney.fr/guide-pratique-au-quotidien/a-vos-cotes/solutions/caracteristiques-credit-renouvelable,2,200,verbe_state_changing_en_GET,"Azure,Azure Front Door,Google Hosted Libraries,HSTS,jQuery"
www.oney.fr,https://www.oney.fr/guide-pratique-au-quotidien/a-vos-cotes/solutions/credit-en-invalidite,2,200,verbe_state_changing_en_GET,"Azure,Azure Front Door,Google Hosted Libraries,HSTS,jQuery"
www.oney.fr,https://www.oney.fr/guide-pratique-au-quotidien/a-vos-cotes/solutions/credit-mobil-home,2,200,verbe_state_changing_en_GET,"Azure,Azure Front Door,Google Hosted Libraries,HSTS,jQuery"
www.oney.fr,https://www.oney.fr/guide-pratique-au-quotidien/a-vos-cotes/solutions/credit-sans-emploi,2,200,verbe_state_changing_en_GET,"Azure,Azure Front Door,Google Hosted Libraries,HSTS,jQuery"
www.oney.fr,https://www.oney.fr/guide-pratique-au-quotidien/a-vos-cotes/solutions/credit-sans-justificatif-nature-projet,2,200,verbe_state_changing_en_GET,"Azure,Azure Front Door,Google Hosted Libraries,HSTS,jQuery"
www.oney.fr,https://www.oney.fr/guide-pratique-au-quotidien/a-vos-cotes/solutions/demander-credit-ligne,2,200,verbe_state_changing_en_GET,"Azure,Azure Front Door,Google Hosted Libraries,HSTS,jQuery"
www.oney.fr,https://www.oney.fr/guide-pratique-au-quotidien/a-vos-cotes/solutions/credit-scooter,2,200,verbe_state_changing_en_GET,"Azure,Azure Front Door,Google Hosted Libraries,HSTS,jQuery"
www.oney.fr,https://www.oney.fr/guide-pratique-au-quotidien/a-vos-cotes/solutions/eligibilite-au-rachat-de-credits,2,200,verbe_state_changing_en_GET,"Azure,Azure Front Door,Google Hosted Libraries,HSTS,jQuery"
www.oney.fr,https://www.oney.fr/guide/guide-budget/glossaire/mensualite-credit,2,200,verbe_state_changing_en_GET,"Azure,Azure Front Door,HSTS"
www.oney.fr,https://www.oney.fr/guide/guide-credit/type-de-credit-pour-financer-mon-projet,2,200,verbe_state_changing_en_GET,"Azure,Azure Front Door,Google Hosted Libraries,HSTS,jQuery"
www.oney.fr,https://www.oney.fr/guide-pratique-au-quotidien/mieux-consommer/renovation-energetique/credit-renovation-sur-mesure,2,200,verbe_state_changing_en_GET,"Azure,Azure Front Door,Google Hosted Libraries,HSTS,jQuery"
www.payplug.com,https://www.payplug.com/wp-content/uploads/*,2,429,verbe_state_changing_en_GET,"Cloudflare,HSTS"
www.payplug.com,https://www.payplug.com/blog/food-service-the-backdrop-for-accelerated-digitalisation,2,200,verbe_state_changing_en_GET,"AddToAny,Bootstrap,Cloudflare,EWWW Image Optimizer,Google PageSpeed:1.13.35.2,Google Tag Manager,Gravatar,HSTS,HubSpot,MySQL,PHP,Popper:2,Redux Framework:4.4.5,Site Kit:1.183.0,Tippy.js:6,Unpkg,WordPress,jQuery"
www.payplug.com,https://www.payplug.com/blog/tourism-a-summer-saved-by-the-young,2,200,verbe_state_changing_en_GET,"AddToAny,Bootstrap,Cloudflare,EWWW Image Optimizer,Google PageSpeed:1.13.35.2,Google Tag Manager,Gravatar,HSTS,HubSpot,MySQL,PHP,Popper:2,Redux Framework:4.4.5,Site Kit:1.183.0,Tippy.js:6,Unpkg,WordPress,jQuery"
www.payplug.com,https://www.payplug.com/wp-content/themes/payplug/assets/js/libs/window.innerWidth/window.document.do,2,429,verbe_state_changing_en_GET,"Cloudflare,HSTS"
www.payplug.com,https://www.payplug.com/wp-content/themes/payplug/assets/js/libs/video,2,429,verbe_state_changing_en_GET,"Cloudflare,HSTS"
www-ppr.creditfoncier.fr,https://www-ppr.creditfoncier.fr/publication-du-rapport-pilier-iii-2022-du-credit-foncier,2,200,verbe_state_changing_en_GET,"Bootstrap,MySQL,OWL Carousel,PHP,WordPress,Yoast SEO:26.8,jQuery"
www-ppr.creditfoncier.fr,https://www-ppr.creditfoncier.fr/faire-son-alternance-au-credit-foncier,2,200,verbe_state_changing_en_GET,"Bootstrap,MySQL,OWL Carousel,PHP,WordPress,Yoast SEO:26.8,YouTube,jQuery"
www-ppr.creditfoncier.fr,https://www-ppr.creditfoncier.fr/publication-du-rapport-pilier-iii-2023-du-credit-foncier,2,200,verbe_state_changing_en_GET,"Bootstrap,MySQL,OWL Carousel,PHP,WordPress,Yoast SEO:26.8,jQuery"
www-ppr.creditfoncier.fr,https://www-ppr.creditfoncier.fr/actualisation-du-rapport-pilier-iii-2022-du-credit-foncier,2,200,verbe_state_changing_en_GET,"Bootstrap,MySQL,OWL Carousel,PHP,WordPress,Yoast SEO:26.8,jQuery"
www-ppr.creditfoncier.fr,https://www-ppr.creditfoncier.fr/la-mobilite-au-credit-foncier-temoignage-de-mickael-oliveira,2,200,verbe_state_changing_en_GET,"Bootstrap,MySQL,OWL Carousel,PHP,WordPress,Yoast SEO:26.8,YouTube,jQuery"
www-ppr.creditfoncier.fr,https://www-ppr.creditfoncier.fr/actualisation-du-rapport-pilier-iii-2023-du-credit-foncier,2,200,verbe_state_changing_en_GET,"Bootstrap,MySQL,OWL Carousel,PHP,WordPress,Yoast SEO:26.8,jQuery"
www-ppr.creditfoncier.fr,https://www-ppr.creditfoncier.fr/chat-zone-gladys-responsable-de-projets-organisation-au-credit-foncier,2,200,verbe_state_changing_en_GET,"Bootstrap,MySQL,OWL Carousel,PHP,WordPress,Yoast SEO:26.8,YouTube,jQuery"
www-ppr.creditfoncier.fr,https://www-ppr.creditfoncier.fr/le-credit-foncier-au-sein-du-groupe-bpce,2,200,verbe_state_changing_en_GET,"Bootstrap,MySQL,OWL Carousel,PHP,WordPress,Yoast SEO:26.8,jQuery"
www.pramex.com,https://www.pramex.com/implantation-etats-unis/pramex-international-conseille-addev-materials-pour-sa-troisieme-acquisition-aux-etats-unis,2,200,verbe_state_changing_en_GET,"Apache HTTP Server,Google Tag Manager,Gravity Forms,HSTS,MySQL,PHP,WP Rocket,WordPress,Yoast SEO:27.1.1"
www.pramex.com,https://www.pramex.com/portugal/pramex-international-et-finance-setting-conseillent-alliando-dans-lacquisition-de-la-societe-portugaise-bio2,2,200,verbe_state_changing_en_GET,"Apache HTTP Server,Google Tag Manager,Gravity Forms,HSTS,MySQL,PHP,WP Rocket,WordPress,Yoast SEO:27.1.1"
www.pramex.com,https://www.pramex.com/implantation-etats-unis/pramex-international-conseille-addev-materials-dans-lacquisition-de-la-societe-atl-corp-aux-etats-unis,2,200,verbe_state_changing_en_GET,"Apache HTTP Server,Google Tag Manager,Gravity Forms,HSTS,MySQL,PHP,WP Rocket,WordPress,Yoast SEO:27.1.1"
www.seventure.fr,https://www.seventure.fr/en/citryll-strengthens-intellectual-property-portfolio-with-grant-of-european-composition-of-matter-patent-for-cit-013,2,200,verbe_state_changing_en_GET,"Apache HTTP Server,MySQL,PHP,WPML:4.9.5,WordPress,Yoast SEO:28.1,jQuery,jQuery UI"
www.seventure.fr,https://www.seventure.fr/en/enterome-phase-2-data-show-eo2463-induced-cd8-t-cell-expansion-correlates-with-progression-free-survival-in-patients-with-indolent-non-hodgkin-lymphoma-in-the-watch-and-wait-setting,2,200,verbe_state_changing_en_GET,"Apache HTTP Server,MySQL,PHP,WPML:4.9.5,WordPress,Yoast SEO:28.1,jQuery,jQuery UI"
www.seventure.fr,https://www.seventure.fr/category/digital/editeurs-logiciel-saas,2,200,verbe_state_changing_en_GET,"Apache HTTP Server,MySQL,PHP,WPML:4.9.5,WordPress,Yoast SEO:28.1,jQuery,jQuery UI"
www.vega-is.com,https://www.vega-is.com/actualites/avis-financiers/avis-aux-porteurs-du-fonds-vega-euro-credit-2026,2,200,verbe_state_changing_en_GET,"Cloudflare,Drupal,Google Tag Manager,HSTS,PHP,hCaptcha,jQuery,jQuery CDN"
www.vega-is.com,https://www.vega-is.com/actualites/avis-financiers/avis-aux-porteurs-du-fcp-vega-euro-credit-2028,2,200,verbe_state_changing_en_GET,"Cloudflare,Drupal,Google Tag Manager,HSTS,PHP,hCaptcha,jQuery,jQuery CDN"
www.vega-is.com,https://www.vega-is.com/actualites/avis-financiers/vega-euro-credit-2026-modification-concernant-la-presentation-des-frais,2,200,verbe_state_changing_en_GET,"Cloudflare,Drupal,Google Tag Manager,HSTS,PHP,hCaptcha,jQuery,jQuery CDN"
www.vega-is.com,https://www.vega-is.com/actualites/avis-financiers/avis-aux-porteurs-de-vega-euro-credit-2028,2,200,verbe_state_changing_en_GET,"Cloudflare,Drupal,Google Tag Manager,HSTS,PHP,hCaptcha,jQuery,jQuery CDN"
autodiscover.pramex.com,https://autodiscover.pramex.com/owa,1,200,fingerprint_produit(+1),"IIS:10.0,Microsoft ASP.NET:4.0.30319,Outlook Web App:15.2.1748,Windows Server"
autodiscover.pramex.com,https://autodiscover.pramex.com/,1,200,fingerprint_produit(+1),"IIS:10.0,Microsoft ASP.NET:4.0.30319,Outlook Web App:15.2.1748,Windows Server"
bully.dev4-audace.fr,https://bully.dev4-audace.fr/ville-solidaire/ccas,1,200,fingerprint_produit(+1),"Apache HTTP Server,Elementor:4.2.0,Font Awesome,Moment.js,MySQL,PHP,SVG Support,Swiper,Underscore.js:1.13.8,WooCommerce,WordPress:7.0.2,jQuery,jQuery UI"
bully.dev4-audace.fr,https://bully.dev4-audace.fr/kiosques/publiact-actes-administratifs-ville-ccas,1,200,fingerprint_produit(+1),"Apache HTTP Server,Elementor:4.2.0,Font Awesome,Moment.js,MySQL,PHP,SVG Support,Underscore.js:1.13.8,WooCommerce,WordPress:7.0.2,jQuery,jQuery UI"
business.bcimr.dj,https://business.bcimr.dj/CIB/dist/Afterlogin,1,500,flux_auth | statut_500(x0.25),"Cloudflare,HSTS,HTTP/3"
business.bcimr.dj,https://business.bcimr.dj/CIB/dist/Afterlogin/TradeFinance,1,500,flux_auth | statut_500(x0.25),"Cloudflare,HSTS,HTTP/3"
business.bcimr.dj,https://business.bcimr.dj/CIB/dist/Afterlogin/Authorization,1,500,flux_auth | statut_500(x0.25),"Cloudflare,HSTS,HTTP/3"
business.bcimr.dj,https://business.bcimr.dj/CIB/(S(uutoqxqtmalgeorboflrpxhk))/bundles/debug,1,500,surface_exposee(+5) | statut_500(x0.25),"Cloudflare,HSTS,HTTP/3"
business.bcimr.dj,https://business.bcimr.dj/CIB/dist/SchedulePayments,1,500,mouvement_argent | statut_500(x0.25),"Cloudflare,HSTS,HTTP/3"
business.bcimr.dj,https://business.bcimr.dj/CIB/dist/Transfer,1,500,mouvement_argent | statut_500(x0.25),"Cloudflare,HSTS,HTTP/3"
business.bcimr.dj,https://business.bcimr.dj/CIB/dist/Afterlogin/TradeFinance/BankGuarantee,1,500,flux_auth | statut_500(x0.25),"Cloudflare,HSTS,HTTP/3"
business.bcimr.dj,https://business.bcimr.dj/CIB/dist/Afterlogin/TradeFinance/ShortTermLoanTrustReceipt,1,500,flux_auth | statut_500(x0.25),"Cloudflare,HSTS,HTTP/3"
business.bcimr.dj,https://business.bcimr.dj/CIB/dist/Afterlogin/Home,1,500,flux_auth | statut_500(x0.25),"Cloudflare,HSTS,HTTP/3"
business.bcimr.dj,https://business.bcimr.dj/CIB/dist/Transfer/GetBankBranchforLocal?IsSameBank=Y,1,500,mouvement_argent | statut_500(x0.25),"Cloudflare,HSTS,HTTP/3"
business.bcimr.dj,https://business.bcimr.dj/CIB/dist/Authorization,1,500,flux_auth | statut_500(x0.25),"Cloudflare,HSTS,HTTP/3"
business.bcimr.dj,https://business.bcimr.dj/CIB/dist/Afterlogin/UserRoleAdministration,1,500,flux_auth | statut_500(x0.25),"Cloudflare,HSTS,HTTP/3"
business.bcimr.dj,https://business.bcimr.dj/CIB/dist/BillPayment,1,500,mouvement_argent | statut_500(x0.25),"Cloudflare,HSTS,HTTP/3"
business.bcimr.dj,https://business.bcimr.dj/CIB/dist/ChangePassword,1,500,flux_auth | statut_500(x0.25),"Cloudflare,HSTS,HTTP/3"
business.bcimr.dj,https://business.bcimr.dj/CIB/dist/Afterlogin/OpenFixedDepositAccount,1,500,flux_auth | statut_500(x0.25),"Cloudflare,HSTS,HTTP/3"
business.bcimr.dj,https://business.bcimr.dj/CIB/dist/Afterlogin/NotificationList,1,500,flux_auth | statut_500(x0.25),"Cloudflare,HSTS,HTTP/3"
ebanking.bic-bred.com,https://ebanking.bic-bred.com/manifest.json,1,200,fingerprint_produit(+1),"Apache Tomcat,HSTS,Java"
mail.pramex.com,https://mail.pramex.com/,1,200,fingerprint_produit(+1),"IIS:10.0,Microsoft ASP.NET:4.0.30319,Outlook Web App:15.2.1748,Windows Server"
mail.pramex.com,https://mail.pramex.com/owa,1,200,fingerprint_produit(+1),"IIS:10.0,Microsoft ASP.NET:4.0.30319,Outlook Web App:15.2.1748,Windows Server"
server10natixis.audace.fr,https://server10natixis.audace.fr/register,1,500,flux_auth | statut_500(x0.25),Apache HTTP Server
sgincendie.audace.fr,https://sgincendie.audace.fr/register,1,500,flux_auth | statut_500(x0.25),Apache HTTP Server
support.payplug.com,https://support.payplug.com/hc/fr/articles/360021389911-Que-faire-en-cas-de-problème-avec-le-module-PrestaShop,1,200,fingerprint_produit(+1),"Cloudflare,Cloudflare Bot Management,Envoy,Google Tag Manager,HSTS,Zendesk,jQuery,jQuery CDN"
www.banking-gefa-bank.de,https://www.banking-gefa-bank.de/tagesgeld-privatkunde.html?s_id=1477257938X62166C439107620T,1,200,id_non_derive_session(+1) | hors_cible_de_lancement:vega-is.com,"Adobe Dynamic Media Classic,Dynatrace,Dynatrace RUM,HSTS"
www.banking-gefa-bank.de,https://www.banking-gefa-bank.de/tagesgeld-privatkunde.html?s_id=1562167046X62166C439107620T,1,200,id_non_derive_session(+1) | hors_cible_de_lancement:vega-is.com,"Adobe Dynamic Media Classic,Dynatrace,Dynatrace RUM,HSTS"
www.bci.nc,https://www.bci.nc//produits-services/bci-pratique/urgences,1,200,fingerprint_produit(+1),"Bootstrap,HSTS,Joomla,Nginx,PHP,jQuery"
www.bci.nc,https://www.bci.nc/produits-services/bci-pratique/urgences,1,200,fingerprint_produit(+1),"Bootstrap,HSTS,Joomla,Nginx,PHP,jQuery"
www.bred.vu,https://www.bred.vu/foreign-exchange-rates,1,200,fingerprint_produit(+1),"Chart.js,Cloudflare,Cloudflare Bot Management,Google Analytics,Google Tag Manager,HSTS,HTTP/3,Kinsta,Lightbox,MySQL,PHP,Underscore.js:1.13.8,WordPress:7.0.2,Yoast SEO:28.1,jQuery"
www.bred.vu,https://www.bred.vu/personal-banking/foreign-exchange,1,200,fingerprint_produit(+1),"Chart.js,Cloudflare,Cloudflare Bot Management,Google Analytics,Google Tag Manager,HSTS,HTTP/3,Kinsta,Lightbox,MySQL,PHP,Underscore.js:1.13.8,WordPress:7.0.2,Yoast SEO:28.1,jQuery"
www.bred.vu,https://www.bred.vu/?p=105,1,200,fingerprint_produit(+1),"Chart.js,Cloudflare,Cloudflare Bot Management,Google Analytics,Google Tag Manager,HSTS,HTTP/3,Kinsta,Lightbox,MySQL,PHP,Underscore.js:1.13.8,WordPress:7.0.2,Yoast SEO:28.1,jQuery"
www.bred.vu,https://www.bred.vu/foreign-exchange-rates-calculator,1,200,fingerprint_produit(+1),"Chart.js,Cloudflare,Cloudflare Bot Management,Google Analytics,Google Tag Manager,HSTS,HTTP/3,Kinsta,Lightbox,MySQL,PHP,Underscore.js:1.13.8,WordPress:7.0.2,Yoast SEO:28.1,jQuery"
www.bred.vu,https://www.bred.vu/?p=277,1,200,fingerprint_produit(+1),"Chart.js,Cloudflare,Cloudflare Bot Management,Google Analytics,Google Tag Manager,HSTS,HTTP/3,Kinsta,Lightbox,MySQL,PHP,Underscore.js:1.13.8,WordPress:7.0.2,Yoast SEO:28.1,jQuery"
www.creditfoncier.fr,https://www.creditfoncier.fr/?p=87003,1,200,fingerprint_produit(+1),"Bootstrap,MySQL,OWL Carousel,PHP,WordPress,Yoast SEO:26.8,jQuery"
www.creditfoncier.fr,https://www.creditfoncier.fr/reclamation,1,200,fingerprint_produit(+1),"Bootstrap,MySQL,OWL Carousel,PHP,WordPress,Yoast SEO:26.8,jQuery"
www.csebpce.com,https://www.csebpce.com/index.php?action=styles&id=a79776b6c38040981c00865f451f2b02,1,200,id_non_derive_session(+1) | hors_cible_de_lancement:vega-is.com,"Apache HTTP Server,HSTS"
www.csebpce.com,https://www.csebpce.com/index.php?action=styles&id=e70a9e7ab64a41c9b701ed480abc3432,1,200,id_non_derive_session(+1) | hors_cible_de_lancement:vega-is.com,"Apache HTTP Server,HSTS"
www.csebpce.com,https://www.csebpce.com/index.php?action=scripts&id=67467496f82f6d755cbae207a100fdf8,1,200,id_non_derive_session(+1) | hors_cible_de_lancement:vega-is.com,"Apache HTTP Server,HSTS"
www.csebpce.com,https://www.csebpce.com/index.php?action=styles&admin=&id=19506a014eb154d38f635642a08e0c1b,1,200,id_non_derive_session(+1) | hors_cible_de_lancement:vega-is.com,"Apache HTTP Server,HSTS"
www.csebpce.com,https://www.csebpce.com/index.php?action=styles&id=1a2d2d6dee89561737c19d004e44d933,1,200,id_non_derive_session(+1) | hors_cible_de_lancement:vega-is.com,"Apache HTTP Server,HSTS"
www.csebpce.com,https://www.csebpce.com/index.php?action=scripts&id=85980e57f83d6fba57e6ed3a35b96d33,1,200,id_non_derive_session(+1) | hors_cible_de_lancement:vega-is.com,"Apache HTTP Server,HSTS"
www.csebpce.com,https://www.csebpce.com/index.php?action=styles&admin=&id=697896d811c69d16dffc6aebbc741381,1,200,id_non_derive_session(+1) | hors_cible_de_lancement:vega-is.com,"Apache HTTP Server,HSTS"
www.csebpce.com,https://www.csebpce.com/index.php?action=scripts&admin=&id=a6ab0848717b551a812d333573b5480c,1,200,id_non_derive_session(+1) | hors_cible_de_lancement:vega-is.com,"Apache HTTP Server,HSTS"
www.oney.fr,https://www.oney.fr/guide-pratique-au-quotidien/a-vos-cotes/solutions/conseils-interdiction-bancaire,1,200,fingerprint_produit(+1),"Azure,Azure Front Door,Google Hosted Libraries,HSTS,jQuery"
www-ppr.creditfoncier.fr,https://www-ppr.creditfoncier.fr/en-cas-de-reclamation,1,200,fingerprint_produit(+1),"Bootstrap,MySQL,OWL Carousel,PHP,WordPress,Yoast SEO:26.8,jQuery"
www.seventure.fr,https://www.seventure.fr/sport-bien-etre?cat=filter-cat-145,1,200,id_non_derive_session(+1) | hors_cible_de_lancement:vega-is.com,"Apache HTTP Server,MySQL,PHP,WPML:4.9.5,WordPress,Yoast SEO:28.1,jQuery,jQuery UI"
